DataHora,Satelite,Pais,Estado,Municipio,Bioma,DiaSemChuva,Precipitacao,RiscoFogo,FRP,Latitude,Longitude
2025/05/01 18:21:00,AQUA_M-T,Brasil,SÃO PAULO,DOIS CÓRREGOS,Mata Atlântica,3,0.0,0.58,25.2,-22.35207,-48.43425
2025/05/01 18:21:00,AQUA_M-T,Brasil,SÃO PAULO,SÃO PEDRO DO TURVO,Cerrado,3,0.0,0.13,6.6,-22.68513,-49.81606
2025/05/01 18:21:00,AQUA_M-T,Brasil,SÃO PAULO,ITAÍ,Cerrado,3,0.0,0.13,26.4,-23.6134,-49.01318
2025/05/01 18:21:00,AQUA_M-T,Brasil,SÃO PAULO,ITAÍ,Cerrado,3,0.0,0.03,31.4,-23.61139,-49.00135
2025/05/03 18:02:00,AQUA_M-T,Brasil,SÃO PAULO,ALUMÍNIO,Mata Atlântica,5,0.0,0.24,11.2,-23.50311,-47.29943
2025/05/03 18:02:00,AQUA_M-T,Brasil,SÃO PAULO,COLÔMBIA,Cerrado,5,0.0,0.97,4.8,-20.18813,-48.67087
2025/05/03 18:02:00,AQUA_M-T,Brasil,SÃO PAULO,GUAREÍ,Mata Atlântica,5,0.0,0.83,9.6,-23.40522,-48.29164
2025/05/03 18:02:00,AQUA_M-T,Brasil,SÃO PAULO,ALUMÍNIO,Mata Atlântica,5,0.0,0.62,5.0,-23.50451,-47.30902
2025/05/05 17:41:00,AQUA_M-T,Brasil,SÃO PAULO,SÃO PEDRO DO TURVO,Cerrado,4,0.0,0.9,23.1,-22.67367,-49.79693
2025/05/06 18:19:00,AQUA_M-T,Brasil,SÃO PAULO,LUCIANÓPOLIS,Cerrado,2,0.0,0.64,11.1,-22.46226,-49.54992
2025/05/06 18:19:00,AQUA_M-T,Brasil,SÃO PAULO,ITAÍ,Cerrado,3,1.09,0.06,8.8,-23.59689,-49.01298
2025/05/06 18:19:00,AQUA_M-T,Brasil,SÃO PAULO,BARRETOS,Mata Atlântica,8,0.0,0.97,10.6,-20.481,-48.751
2025/05/06 18:19:00,AQUA_M-T,Brasil,SÃO PAULO,ITAPEVA,Cerrado,0,0.11,0.07,5.1,-24.09629,-48.97048
2025/05/08 17:58:00,AQUA_M-T,Brasil,SÃO PAULO,ITAPEVA,Mata Atlântica,1,0.0,0.08,63.9,-24.11997,-48.71861
2025/05/08 17:58:00,AQUA_M-T,Brasil,SÃO PAULO,RIBEIRÃO BRANCO,Mata Atlântica,1,0.0,0.07,4.8,-24.12141,-48.7295
2025/05/08 18:00:00,AQUA_M-T,Brasil,SÃO PAULO,PROMISSÃO,Mata Atlântica,9,0.0,0.82,18.4,-21.44164,-49.7529
2025/05/08 18:00:00,AQUA_M-T,Brasil,SÃO PAULO,ITAÍ,Cerrado,0,0.0,0.26,14.2,-23.59697,-49.00506
2025/05/08 18:00:00,AQUA_M-T,Brasil,SÃO PAULO,SÃO JOAQUIM DA BARRA,Cerrado,10,0.0,1.0,6.4,-20.53011,-47.981
2025/05/08 18:00:00,AQUA_M-T,Brasil,SÃO PAULO,GUARATINGUETÁ,Mata Atlântica,10,0.0,1.0,9.7,-22.83794,-45.1886
2025/05/09 18:38:00,AQUA_M-T,Brasil,SÃO PAULO,ITAÍ,Cerrado,2,0.0,0.17,36.0,-23.60675,-49.00372
2025/05/13 17:56:00,AQUA_M-T,Brasil,SÃO PAULO,SÃO PAULO,Mata Atlântica,2,0.0,-999.0,4.3,-23.43336,-46.75312
2025/05/13 17:58:00,AQUA_M-T,Brasil,SÃO PAULO,TABAPUÃ,Mata Atlântica,4,0.0,0.88,22.8,-20.98114,-48.99731
2025/05/15 17:37:00,AQUA_M-T,Brasil,SÃO PAULO,MANDURI,Mata Atlântica,5,0.0,0.9,19.6,-23.08735,-49.28936
2025/05/15 17:39:00,AQUA_M-T,Brasil,SÃO PAULO,PALESTINA,Mata Atlântica,3,0.0,1.0,16.4,-20.26889,-49.36632
2025/05/15 17:39:00,AQUA_M-T,Brasil,SÃO PAULO,ORINDIÚVA,Mata Atlântica,3,0.0,0.9,58.7,-20.2662,-49.34139
2025/05/15 17:39:00,AQUA_M-T,Brasil,SÃO PAULO,ORINDIÚVA,Mata Atlântica,3,0.0,0.93,37.2,-20.2584,-49.33534
2025/05/15 17:39:00,AQUA_M-T,Brasil,SÃO PAULO,PALESTINA,Mata Atlântica,3,0.0,1.0,39.0,-20.26095,-49.36074
2025/05/16 18:17:00,AQUA_M-T,Brasil,SÃO PAULO,ORINDIÚVA,Mata Atlântica,4,0.0,1.0,18.3,-20.26183,-49.33646
2025/05/16 18:17:00,AQUA_M-T,Brasil,SÃO PAULO,POPULINA,Mata Atlântica,5,0.0,1.0,10.4,-19.94147,-50.5579
2025/05/16 18:17:00,AQUA_M-T,Brasil,SÃO PAULO,ORINDIÚVA,Mata Atlântica,4,0.0,0.98,28.2,-20.26343,-49.34662
2025/05/16 18:17:00,AQUA_M-T,Brasil,SÃO PAULO,SÃO JOSÉ DO RIO PRETO,Mata Atlântica,17,0.0,-999.0,12.8,-20.86212,-49.32749
2025/05/16 18:17:00,AQUA_M-T,Brasil,SÃO PAULO,ARARAQUARA,Cerrado,17,0.0,1.0,27.4,-21.90124,-48.14959
2025/05/16 18:17:00,AQUA_M-T,Brasil,SÃO PAULO,SÃO JOSÉ DO RIO PRETO,Mata Atlântica,17,0.0,1.0,16.5,-20.86054,-49.31732
2025/05/16 18:17:00,AQUA_M-T,Brasil,SÃO PAULO,ORINDIÚVA,Mata Atlântica,4,0.0,0.85,6.8,-20.25423,-49.34828
2025/05/16 18:17:00,AQUA_M-T,Brasil,SÃO PAULO,SÃO JOÃO DO PAU D'ALHO,Mata Atlântica,6,0.0,0.98,16.6,-21.25454,-51.64686
2025/05/16 18:17:00,AQUA_M-T,Brasil,SÃO PAULO,ARARAQUARA,Cerrado,18,0.0,1.0,29.0,-21.90306,-48.16067
2025/05/16 18:17:00,AQUA_M-T,Brasil,SÃO PAULO,SÃO JOSÉ DO RIO PRETO,Mata Atlântica,17,0.0,1.0,14.3,-20.8681,-49.32066
2025/05/18 17:56:00,AQUA_M-T,Brasil,SÃO PAULO,ARARAQUARA,Cerrado,20,0.0,1.0,14.5,-21.92216,-48.14498
2025/05/18 17:56:00,AQUA_M-T,Brasil,SÃO PAULO,ARARAQUARA,Cerrado,20,0.0,1.0,22.1,-21.92363,-48.15585
2025/05/18 17:56:00,AQUA_M-T,Brasil,SÃO PAULO,PIRACAIA,Mata Atlântica,7,0.0,0.16,9.5,-23.09689,-46.25056
2025/05/18 17:56:00,AQUA_M-T,Brasil,SÃO PAULO,ARARAQUARA,Cerrado,20,0.0,1.0,10.0,-21.91275,-48.14648
2025/05/18 17:56:00,AQUA_M-T,Brasil,SÃO PAULO,ARARAQUARA,Cerrado,20,0.0,1.0,72.1,-21.91422,-48.15741
2025/05/18 17:56:00,AQUA_M-T,Brasil,SÃO PAULO,ARAÇARIGUAMA,Mata Atlântica,7,0.0,0.99,4.6,-23.42523,-47.08994
2025/05/21 18:13:00,AQUA_M-T,Brasil,SÃO PAULO,ITAPEVA,Cerrado,11,0.0,0.47,6.5,-24.10491,-48.98378
2025/05/21 18:13:00,AQUA_M-T,Brasil,SÃO PAULO,SANTA BÁRBARA D'OESTE,Cerrado,11,0.0,1.0,22.1,-22.71305,-47.37566
2025/05/21 18:13:00,AQUA_M-T,Brasil,SÃO PAULO,NOVA CAMPINA,Cerrado,11,0.0,0.2,8.8,-24.10343,-48.974
2025/05/21 18:13:00,AQUA_M-T,Brasil,SÃO PAULO,HORTOLÂNDIA,Mata Atlântica,11,0.0,-999.0,27.5,-22.86806,-47.19324
2025/05/21 18:13:00,AQUA_M-T,Brasil,SÃO PAULO,TEJUPÁ,Mata Atlântica,11,0.0,0.9,5.4,-23.31972,-49.29108
2025/05/21 18:13:00,AQUA_M-T,Brasil,SÃO PAULO,PIRAPORA DO BOM JESUS,Mata Atlântica,10,0.1,0.27,6.6,-23.37128,-46.99863
2025/05/21 18:15:00,AQUA_M-T,Brasil,SÃO PAULO,PLANALTO,Mata Atlântica,11,0.0,1.0,12.5,-20.96019,-49.86627
2025/05/23 17:54:00,AQUA_M-T,Brasil,SÃO PAULO,VINHEDO,Mata Atlântica,12,0.05,0.94,7.8,-23.03044,-47.01661
2025/05/25 17:34:00,AQUA_M-T,Brasil,SÃO PAULO,JUNDIAÍ,Mata Atlântica,13,0.0,-999.0,18.8,-23.17002,-47.00897
2025/05/30 17:32:00,AQUA_M-T,Brasil,SÃO PAULO,RIBEIRÃO BRANCO,Mata Atlântica,0,0.0,0.08,47.2,-24.18536,-48.78165
2025/05/30 17:32:00,AQUA_M-T,Brasil,SÃO PAULO,RIBEIRÃO BRANCO,Mata Atlântica,0,0.0,0.08,49.4,-24.17707,-48.7786
2025/05/31 18:09:00,AQUA_M-T,Brasil,SÃO PAULO,SANTANA DE PARNAÍBA,Mata Atlântica,2,0.0,0.32,9.1,-23.41648,-46.9067
2025/05/31 18:09:00,AQUA_M-T,Brasil,SÃO PAULO,ITAPEVA,Cerrado,2,0.0,0.17,8.1,-24.09855,-48.97667
2025/05/31 18:09:00,AQUA_M-T,Brasil,SÃO PAULO,CAMPINAS,Mata Atlântica,2,0.0,-999.0,5.2,-22.93736,-47.14849
2025/05/31 18:11:00,AQUA_M-T,Brasil,SÃO PAULO,CORDEIRÓPOLIS,Mata Atlântica,2,0.0,0.83,5.3,-22.51148,-47.44451
2025/05/31 18:11:00,AQUA_M-T,Brasil,SÃO PAULO,MOGI MIRIM,Cerrado,2,0.0,1.0,12.1,-22.43399,-46.89322
2025/05/31 18:11:00,AQUA_M-T,Brasil,SÃO PAULO,CORDEIRÓPOLIS,Mata Atlântica,2,0.0,0.85,13.5,-22.50992,-47.43452
2025/06/02 17:49:00,AQUA_M-T,Brasil,SÃO PAULO,PORTO FELIZ,Mata Atlântica,4,0.0,1.0,10.0,-23.32598,-47.51987
2025/06/02 17:49:00,AQUA_M-T,Brasil,SÃO PAULO,PIEDADE,Mata Atlântica,4,0.0,0.97,9.9,-23.86417,-47.51522
2025/06/02 17:49:00,AQUA_M-T,Brasil,SÃO PAULO,SANTA RITA DO PASSA QUATRO,Mata Atlântica,4,0.0,1.0,6.6,-21.79014,-47.52565
2025/06/02 17:49:00,AQUA_M-T,Brasil,SÃO PAULO,TREMEMBÉ,Mata Atlântica,4,0.0,1.0,6.7,-22.97713,-45.51299
2025/06/02 17:49:00,AQUA_M-T,Brasil,SÃO PAULO,TREMEMBÉ,Mata Atlântica,4,0.0,1.0,5.2,-22.97853,-45.52338
2025/06/02 17:49:00,AQUA_M-T,Brasil,SÃO PAULO,NOVA ODESSA,Cerrado,4,0.0,1.0,15.3,-22.77084,-47.2276
2025/06/02 17:49:00,AQUA_M-T,Brasil,SÃO PAULO,HOLAMBRA,Cerrado,4,0.0,1.0,8.2,-22.62993,-47.07657
2025/06/02 17:49:00,AQUA_M-T,Brasil,SÃO PAULO,MOGI GUAÇU,Cerrado,4,0.0,1.0,5.9,-22.28737,-46.8645
2025/06/02 17:49:00,AQUA_M-T,Brasil,SÃO PAULO,ITAPEVA,Mata Atlântica,4,0.0,0.83,32.3,-24.07225,-48.71561
2025/06/02 17:49:00,AQUA_M-T,Brasil,SÃO PAULO,PORTO FELIZ,Mata Atlântica,4,0.0,1.0,12.2,-23.32762,-47.53327
2025/06/02 17:49:00,AQUA_M-T,Brasil,SÃO PAULO,MOGI GUAÇU,Cerrado,4,0.0,0.66,11.2,-22.12813,-47.05751
2025/06/02 17:49:00,AQUA_M-T,Brasil,SÃO PAULO,ITAPEVA,Mata Atlântica,4,0.0,0.72,7.8,-24.0741,-48.73239
2025/06/02 17:52:00,AQUA_M-T,Brasil,SÃO PAULO,CATANDUVA,Mata Atlântica,4,0.0,1.0,39.0,-21.10676,-48.94183
2025/06/10 18:06:00,AQUA_M-T,Brasil,SÃO PAULO,VOTUPORANGA,Cerrado,0,0.0,0.71,19.7,-20.45286,-50.00977
2025/06/12 17:47:00,AQUA_M-T,Brasil,SÃO PAULO,SEVERÍNIA,Mata Atlântica,3,0.0,0.83,11.1,-20.83282,-48.81804
2025/06/12 17:47:00,AQUA_M-T,Brasil,SÃO PAULO,CAJOBI,Mata Atlântica,3,0.0,0.45,29.6,-20.8408,-48.82215
2025/06/12 17:47:00,AQUA_M-T,Brasil,SÃO PAULO,SEVERÍNIA,Mata Atlântica,3,0.0,0.81,10.4,-20.84299,-48.84078
2025/06/13 18:24:00,AQUA_M-T,Brasil,SÃO PAULO,OURINHOS,Mata Atlântica,5,0.0,-999.0,8.6,-23.00924,-49.88509
2025/06/13 18:24:00,AQUA_M-T,Brasil,SÃO PAULO,ITU,Mata Atlântica,4,0.0,0.39,16.8,-23.36429,-47.2774
2025/06/13 18:24:00,AQUA_M-T,Brasil,SÃO PAULO,ITU,Mata Atlântica,4,0.0,0.45,26.8,-23.3668,-47.29179
2025/06/13 18:24:00,AQUA_M-T,Brasil,SÃO PAULO,OURINHOS,Mata Atlântica,5,0.0,0.55,4.4,-23.01092,-49.89555
2025/06/13 18:24:00,AQUA_M-T,Brasil,SÃO PAULO,ITU,Mata Atlântica,4,0.0,0.48,40.6,-23.36898,-47.28558
2025/06/18 18:21:00,AQUA_M-T,Brasil,SÃO PAULO,ASSIS,Cerrado,3,0.0,0.96,4.8,-22.54567,-50.38533
2025/06/18 18:21:00,AQUA_M-T,Brasil,SÃO PAULO,NOVA ODESSA,Cerrado,3,0.0,1.0,22.5,-22.77291,-47.2309
2025/06/18 18:21:00,AQUA_M-T,Brasil,SÃO PAULO,RIO DAS PEDRAS,Mata Atlântica,3,0.0,-999.0,166.7,-22.85829,-47.6069
2025/06/18 18:21:00,AQUA_M-T,Brasil,SÃO PAULO,LIMEIRA,Cerrado,3,0.0,1.0,201.4,-22.61322,-47.31762
2025/06/18 18:21:00,AQUA_M-T,Brasil,SÃO PAULO,LIMEIRA,Cerrado,3,0.0,1.0,17.4,-22.60055,-47.30613
2025/06/18 18:21:00,AQUA_M-T,Brasil,SÃO PAULO,RIO DAS PEDRAS,Mata Atlântica,3,0.0,1.0,32.0,-22.86839,-47.60493
2025/06/18 18:21:00,AQUA_M-T,Brasil,SÃO PAULO,RIO DAS PEDRAS,Mata Atlântica,3,0.0,1.0,8.1,-22.85612,-47.59403
2025/06/18 18:21:00,AQUA_M-T,Brasil,SÃO PAULO,SÃO PEDRO,Cerrado,3,0.0,1.0,7.5,-22.6487,-47.8299
2025/06/18 18:21:00,AQUA_M-T,Brasil,SÃO PAULO,ASSIS,Cerrado,3,0.0,0.78,6.4,-22.53676,-50.38692
2025/06/18 18:21:00,AQUA_M-T,Brasil,SÃO PAULO,LIMEIRA,Cerrado,3,0.0,1.0,82.4,-22.61089,-47.30407
2025/06/18 18:24:00,AQUA_M-T,Brasil,SÃO PAULO,PLANALTO,Mata Atlântica,3,0.0,1.0,14.0,-20.97958,-50.00269
2025/06/18 18:24:00,AQUA_M-T,Brasil,SÃO PAULO,BARRETOS,Cerrado,3,0.0,1.0,11.5,-20.51734,-48.67517
2025/06/20 18:02:00,AQUA_M-T,Brasil,SÃO PAULO,RIBEIRA,Mata Atlântica,5,0.0,0.13,13.6,-24.55739,-49.0647
2025/06/20 18:02:00,AQUA_M-T,Brasil,SÃO PAULO,NAZARÉ PAULISTA,Mata Atlântica,5,0.0,0.37,5.9,-23.20609,-46.39927
2025/06/20 18:02:00,AQUA_M-T,Brasil,SÃO PAULO,ITAQUAQUECETUBA,Mata Atlântica,5,0.0,-999.0,3.3,-23.46005,-46.3083
2025/06/20 18:02:00,AQUA_M-T,Brasil,SÃO PAULO,CAMPINAS,Mata Atlântica,5,0.0,1.0,8.1,-23.01709,-47.08195
2025/06/20 18:02:00,AQUA_M-T,Brasil,SÃO PAULO,BARRA DO CHAPÉU,Mata Atlântica,5,0.0,0.14,5.4,-24.50028,-49.016
2025/06/20 18:02:00,AQUA_M-T,Brasil,SÃO PAULO,SÃO JOÃO DA BOA VISTA,Cerrado,8,0.2,1.0,49.2,-21.98595,-46.82835
2025/06/23 18:21:00,AQUA_M-T,Brasil,SÃO PAULO,ITUVERAVA,Cerrado,8,1.37,1.0,9.5,-20.36237,-48.0137
2025/06/23 18:21:00,AQUA_M-T,Brasil,SÃO PAULO,ITUVERAVA,Cerrado,6,1.22,1.0,11.4,-20.35061,-48.00388
2025/06/23 18:21:00,AQUA_M-T,Brasil,SÃO PAULO,ITUVERAVA,Cerrado,6,1.28,1.0,109.9,-20.36042,-48.00194
2025/06/25 18:00:00,AQUA_M-T,Brasil,SÃO PAULO,ANHEMBI,Cerrado,0,0.0,0.5,8.4,-22.74179,-48.11972
2025/06/25 18:00:00,AQUA_M-T,Brasil,SÃO PAULO,MORRO AGUDO,Cerrado,0,0.0,0.77,6.8,-20.62144,-48.25656
2025/06/25 18:00:00,AQUA_M-T,Brasil,SÃO PAULO,JOANÓPOLIS,Mata Atlântica,0,0.0,0.24,5.0,-22.94517,-46.15264
2025/06/28 18:19:00,AQUA_M-T,Brasil,SÃO PAULO,AVARÉ,Cerrado,0,0.0,0.96,6.4,-22.98007,-48.97241
2025/06/28 18:19:00,AQUA_M-T,Brasil,SÃO PAULO,SÃO JOSÉ DOS CAMPOS,Mata Atlântica,1,0.0,1.0,26.1,-23.07498,-45.8168
2025/06/28 18:19:00,AQUA_M-T,Brasil,SÃO PAULO,SÃO JOSÉ DOS CAMPOS,Mata Atlântica,1,0.0,1.0,6.3,-23.07732,-45.83026
2025/06/30 17:56:00,AQUA_M-T,Brasil,SÃO PAULO,MONTEIRO LOBATO,Mata Atlântica,6,0.0,0.52,4.7,-22.93863,-45.69371
2025/06/30 17:56:00,AQUA_M-T,Brasil,SÃO PAULO,LORENA,Mata Atlântica,6,0.0,1.0,6.7,-22.86598,-44.92944
2025/06/30 17:56:00,AQUA_M-T,Brasil,SÃO PAULO,LORENA,Mata Atlântica,6,0.0,0.41,6.3,-22.73903,-45.1392
2025/06/30 17:58:00,AQUA_M-T,Brasil,SÃO PAULO,COLÔMBIA,Cerrado,6,0.0,1.0,20.6,-20.18956,-48.70113
2025/06/30 17:58:00,AQUA_M-T,Brasil,SÃO PAULO,COLÔMBIA,Cerrado,6,0.0,1.0,17.1,-20.19112,-48.7131
2025/06/30 17:58:00,AQUA_M-T,Brasil,SÃO PAULO,IGARAPAVA,Cerrado,6,0.0,1.0,5.3,-20.0786,-47.74639
2025/07/01 18:36:00,AQUA_M-T,Brasil,SÃO PAULO,CAMPINAS,Mata Atlântica,6,0.0,0.95,47.6,-22.81249,-47.15992
2025/07/01 18:36:00,AQUA_M-T,Brasil,SÃO PAULO,CAMPINAS,Mata Atlântica,7,0.0,-999.0,17.4,-22.80816,-47.13754
2025/07/02 17:37:00,AQUA_M-T,Brasil,SÃO PAULO,CAPIVARI,Mata Atlântica,5,0.0,0.55,42.9,-23.04091,-47.5287
2025/07/02 17:37:00,AQUA_M-T,Brasil,SÃO PAULO,RAFARD,Mata Atlântica,5,0.0,0.76,41.5,-23.03628,-47.53402
2025/07/03 18:17:00,AQUA_M-T,Brasil,SÃO PAULO,BOA ESPERANÇA DO SUL,Cerrado,9,0.0,0.95,4.4,-21.98741,-48.43584
2025/07/03 18:17:00,AQUA_M-T,Brasil,SÃO PAULO,PALMEIRA D'OESTE,Mata Atlântica,6,0.0,1.0,4.0,-20.40445,-50.78754
2025/07/03 18:17:00,AQUA_M-T,Brasil,SÃO PAULO,PALMEIRA D'OESTE,Mata Atlântica,6,0.0,1.0,16.7,-20.40579,-50.7971
2025/07/03 18:17:00,AQUA_M-T,Brasil,SÃO PAULO,BILAC,Mata Atlântica,8,0.0,0.97,6.4,-21.43419,-50.44521
2025/07/03 18:17:00,AQUA_M-T,Brasil,SÃO PAULO,PROMISSÃO,Mata Atlântica,6,0.0,0.99,5.2,-21.34365,-49.75193
2025/07/03 18:17:00,AQUA_M-T,Brasil,SÃO PAULO,BILAC,Mata Atlântica,8,0.0,0.97,6.0,-21.43554,-50.4548
2025/07/03 18:17:00,AQUA_M-T,Brasil,SÃO PAULO,BILAC,Mata Atlântica,8,0.0,0.97,7.4,-21.42665,-50.45625
2025/07/05 17:54:00,AQUA_M-T,Brasil,SÃO PAULO,ATIBAIA,Mata Atlântica,8,0.0,0.93,9.3,-23.14058,-46.61416
2025/07/05 17:56:00,AQUA_M-T,Brasil,SÃO PAULO,ITAPUÍ,Mata Atlântica,10,0.0,0.99,25.9,-22.2827,-48.70709
2025/07/06 18:34:00,AQUA_M-T,Brasil,SÃO PAULO,CHARQUEADA,Cerrado,12,0.0,0.94,23.7,-22.519,-47.80449
2025/07/06 18:34:00,AQUA_M-T,Brasil,SÃO PAULO,CHARQUEADA,Cerrado,12,0.0,0.94,21.9,-22.52645,-47.80785
2025/07/06 18:34:00,AQUA_M-T,Brasil,SÃO PAULO,MIRANTE DO PARANAPANEMA,Mata Atlântica,9,0.0,1.0,5.6,-22.51846,-52.04475
2025/07/06 18:34:00,AQUA_M-T,Brasil,SÃO PAULO,BOITUVA,Mata Atlântica,9,0.0,0.96,21.0,-23.2382,-47.61407
2025/07/06 18:34:00,AQUA_M-T,Brasil,SÃO PAULO,BOITUVA,Mata Atlântica,9,0.0,0.96,11.3,-23.2338,-47.62072
2025/07/07 17:37:00,AQUA_M-T,Brasil,SÃO PAULO,RIOLÂNDIA,Mata Atlântica,13,0.0,1.0,84.1,-19.98008,-49.81317
2025/07/07 17:37:00,AQUA_M-T,Brasil,SÃO PAULO,RIOLÂNDIA,Mata Atlântica,12,0.0,1.0,370.4,-19.99147,-49.81907
2025/07/07 17:37:00,AQUA_M-T,Brasil,SÃO PAULO,RIOLÂNDIA,Mata Atlântica,13,0.0,1.0,83.8,-19.9934,-49.77218
2025/07/07 17:37:00,AQUA_M-T,Brasil,SÃO PAULO,RIOLÂNDIA,Mata Atlântica,13,0.0,1.0,397.4,-19.99679,-49.81094
2025/07/07 17:37:00,AQUA_M-T,Brasil,SÃO PAULO,RIOLÂNDIA,Mata Atlântica,13,0.0,1.0,254.2,-19.98783,-49.78014
2025/07/08 18:13:00,AQUA_M-T,Brasil,SÃO PAULO,PIRAPORA DO BOM JESUS,Mata Atlântica,11,0.0,0.46,9.8,-23.36106,-46.9967
2025/07/08 18:13:00,AQUA_M-T,Brasil,SÃO PAULO,CAJAMAR,Mata Atlântica,10,0.0,0.45,4.2,-23.37494,-46.90508
2025/07/08 18:13:00,AQUA_M-T,Brasil,SÃO PAULO,CAMPINAS,Mata Atlântica,11,0.0,0.98,5.1,-22.92815,-47.00869
2025/07/08 18:13:00,AQUA_M-T,Brasil,SÃO PAULO,SANTA BÁRBARA D'OESTE,Mata Atlântica,14,0.0,-999.0,17.9,-22.7277,-47.37955
2025/07/08 18:13:00,AQUA_M-T,Brasil,SÃO PAULO,ELIAS FAUSTO,Mata Atlântica,11,0.0,0.97,4.9,-23.13293,-47.37188
2025/07/08 18:13:00,AQUA_M-T,Brasil,SÃO PAULO,PIRAPORA DO BOM JESUS,Mata Atlântica,11,0.0,0.46,14.7,-23.3626,-47.00668
2025/07/08 18:13:00,AQUA_M-T,Brasil,SÃO PAULO,IBIÚNA,Mata Atlântica,11,0.0,0.88,4.2,-23.75518,-47.21579
2025/07/08 18:13:00,AQUA_M-T,Brasil,SÃO PAULO,CAMPINAS,Mata Atlântica,11,0.0,-999.0,5.1,-22.92973,-47.01873
2025/07/08 18:13:00,AQUA_M-T,Brasil,SÃO PAULO,RIBEIRÃO BONITO,Cerrado,14,0.0,1.0,7.4,-21.98531,-48.27616
2025/07/10 17:54:00,AQUA_M-T,Brasil,SÃO PAULO,SÃO JOAQUIM DA BARRA,Cerrado,16,0.0,1.0,24.0,-20.54898,-47.93612
2025/07/10 17:54:00,AQUA_M-T,Brasil,SÃO PAULO,LUÍS ANTÔNIO,Cerrado,16,0.0,1.0,33.7,-21.46503,-47.87901
2025/07/10 17:54:00,AQUA_M-T,Brasil,SÃO PAULO,LUÍS ANTÔNIO,Cerrado,16,0.0,1.0,30.8,-21.46179,-47.85189
2025/07/10 17:54:00,AQUA_M-T,Brasil,SÃO PAULO,LUÍS ANTÔNIO,Cerrado,16,0.0,1.0,1219.7,-21.45291,-47.86708
2025/07/10 17:54:00,AQUA_M-T,Brasil,SÃO PAULO,LUÍS ANTÔNIO,Cerrado,16,0.0,1.0,277.3,-21.46342,-47.8655
2025/07/10 17:54:00,AQUA_M-T,Brasil,SÃO PAULO,SÃO CARLOS,Cerrado,16,0.0,0.96,7.5,-22.0884,-47.86744
2025/07/10 17:54:00,AQUA_M-T,Brasil,SÃO PAULO,ARARAQUARA,Cerrado,16,0.0,1.0,147.3,-21.80243,-48.32383
2025/07/10 17:54:00,AQUA_M-T,Brasil,SÃO PAULO,LUÍS ANTÔNIO,Cerrado,16,0.0,1.0,339.5,-21.45785,-47.87296
2025/07/10 17:54:00,AQUA_M-T,Brasil,SÃO PAULO,ARARAQUARA,Cerrado,16,0.0,1.0,61.0,-21.80068,-48.30887
2025/07/10 17:54:00,AQUA_M-T,Brasil,SÃO PAULO,LUÍS ANTÔNIO,Cerrado,16,0.0,1.0,256.5,-21.44735,-47.87454
2025/07/10 17:54:00,AQUA_M-T,Brasil,SÃO PAULO,LUÍS ANTÔNIO,Cerrado,16,0.0,1.0,113.7,-21.45128,-47.85339
2025/07/10 17:54:00,AQUA_M-T,Brasil,SÃO PAULO,LUÍS ANTÔNIO,Cerrado,16,0.0,1.0,347.3,-21.44563,-47.86083
2025/07/10 17:54:00,AQUA_M-T,Brasil,SÃO PAULO,NAZARÉ PAULISTA,Mata Atlântica,13,0.0,0.59,7.9,-23.10871,-46.33231
2025/07/10 17:54:00,AQUA_M-T,Brasil,SÃO PAULO,VARGEM,Mata Atlântica,13,0.0,0.95,4.9,-22.8907,-46.39664
2025/07/10 17:54:00,AQUA_M-T,Brasil,SÃO PAULO,SÃO CARLOS,Cerrado,16,0.0,0.79,14.9,-22.09234,-47.86147
2025/07/10 17:54:00,AQUA_M-T,Brasil,SÃO PAULO,SÃO JOAQUIM DA BARRA,Cerrado,16,0.0,1.0,15.4,-20.54658,-47.94358
2025/07/10 17:54:00,AQUA_M-T,Brasil,SÃO PAULO,PIRACAIA,Mata Atlântica,13,0.0,0.59,8.4,-23.10725,-46.32068
2025/07/10 17:54:00,AQUA_M-T,Brasil,SÃO PAULO,SÃO JOAQUIM DA BARRA,Cerrado,16,0.0,1.0,14.2,-20.54497,-47.9302
2025/07/10 17:54:00,AQUA_M-T,Brasil,SÃO PAULO,SÃO CARLOS,Cerrado,16,0.0,0.93,8.1,-22.0867,-47.8537
2025/07/10 17:54:00,AQUA_M-T,Brasil,SÃO PAULO,LUÍS ANTÔNIO,Cerrado,16,0.0,1.0,281.4,-21.45614,-47.85936
2025/07/11 18:32:00,AQUA_M-T,Brasil,SÃO PAULO,PEDRA BELA,Mata Atlântica,17,0.0,0.97,23.6,-22.7382,-46.50619
2025/07/11 18:32:00,AQUA_M-T,Brasil,SÃO PAULO,PIRAJU,Mata Atlântica,14,0.0,0.47,5.2,-23.14508,-49.53173
2025/07/11 18:32:00,AQUA_M-T,Brasil,SÃO PAULO,GUARARAPES,Mata Atlântica,17,0.0,1.0,4.6,-21.36245,-50.68169
2025/07/11 18:32:00,AQUA_M-T,Brasil,SÃO PAULO,TUIUTI,Mata Atlântica,14,0.0,1.0,15.8,-22.82369,-46.68764
2025/07/11 18:32:00,AQUA_M-T,Brasil,SÃO PAULO,ARARAQUARA,Cerrado,17,0.0,1.0,11.0,-21.78682,-48.11433
2025/07/13 18:11:00,AQUA_M-T,Brasil,SÃO PAULO,SÃO JOSÉ DA BELA VISTA,Cerrado,19,0.0,0.97,48.6,-20.56259,-47.64851
2025/07/13 18:11:00,AQUA_M-T,Brasil,SÃO PAULO,ARUJÁ,Mata Atlântica,17,0.0,0.93,4.5,-23.38516,-46.29346
2025/07/13 18:11:00,AQUA_M-T,Brasil,SÃO PAULO,SANTA GERTRUDES,Mata Atlântica,19,0.0,1.0,3.1,-22.46845,-47.4903
2025/07/13 18:11:00,AQUA_M-T,Brasil,SÃO PAULO,JACAREÍ,Mata Atlântica,16,0.0,-999.0,7.3,-23.32003,-45.98872
2025/07/13 18:11:00,AQUA_M-T,Brasil,SÃO PAULO,SÃO JOSÉ DOS CAMPOS,Mata Atlântica,18,0.0,-999.0,4.7,-23.14418,-45.76292
2025/07/13 18:11:00,AQUA_M-T,Brasil,SÃO PAULO,ATIBAIA,Mata Atlântica,16,0.0,0.67,6.7,-23.2511,-46.68152
2025/07/13 18:11:00,AQUA_M-T,Brasil,SÃO PAULO,SÃO JOSÉ DA BELA VISTA,Cerrado,19,0.0,0.97,14.4,-20.56116,-47.63906
2025/07/13 18:11:00,AQUA_M-T,Brasil,SÃO PAULO,MAIRIPORÃ,Mata Atlântica,16,0.19,0.48,7.1,-23.26192,-46.51233
2025/07/13 18:11:00,AQUA_M-T,Brasil,SÃO PAULO,BIRITIBA MIRIM,Mata Atlântica,16,0.02,0.6,7.5,-23.59303,-46.02471
2025/07/13 18:11:00,AQUA_M-T,Brasil,SÃO PAULO,JUNDIAÍ,Mata Atlântica,16,0.0,0.67,8.0,-23.1998,-46.95701
2025/07/13 18:11:00,AQUA_M-T,Brasil,SÃO PAULO,PIRACAIA,Mata Atlântica,16,0.0,0.9,3.7,-23.07588,-46.38557
2025/07/15 17:49:00,AQUA_M-T,Brasil,SÃO PAULO,SOROCABA,Mata Atlântica,18,0.0,0.89,8.0,-23.51112,-47.34533
2025/07/15 17:49:00,AQUA_M-T,Brasil,SÃO PAULO,IBIÚNA,Mata Atlântica,18,0.0,0.95,9.8,-23.67817,-47.08725
2025/07/15 17:49:00,AQUA_M-T,Brasil,SÃO PAULO,IBIÚNA,Mata Atlântica,18,0.0,0.95,15.7,-23.67986,-47.10209
2025/07/15 17:49:00,AQUA_M-T,Brasil,SÃO PAULO,TAPIRAÍ,Mata Atlântica,18,0.0,0.61,8.0,-23.88989,-47.55561
2025/07/15 17:49:00,AQUA_M-T,Brasil,SÃO PAULO,IBIÚNA,Mata Atlântica,18,0.0,0.95,22.8,-23.67522,-47.09443
2025/07/15 17:52:00,AQUA_M-T,Brasil,SÃO PAULO,SILVEIRAS,Mata Atlântica,21,0.0,0.46,6.9,-22.76132,-44.7648
2025/07/15 17:52:00,AQUA_M-T,Brasil,SÃO PAULO,VALINHOS,Mata Atlântica,18,0.0,1.0,13.3,-22.93474,-46.93839
2025/07/15 17:52:00,AQUA_M-T,Brasil,SÃO PAULO,ITATIBA,Mata Atlântica,18,0.0,0.98,9.6,-22.98622,-46.78275
2025/07/15 17:52:00,AQUA_M-T,Brasil,SÃO PAULO,ARARAS,Mata Atlântica,21,0.0,1.0,13.4,-22.33847,-47.3646
2025/07/15 17:52:00,AQUA_M-T,Brasil,SÃO PAULO,VALINHOS,Mata Atlântica,18,0.0,1.0,12.6,-22.93303,-46.92454
2025/07/15 17:52:00,AQUA_M-T,Brasil,SÃO PAULO,ITATIBA,Mata Atlântica,18,0.0,0.98,9.3,-22.98793,-46.79667
2025/07/15 17:52:00,AQUA_M-T,Brasil,SÃO PAULO,ARARAS,Mata Atlântica,21,0.0,-999.0,10.5,-22.33679,-47.35001
2025/07/15 17:52:00,AQUA_M-T,Brasil,SÃO PAULO,VALINHOS,Mata Atlântica,18,0.0,1.0,26.4,-22.93959,-46.93049
2025/07/15 17:52:00,AQUA_M-T,Brasil,SÃO PAULO,ARARAS,Mata Atlântica,21,0.0,1.0,23.8,-22.34538,-47.35422
2025/07/15 17:52:00,AQUA_M-T,Brasil,SÃO PAULO,PAULO DE FARIA,Cerrado,21,0.0,1.0,156.0,-20.05331,-49.33908
2025/07/15 17:52:00,AQUA_M-T,Brasil,SÃO PAULO,PAULO DE FARIA,Mata Atlântica,21,0.0,1.0,25.2,-20.05539,-49.35743
2025/07/16 18:28:00,AQUA_M-T,Brasil,SÃO PAULO,IRACEMÁPOLIS,Mata Atlântica,22,0.0,1.0,65.2,-22.51905,-47.53796
2025/07/16 18:28:00,AQUA_M-T,Brasil,SÃO PAULO,CAPELA DO ALTO,Mata Atlântica,19,0.0,0.98,10.2,-23.53315,-47.76656
2025/07/16 18:28:00,AQUA_M-T,Brasil,SÃO PAULO,SÃO MIGUEL ARCANJO,Mata Atlântica,19,0.0,0.68,78.0,-23.96452,-48.11486
2025/07/16 18:28:00,AQUA_M-T,Brasil,SÃO PAULO,CAMPINAS,Mata Atlântica,19,0.0,-999.0,9.8,-22.94757,-47.20333
2025/07/16 18:28:00,AQUA_M-T,Brasil,SÃO PAULO,CAMPO LIMPO PAULISTA,Mata Atlântica,19,0.0,1.0,12.8,-23.22502,-46.75459
2025/07/16 18:28:00,AQUA_M-T,Brasil,SÃO PAULO,CAJAMAR,Mata Atlântica,11,0.0,-999.0,10.9,-23.41406,-46.83614
2025/07/16 18:28:00,AQUA_M-T,Brasil,SÃO PAULO,SANTA GERTRUDES,Mata Atlântica,22,0.0,1.0,39.0,-22.51694,-47.51747
2025/07/16 18:28:00,AQUA_M-T,Brasil,SÃO PAULO,SÃO ROQUE,Mata Atlântica,18,0.0,0.57,15.9,-23.52967,-47.15515
2025/07/16 18:28:00,AQUA_M-T,Brasil,SÃO PAULO,CAJAMAR,Mata Atlântica,10,0.0,-999.0,14.8,-23.41496,-46.84292
2025/07/16 18:28:00,AQUA_M-T,Brasil,SÃO PAULO,CAPÃO BONITO,Mata Atlântica,17,0.0,0.57,10.7,-24.11509,-48.44828
2025/07/16 18:28:00,AQUA_M-T,Brasil,SÃO PAULO,IRACEMÁPOLIS,Mata Atlântica,22,0.0,1.0,58.6,-22.52228,-47.54696
2025/07/16 18:28:00,AQUA_M-T,Brasil,SÃO PAULO,SANTA GERTRUDES,Mata Atlântica,22,0.0,1.0,66.9,-22.51648,-47.52319
2025/07/16 18:28:00,AQUA_M-T,Brasil,SÃO PAULO,SANTA GERTRUDES,Mata Atlântica,22,0.0,1.0,16.5,-22.51394,-47.50861
2025/07/16 18:28:00,AQUA_M-T,Brasil,SÃO PAULO,SANTA BÁRBARA D'OESTE,Mata Atlântica,20,0.0,1.0,9.4,-22.79335,-47.37649
2025/07/16 18:28:00,AQUA_M-T,Brasil,SÃO PAULO,SANTA GERTRUDES,Mata Atlântica,22,0.0,0.89,16.2,-22.50332,-47.50473
2025/07/16 18:28:00,AQUA_M-T,Brasil,SÃO PAULO,SANTA BÁRBARA D'OESTE,Mata Atlântica,20,0.0,1.0,19.2,-22.73138,-47.48977
2025/07/16 18:28:00,AQUA_M-T,Brasil,SÃO PAULO,IRACEMÁPOLIS,Mata Atlântica,22,0.0,1.0,91.0,-22.51959,-47.53209
2025/07/16 18:28:00,AQUA_M-T,Brasil,SÃO PAULO,IRACEMÁPOLIS,Mata Atlântica,22,0.0,1.0,26.2,-22.52166,-47.55294
2025/07/16 18:28:00,AQUA_M-T,Brasil,SÃO PAULO,AGUAÍ,Cerrado,22,0.0,1.0,13.5,-22.07122,-46.98011
2025/07/16 18:28:00,AQUA_M-T,Brasil,SÃO PAULO,RIBEIRÃO BRANCO,Mata Atlântica,19,0.0,0.48,8.8,-24.23322,-48.72287
2025/07/16 18:28:00,AQUA_M-T,Brasil,SÃO PAULO,SÃO MIGUEL ARCANJO,Mata Atlântica,19,0.0,0.95,15.8,-23.96223,-48.10161
2025/07/16 18:28:00,AQUA_M-T,Brasil,SÃO PAULO,LIMEIRA,Mata Atlântica,21,0.0,1.0,38.5,-22.72871,-47.47482
2025/07/16 18:28:00,AQUA_M-T,Brasil,SÃO PAULO,ALAMBARI,Mata Atlântica,19,0.0,0.98,18.9,-23.53557,-47.78038
2025/07/16 18:28:00,AQUA_M-T,Brasil,SÃO PAULO,CAPÃO BONITO,Mata Atlântica,18,0.0,0.51,9.6,-24.1172,-48.46072
2025/07/16 18:28:00,AQUA_M-T,Brasil,SÃO PAULO,ATIBAIA,Mata Atlântica,19,0.0,0.59,14.9,-23.25233,-46.64562
2025/07/16 18:28:00,AQUA_M-T,Brasil,SÃO PAULO,MOGI GUAÇU,Cerrado,22,0.0,-999.0,12.1,-22.3135,-46.96762
2025/07/16 18:30:00,AQUA_M-T,Brasil,SÃO PAULO,MORRO AGUDO,Cerrado,22,0.0,1.0,17.1,-20.76834,-48.04728
2025/07/16 18:30:00,AQUA_M-T,Brasil,SÃO PAULO,BEBEDOURO,Cerrado,22,0.0,1.0,8.0,-20.92377,-48.52256
2025/07/16 18:30:00,AQUA_M-T,Brasil,SÃO PAULO,BEBEDOURO,Cerrado,22,0.0,0.92,5.6,-20.92874,-48.52834
2025/07/17 17:30:00,AQUA_M-T,Brasil,SÃO PAULO,CAJAMAR,Mata Atlântica,9,0.0,0.57,25.9,-23.3896,-46.90963
2025/07/17 17:30:00,AQUA_M-T,Brasil,SÃO PAULO,SANTANA DE PARNAÍBA,Mata Atlântica,10,0.0,-999.0,27.5,-23.40006,-46.9012
2025/07/18 18:09:00,AQUA_M-T,Brasil,SÃO PAULO,ARAÇOIABA DA SERRA,Mata Atlântica,21,0.0,1.0,10.0,-23.5609,-47.72736
2025/07/18 18:09:00,AQUA_M-T,Brasil,SÃO PAULO,MONTE MOR,Mata Atlântica,21,0.0,-999.0,7.1,-22.92279,-47.26266
2025/07/18 18:09:00,AQUA_M-T,Brasil,SÃO PAULO,SILVEIRAS,Mata Atlântica,24,0.0,0.52,7.8,-22.76275,-44.7693
2025/07/18 18:09:00,AQUA_M-T,Brasil,SÃO PAULO,CAPIVARI,Mata Atlântica,21,0.0,1.0,19.8,-22.96114,-47.40263
2025/07/18 18:09:00,AQUA_M-T,Brasil,SÃO PAULO,CAPIVARI,Mata Atlântica,21,0.0,1.0,27.7,-22.97274,-47.40384
2025/07/18 18:09:00,AQUA_M-T,Brasil,SÃO PAULO,APIAÍ,Mata Atlântica,21,0.0,0.44,17.8,-24.48688,-48.91222
2025/07/18 18:09:00,AQUA_M-T,Brasil,SÃO PAULO,SÃO ROQUE,Mata Atlântica,21,0.0,0.59,9.6,-23.49377,-47.17962
2025/07/18 18:09:00,AQUA_M-T,Brasil,SÃO PAULO,COTIA,Mata Atlântica,21,0.0,0.98,6.8,-23.63897,-47.05061
2025/07/18 18:09:00,AQUA_M-T,Brasil,SÃO PAULO,IGARAPAVA,Cerrado,24,0.0,1.0,70.6,-20.07575,-47.59742
2025/07/18 18:09:00,AQUA_M-T,Brasil,SÃO PAULO,IGARAPAVA,Cerrado,24,0.0,1.0,184.9,-20.07438,-47.58808
2025/07/18 18:09:00,AQUA_M-T,Brasil,SÃO PAULO,IGARAPAVA,Cerrado,24,0.0,1.0,95.0,-20.06557,-47.58956
2025/07/18 18:09:00,AQUA_M-T,Brasil,SÃO PAULO,LIMEIRA,Cerrado,23,0.0,1.0,5.9,-22.4855,-47.29964
2025/07/18 18:09:00,AQUA_M-T,Brasil,SÃO PAULO,AREIAS,Mata Atlântica,24,0.0,0.52,5.7,-22.76103,-44.75875
2025/07/18 18:09:00,AQUA_M-T,Brasil,SÃO PAULO,MONTE MOR,Mata Atlântica,21,0.0,1.0,15.3,-22.97137,-47.39429
2025/07/18 18:09:00,AQUA_M-T,Brasil,SÃO PAULO,BARRA DO CHAPÉU,Mata Atlântica,20,0.0,0.44,18.8,-24.39405,-49.05538
2025/07/18 18:09:00,AQUA_M-T,Brasil,SÃO PAULO,TREMEMBÉ,Mata Atlântica,15,0.0,1.0,7.1,-22.96736,-45.53205
2025/07/18 18:09:00,AQUA_M-T,Brasil,SÃO PAULO,CAÇAPAVA,Mata Atlântica,23,0.0,1.0,9.6,-23.09739,-45.76793
2025/07/18 18:09:00,AQUA_M-T,Brasil,SÃO PAULO,ARAÇARIGUAMA,Mata Atlântica,19,0.0,0.7,7.6,-23.4121,-47.13166
2025/07/18 18:09:00,AQUA_M-T,Brasil,SÃO PAULO,SUMARÉ,Mata Atlântica,22,0.0,-999.0,10.0,-22.83189,-47.20589
2025/07/18 18:09:00,AQUA_M-T,Brasil,SÃO PAULO,IGARAPAVA,Cerrado,24,0.0,1.0,101.6,-20.07301,-47.57874
2025/07/18 18:09:00,AQUA_M-T,Brasil,SÃO PAULO,IGARAPAVA,Cerrado,24,0.0,1.0,99.7,-20.06695,-47.59888
2025/07/18 18:09:00,AQUA_M-T,Brasil,SÃO PAULO,LIMEIRA,Cerrado,23,0.0,1.0,34.6,-22.48688,-47.30913
2025/07/18 18:09:00,AQUA_M-T,Brasil,SÃO PAULO,CAPIVARI,Mata Atlântica,21,0.0,1.0,21.4,-22.96252,-47.41219
2025/07/18 18:09:00,AQUA_M-T,Brasil,SÃO PAULO,LEME,Mata Atlântica,24,0.0,1.0,11.8,-22.20547,-47.40514
2025/07/18 18:09:00,AQUA_M-T,Brasil,SÃO PAULO,CAÇAPAVA,Mata Atlântica,23,0.0,1.0,47.0,-23.09585,-45.75805
2025/07/18 18:09:00,AQUA_M-T,Brasil,SÃO PAULO,ARAÇOIABA DA SERRA,Mata Atlântica,21,0.0,1.0,9.7,-23.56228,-47.73706
2025/07/18 18:09:00,AQUA_M-T,Brasil,SÃO PAULO,SÃO ROQUE,Mata Atlântica,21,0.0,0.69,5.4,-23.49239,-47.17007
2025/07/18 18:09:00,AQUA_M-T,Brasil,SÃO PAULO,IGARAPAVA,Cerrado,24,0.0,1.0,15.9,-20.08319,-47.58661
2025/07/18 18:09:00,AQUA_M-T,Brasil,SÃO PAULO,IGARAPAVA,Cerrado,24,0.0,1.0,4.8,-20.08456,-47.59594
2025/07/19 18:47:00,AQUA_M-T,Brasil,SÃO PAULO,RIO DAS PEDRAS,Mata Atlântica,21,0.0,1.0,55.1,-22.89126,-47.64617
2025/07/19 18:47:00,AQUA_M-T,Brasil,SÃO PAULO,SANDOVALINA,Mata Atlântica,22,0.0,1.0,13.8,-22.52227,-52.01741
2025/07/19 18:47:00,AQUA_M-T,Brasil,SÃO PAULO,SANTA BÁRBARA D'OESTE,Mata Atlântica,25,0.0,1.0,55.8,-22.7243,-47.4304
2025/07/19 18:47:00,AQUA_M-T,Brasil,SÃO PAULO,RIO DAS PEDRAS,Mata Atlântica,22,0.0,1.0,47.1,-22.8966,-47.66822
2025/07/19 18:47:00,AQUA_M-T,Brasil,SÃO PAULO,SANTA BÁRBARA D'OESTE,Mata Atlântica,25,0.0,1.0,66.3,-22.71994,-47.42675
2025/07/20 17:49:00,AQUA_M-T,Brasil,SÃO PAULO,CUNHA,Mata Atlântica,26,0.0,0.61,4.8,-22.79211,-44.7485
2025/07/20 17:49:00,AQUA_M-T,Brasil,SÃO PAULO,JACAREÍ,Mata Atlântica,25,0.0,0.96,7.2,-23.24953,-46.12056
2025/07/20 17:49:00,AQUA_M-T,Brasil,SÃO PAULO,SILVEIRAS,Mata Atlântica,26,0.0,0.55,12.1,-22.80586,-44.85499
2025/07/20 17:49:00,AQUA_M-T,Brasil,SÃO PAULO,CABREÚVA,Mata Atlântica,23,0.0,-999.0,18.4,-23.2517,-47.11436
2025/07/20 17:49:00,AQUA_M-T,Brasil,SÃO PAULO,SANTA ISABEL,Mata Atlântica,25,0.0,0.74,12.6,-23.3611,-46.20102
2025/07/20 17:49:00,AQUA_M-T,Brasil,SÃO PAULO,SILVEIRAS,Mata Atlântica,26,0.0,0.56,11.1,-22.80736,-44.86666
2025/07/21 18:26:00,AQUA_M-T,Brasil,SÃO PAULO,ITATIBA,Mata Atlântica,24,0.0,0.97,10.6,-23.0531,-46.75522
2025/07/21 18:26:00,AQUA_M-T,Brasil,SÃO PAULO,IPERÓ,Mata Atlântica,24,0.0,1.0,6.3,-23.39416,-47.64056
2025/07/21 18:26:00,AQUA_M-T,Brasil,SÃO PAULO,PILAR DO SUL,Mata Atlântica,24,0.1,0.77,6.0,-23.87331,-47.73626
2025/07/21 18:26:00,AQUA_M-T,Brasil,SÃO PAULO,JUNDIAÍ,Mata Atlântica,24,0.0,-999.0,18.3,-23.13755,-46.91876
2025/07/21 18:26:00,AQUA_M-T,Brasil,SÃO PAULO,CEDRAL,Mata Atlântica,27,0.0,1.0,6.5,-20.86244,-49.22713
2025/07/21 18:26:00,AQUA_M-T,Brasil,SÃO PAULO,NOVA GUATAPORANGA,Mata Atlântica,27,0.0,1.0,7.6,-21.32452,-51.64767
2025/07/21 18:26:00,AQUA_M-T,Brasil,SÃO PAULO,IGARAPAVA,Cerrado,27,0.0,1.0,24.1,-20.13327,-47.73653
2025/07/21 18:26:00,AQUA_M-T,Brasil,SÃO PAULO,IBIÚNA,Mata Atlântica,24,0.0,0.94,16.8,-23.66936,-47.09192
2025/07/21 18:26:00,AQUA_M-T,Brasil,SÃO PAULO,IPERÓ,Mata Atlântica,24,0.0,1.0,10.2,-23.38405,-47.64259
2025/07/21 18:26:00,AQUA_M-T,Brasil,SÃO PAULO,AMERICANA,Cerrado,26,0.0,1.0,12.8,-22.75753,-47.24167
2025/07/21 18:26:00,AQUA_M-T,Brasil,SÃO PAULO,IBIÚNA,Mata Atlântica,24,0.0,0.52,9.1,-23.63418,-47.30309
2025/07/21 18:26:00,AQUA_M-T,Brasil,SÃO PAULO,ITABERÁ,Cerrado,22,0.0,0.98,15.7,-23.97175,-49.09533
2025/07/21 18:26:00,AQUA_M-T,Brasil,SÃO PAULO,MAIRINQUE,Mata Atlântica,24,0.0,0.6,7.3,-23.52535,-47.20547
2025/07/21 18:26:00,AQUA_M-T,Brasil,SÃO PAULO,JUNDIAÍ,Mata Atlântica,24,0.0,1.0,21.1,-23.1294,-46.93537
2025/07/21 18:26:00,AQUA_M-T,Brasil,SÃO PAULO,NOVA GUATAPORANGA,Mata Atlântica,25,0.0,1.0,6.6,-21.31521,-51.65486
2025/07/21 18:26:00,AQUA_M-T,Brasil,SÃO PAULO,JUNDIAÍ,Mata Atlântica,24,0.0,1.0,45.9,-23.12689,-46.92096
2025/07/21 18:26:00,AQUA_M-T,Brasil,SÃO PAULO,ITATIBA,Mata Atlântica,24,0.0,1.0,24.2,-23.06392,-46.75309
2025/07/21 18:28:00,AQUA_M-T,Brasil,SÃO PAULO,IGARAPAVA,Cerrado,27,0.0,1.0,14.5,-20.02001,-47.7705
2025/07/21 18:28:00,AQUA_M-T,Brasil,SÃO PAULO,IGARAPAVA,Cerrado,27,0.0,1.0,10.9,-20.01756,-47.7562
2025/07/21 18:28:00,AQUA_M-T,Brasil,SÃO PAULO,IGARAPAVA,Cerrado,27,0.0,1.0,111.4,-20.02823,-47.75411
2025/07/22 17:28:00,AQUA_M-T,Brasil,SÃO PAULO,ITATIBA,Mata Atlântica,25,0.0,1.0,92.2,-23.03657,-46.73161
2025/07/22 17:28:00,AQUA_M-T,Brasil,SÃO PAULO,JARINU,Mata Atlântica,25,0.0,-999.0,44.4,-23.04294,-46.69801
2025/07/23 18:06:00,AQUA_M-T,Brasil,SÃO PAULO,CAMPINAS,Mata Atlântica,28,0.0,1.0,61.9,-22.87832,-47.09227
2025/07/23 18:06:00,AQUA_M-T,Brasil,SÃO PAULO,SERRA NEGRA,Mata Atlântica,29,0.0,-999.0,5.3,-22.61942,-46.69698
2025/07/23 18:06:00,AQUA_M-T,Brasil,SÃO PAULO,SÃO CARLOS,Cerrado,29,0.0,1.0,8.5,-22.0387,-47.94027
2025/07/23 18:06:00,AQUA_M-T,Brasil,SÃO PAULO,SANTA GERTRUDES,Mata Atlântica,29,0.0,1.0,10.6,-22.4487,-47.5121
2025/07/23 18:06:00,AQUA_M-T,Brasil,SÃO PAULO,MOGI DAS CRUZES,Mata Atlântica,26,0.0,-999.0,8.1,-23.44666,-46.24601
2025/07/23 18:06:00,AQUA_M-T,Brasil,SÃO PAULO,AMERICANA,Cerrado,27,0.0,1.0,18.2,-22.69587,-47.23386
2025/07/23 18:06:00,AQUA_M-T,Brasil,SÃO PAULO,SUZANO,Mata Atlântica,26,0.0,0.57,4.7,-23.6017,-46.35387
2025/07/23 18:06:00,AQUA_M-T,Brasil,SÃO PAULO,TAQUARITINGA,Cerrado,29,0.0,1.0,65.7,-21.38159,-48.52518
2025/07/23 18:06:00,AQUA_M-T,Brasil,SÃO PAULO,JACAREÍ,Mata Atlântica,26,0.0,0.95,6.7,-23.32164,-46.01876
2025/07/23 18:06:00,AQUA_M-T,Brasil,SÃO PAULO,ITU,Mata Atlântica,26,0.0,0.65,3.9,-23.36885,-47.17868
2025/07/23 18:06:00,AQUA_M-T,Brasil,SÃO PAULO,JUNDIAÍ,Mata Atlântica,26,0.0,0.93,16.2,-23.20702,-47.00266
2025/07/23 18:06:00,AQUA_M-T,Brasil,SÃO PAULO,ITAPEVI,Mata Atlântica,25,0.0,-999.0,7.5,-23.53545,-46.98892
2025/07/23 18:06:00,AQUA_M-T,Brasil,SÃO PAULO,FRANCO DA ROCHA,Mata Atlântica,22,0.0,0.78,4.7,-23.28875,-46.80532
2025/07/23 18:06:00,AQUA_M-T,Brasil,SÃO PAULO,PARANAPANEMA,Cerrado,27,0.0,1.0,12.3,-23.39684,-48.96148
2025/07/23 18:06:00,AQUA_M-T,Brasil,SÃO PAULO,IPORANGA,Mata Atlântica,26,0.0,0.5,6.9,-24.57113,-48.50641
2025/07/23 18:06:00,AQUA_M-T,Brasil,SÃO PAULO,JUNDIAÍ,Mata Atlântica,26,0.0,1.0,4.6,-23.12554,-46.95367
2025/07/23 18:06:00,AQUA_M-T,Brasil,SÃO PAULO,SANTA GERTRUDES,Mata Atlântica,29,0.0,1.0,15.1,-22.44735,-47.50234
2025/07/23 18:06:00,AQUA_M-T,Brasil,SÃO PAULO,ITU,Mata Atlântica,26,0.0,0.66,13.3,-23.35995,-47.18019
2025/07/23 18:06:00,AQUA_M-T,Brasil,SÃO PAULO,NATIVIDADE DA SERRA,Mata Atlântica,26,0.0,0.96,11.8,-23.33442,-45.48874
2025/07/23 18:06:00,AQUA_M-T,Brasil,SÃO PAULO,SÃO ROQUE,Mata Atlântica,26,0.0,0.94,4.7,-23.6279,-47.11638
2025/07/23 18:06:00,AQUA_M-T,Brasil,SÃO PAULO,SÃO JOÃO DA BOA VISTA,Cerrado,29,0.0,0.88,11.0,-22.07092,-46.856
2025/07/23 18:06:00,AQUA_M-T,Brasil,SÃO PAULO,CAMPINAS,Mata Atlântica,28,0.0,1.0,11.5,-22.87969,-47.10194
2025/07/23 18:06:00,AQUA_M-T,Brasil,SÃO PAULO,NATIVIDADE DA SERRA,Mata Atlântica,26,0.0,0.96,5.8,-23.33297,-45.47906
2025/07/23 18:06:00,AQUA_M-T,Brasil,SÃO PAULO,SÃO ROQUE,Mata Atlântica,26,0.0,0.75,7.9,-23.6094,-47.04953
2025/07/23 18:06:00,AQUA_M-T,Brasil,SÃO PAULO,SÃO ROQUE,Mata Atlântica,26,0.0,0.84,6.2,-23.62653,-47.1066
2025/07/23 18:06:00,AQUA_M-T,Brasil,SÃO PAULO,AMERICANA,Cerrado,27,0.0,1.0,10.9,-22.70476,-47.23238
2025/07/23 18:06:00,AQUA_M-T,Brasil,SÃO PAULO,IPORANGA,Mata Atlântica,26,0.0,0.5,13.0,-24.5726,-48.51759
2025/07/23 18:06:00,AQUA_M-T,Brasil,SÃO PAULO,JACAREÍ,Mata Atlântica,26,0.0,-999.0,4.8,-23.32806,-45.99246
2025/07/23 18:06:00,AQUA_M-T,Brasil,SÃO PAULO,SANTA ISABEL,Mata Atlântica,27,0.0,0.82,4.6,-23.39101,-46.23613
2025/07/24 18:45:00,AQUA_M-T,Brasil,SÃO PAULO,BAURU,Cerrado,30,0.0,1.0,21.0,-22.3896,-49.07599
2025/07/24 18:45:00,AQUA_M-T,Brasil,SÃO PAULO,BAURU,Cerrado,30,0.0,1.0,101.1,-22.38548,-49.05454
2025/07/24 18:45:00,AQUA_M-T,Brasil,SÃO PAULO,MOGI GUAÇU,Cerrado,30,0.0,-999.0,25.3,-22.37604,-46.92541
2025/07/24 18:45:00,AQUA_M-T,Brasil,SÃO PAULO,JUNDIAÍ,Mata Atlântica,27,0.0,-999.0,34.7,-23.2435,-46.84815
2025/07/26 18:24:00,AQUA_M-T,Brasil,SÃO PAULO,BAURU,Cerrado,32,0.0,1.0,6.1,-22.36689,-49.0317
2025/07/26 18:24:00,AQUA_M-T,Brasil,SÃO PAULO,GUARULHOS,Mata Atlântica,0,0.0,-999.0,158.9,-23.41015,-46.38576
2025/07/26 18:24:00,AQUA_M-T,Brasil,SÃO PAULO,MOGI MIRIM,Cerrado,32,0.0,-999.0,8.9,-22.39955,-46.97395
2025/07/26 18:24:00,AQUA_M-T,Brasil,SÃO PAULO,PIRACICABA,Mata Atlântica,2,0.0,1.0,7.2,-22.6437,-47.68333
2025/07/26 18:24:00,AQUA_M-T,Brasil,SÃO PAULO,ITAPIRA,Cerrado,21,0.0,1.0,7.2,-22.48196,-46.85629
2025/07/26 18:24:00,AQUA_M-T,Brasil,SÃO PAULO,COLÔMBIA,Cerrado,32,0.0,1.0,10.5,-20.19896,-48.72065
2025/07/26 18:24:00,AQUA_M-T,Brasil,SÃO PAULO,ARUJÁ,Mata Atlântica,0,0.0,-999.0,15.7,-23.40774,-46.37193
2025/07/27 17:24:00,AQUA_M-T,Brasil,SÃO PAULO,MOGI MIRIM,Cerrado,33,0.0,1.0,61.2,-22.44339,-46.89102
2025/07/27 17:24:00,AQUA_M-T,Brasil,SÃO PAULO,MOGI MIRIM,Cerrado,32,0.0,1.0,64.6,-22.44514,-46.88647
2025/07/30 17:43:00,AQUA_M-T,Brasil,SÃO PAULO,AGUAÍ,Cerrado,2,0.0,0.97,21.1,-22.07282,-47.00009
2025/07/30 17:43:00,AQUA_M-T,Brasil,SÃO PAULO,LORENA,Mata Atlântica,2,0.0,-999.0,13.2,-22.73361,-45.09467
2025/07/30 17:43:00,AQUA_M-T,Brasil,SÃO PAULO,AGUAÍ,Cerrado,2,0.0,0.97,20.0,-22.07066,-46.98014
2025/07/30 17:43:00,AQUA_M-T,Brasil,SÃO PAULO,ITOBI,Mata Atlântica,1,0.0,0.96,61.9,-21.71083,-46.90786
2025/07/30 17:43:00,AQUA_M-T,Brasil,SÃO PAULO,LORENA,Mata Atlântica,2,0.0,-999.0,14.1,-22.73627,-45.08739
2025/07/30 17:43:00,AQUA_M-T,Brasil,SÃO PAULO,ITOBI,Mata Atlântica,2,0.0,0.96,25.2,-21.70867,-46.88835
2025/07/30 17:43:00,AQUA_M-T,Brasil,SÃO PAULO,IBIÚNA,Mata Atlântica,2,0.0,0.62,21.4,-23.67627,-47.29747
2025/07/30 17:43:00,AQUA_M-T,Brasil,SÃO PAULO,IBIÚNA,Mata Atlântica,2,0.0,0.26,65.8,-23.68751,-47.28864
2025/07/30 17:43:00,AQUA_M-T,Brasil,SÃO PAULO,IBIÚNA,Mata Atlântica,2,0.0,0.23,36.9,-23.68929,-47.29562
2025/07/31 18:21:00,AQUA_M-T,Brasil,SÃO PAULO,TAPIRAÍ,Mata Atlântica,3,0.0,0.11,4.8,-23.90534,-47.49878
2025/07/31 18:21:00,AQUA_M-T,Brasil,SÃO PAULO,GUAPIARA,Mata Atlântica,3,0.0,0.15,7.8,-24.18071,-48.60445
2025/07/31 18:21:00,AQUA_M-T,Brasil,SÃO PAULO,IBIÚNA,Mata Atlântica,3,0.0,0.24,8.7,-23.77004,-47.1685
2025/07/31 18:21:00,AQUA_M-T,Brasil,SÃO PAULO,ANGATUBA,Mata Atlântica,3,0.0,0.72,8.3,-23.47457,-48.52325
2025/07/31 18:21:00,AQUA_M-T,Brasil,SÃO PAULO,IPERÓ,Mata Atlântica,3,0.0,0.41,7.4,-23.45681,-47.58176
2025/07/31 18:21:00,AQUA_M-T,Brasil,SÃO PAULO,PRESIDENTE PRUDENTE,Mata Atlântica,3,0.0,1.0,6.5,-21.98144,-51.34989
2025/07/31 18:21:00,AQUA_M-T,Brasil,SÃO PAULO,PROMISSÃO,Mata Atlântica,3,0.0,-999.0,7.2,-21.54482,-49.85791
2025/07/31 18:21:00,AQUA_M-T,Brasil,SÃO PAULO,ITAPIRA,Cerrado,3,0.0,1.0,55.4,-22.40688,-46.81558
2025/07/31 18:21:00,AQUA_M-T,Brasil,SÃO PAULO,CAMPINAS,Mata Atlântica,3,0.0,1.0,8.7,-22.7522,-47.02873
2025/07/31 18:21:00,AQUA_M-T,Brasil,SÃO PAULO,SÃO ROQUE,Mata Atlântica,3,0.0,0.58,11.8,-23.48109,-47.16293
2025/07/31 18:21:00,AQUA_M-T,Brasil,SÃO PAULO,PIRACAIA,Mata Atlântica,3,0.0,0.89,7.3,-23.07308,-46.43093
2025/07/31 18:21:00,AQUA_M-T,Brasil,SÃO PAULO,ANGATUBA,Mata Atlântica,3,0.0,0.94,6.2,-23.48635,-48.47987
2025/07/31 18:21:00,AQUA_M-T,Brasil,SÃO PAULO,ITAPIRA,Cerrado,3,0.0,1.0,29.8,-22.40488,-46.8035
2025/07/31 18:21:00,AQUA_M-T,Brasil,SÃO PAULO,IBIÚNA,Mata Atlântica,3,0.0,0.23,4.8,-23.77484,-47.17352
2025/07/31 18:24:00,AQUA_M-T,Brasil,SÃO PAULO,INDIAPORÃ,Mata Atlântica,2,0.0,1.0,301.4,-19.90673,-50.2753
2025/07/31 18:24:00,AQUA_M-T,Brasil,SÃO PAULO,INDIAPORÃ,Mata Atlântica,2,0.0,1.0,40.3,-19.90533,-50.26591
2025/07/31 18:24:00,AQUA_M-T,Brasil,SÃO PAULO,INDIAPORÃ,Mata Atlântica,2,0.0,1.0,12.1,-19.90812,-50.28468
2025/08/02 18:02:00,AQUA_M-T,Brasil,SÃO PAULO,SÃO JOÃO DA BOA VISTA,Cerrado,5,0.0,1.0,24.4,-22.0034,-46.80077
2025/08/02 18:02:00,AQUA_M-T,Brasil,SÃO PAULO,LINS,Mata Atlântica,5,0.0,1.0,10.4,-21.65248,-49.75018
2025/08/02 18:02:00,AQUA_M-T,Brasil,SÃO PAULO,BOFETE,Mata Atlântica,5,0.0,0.99,7.1,-23.18483,-48.20121
2025/08/02 18:02:00,AQUA_M-T,Brasil,SÃO PAULO,MOGI MIRIM,Cerrado,5,0.0,0.69,16.6,-22.44561,-46.86451
2025/08/02 18:02:00,AQUA_M-T,Brasil,SÃO PAULO,PARAIBUNA,Mata Atlântica,5,0.0,0.73,7.9,-23.36292,-45.70819
2025/08/02 18:02:00,AQUA_M-T,Brasil,SÃO PAULO,ARARAS,Cerrado,5,0.0,1.0,23.8,-22.36373,-47.21645
2025/08/02 18:02:00,AQUA_M-T,Brasil,SÃO PAULO,BOFETE,Mata Atlântica,5,0.0,1.0,7.7,-23.18634,-48.21352
2025/08/02 18:02:00,AQUA_M-T,Brasil,SÃO PAULO,AMERICANA,Cerrado,5,0.0,0.94,14.9,-22.71066,-47.20429
2025/08/02 18:02:00,AQUA_M-T,Brasil,SÃO PAULO,AREIAS,Mata Atlântica,5,0.0,-999.0,5.3,-22.73684,-44.74365
2025/08/02 18:02:00,AQUA_M-T,Brasil,SÃO PAULO,SILVEIRAS,Mata Atlântica,5,0.0,-999.0,8.0,-22.73823,-44.75314
2025/08/02 18:02:00,AQUA_M-T,Brasil,SÃO PAULO,SÃO ROQUE,Mata Atlântica,5,0.0,0.57,9.0,-23.56472,-47.04925
2025/08/02 18:02:00,AQUA_M-T,Brasil,SÃO PAULO,PIEDADE,Mata Atlântica,4,0.0,1.0,7.2,-23.78078,-47.51973
2025/08/02 18:02:00,AQUA_M-T,Brasil,SÃO PAULO,SÃO JOÃO DA BOA VISTA,Cerrado,5,0.0,-999.0,16.2,-22.00203,-46.79059
2025/08/02 18:02:00,AQUA_M-T,Brasil,SÃO PAULO,PARAIBUNA,Mata Atlântica,5,0.0,0.91,11.1,-23.36155,-45.6984
2025/08/02 18:02:00,AQUA_M-T,Brasil,SÃO PAULO,SANTA ISABEL,Mata Atlântica,5,0.0,1.0,10.7,-23.28825,-46.16172
2025/08/03 18:38:00,AQUA_M-T,Brasil,SÃO PAULO,ITAPETININGA,Cerrado,6,0.0,0.93,69.1,-23.66629,-48.03668
2025/08/03 18:38:00,AQUA_M-T,Brasil,SÃO PAULO,LIMEIRA,Cerrado,6,0.0,1.0,90.7,-22.69023,-47.45317
2025/08/03 18:38:00,AQUA_M-T,Brasil,SÃO PAULO,LIMEIRA,Cerrado,6,0.0,1.0,95.1,-22.69299,-47.45779
2025/08/03 18:38:00,AQUA_M-T,Brasil,SÃO PAULO,VOTORANTIM,Mata Atlântica,6,0.1,0.89,18.4,-23.58065,-47.32364
2025/08/03 18:38:00,AQUA_M-T,Brasil,SÃO PAULO,ITAPETININGA,Cerrado,6,0.06,0.87,46.4,-23.66988,-48.05555
2025/08/05 18:19:00,AQUA_M-T,Brasil,SÃO PAULO,SANTA CRUZ DO RIO PARDO,Mata Atlântica,6,17.39,0.01,15.5,-22.93785,-49.65426
2025/08/05 18:19:00,AQUA_M-T,Brasil,SÃO PAULO,SANTA CRUZ DO RIO PARDO,Mata Atlântica,6,17.13,0.01,97.9,-22.93647,-49.6447
2025/08/07 17:58:00,AQUA_M-T,Brasil,SÃO PAULO,SANTA BÁRBARA D'OESTE,Mata Atlântica,2,0.0,0.94,105.3,-22.83034,-47.44741
2025/08/07 17:58:00,AQUA_M-T,Brasil,SÃO PAULO,ATIBAIA,Mata Atlântica,2,0.0,0.56,10.9,-23.11761,-46.6622
2025/08/07 17:58:00,AQUA_M-T,Brasil,SÃO PAULO,RAFARD,Mata Atlântica,2,0.0,0.96,7.4,-23.03427,-47.53135
2025/08/07 17:58:00,AQUA_M-T,Brasil,SÃO PAULO,SERRA NEGRA,Mata Atlântica,2,0.0,0.56,26.4,-22.63146,-46.60804
2025/08/07 17:58:00,AQUA_M-T,Brasil,SÃO PAULO,MOGI GUAÇU,Cerrado,1,0.0,0.12,44.0,-22.18664,-47.12614
2025/08/07 17:58:00,AQUA_M-T,Brasil,SÃO PAULO,MONTEIRO LOBATO,Mata Atlântica,2,0.0,0.52,9.0,-23.01607,-45.82366
2025/08/07 17:58:00,AQUA_M-T,Brasil,SÃO PAULO,CAMPINAS,Mata Atlântica,2,0.0,-999.0,9.0,-22.94782,-47.17836
2025/08/07 17:58:00,AQUA_M-T,Brasil,SÃO PAULO,SOCORRO,Mata Atlântica,2,0.0,0.55,58.3,-22.63005,-46.59724
2025/08/07 17:58:00,AQUA_M-T,Brasil,SÃO PAULO,JACAREÍ,Mata Atlântica,2,0.0,0.75,7.8,-23.34119,-45.91372
2025/08/07 17:58:00,AQUA_M-T,Brasil,SÃO PAULO,RIBEIRÃO BRANCO,Mata Atlântica,2,0.0,0.37,10.6,-24.23882,-48.715
2025/08/07 17:58:00,AQUA_M-T,Brasil,SÃO PAULO,JARDINÓPOLIS,Cerrado,2,0.0,0.69,10.3,-21.04108,-47.80596
2025/08/07 17:58:00,AQUA_M-T,Brasil,SÃO PAULO,MOGI GUAÇU,Cerrado,0,0.0,0.14,47.0,-22.17846,-47.13913
2025/08/07 17:58:00,AQUA_M-T,Brasil,SÃO PAULO,MOGI GUAÇU,Cerrado,0,0.0,0.55,78.9,-22.17698,-47.12767
2025/08/07 17:58:00,AQUA_M-T,Brasil,SÃO PAULO,GUAPIARA,Mata Atlântica,2,0.0,0.22,10.4,-24.22153,-48.49062
2025/08/07 17:58:00,AQUA_M-T,Brasil,SÃO PAULO,CAÇAPAVA,Mata Atlântica,1,0.0,1.0,6.3,-23.07355,-45.64198
2025/08/07 17:58:00,AQUA_M-T,Brasil,SÃO PAULO,ITAPEVI,Mata Atlântica,2,0.0,-999.0,7.2,-23.54436,-46.97249
2025/08/07 17:58:00,AQUA_M-T,Brasil,SÃO PAULO,CAPIVARI,Mata Atlântica,2,0.0,0.96,21.2,-23.03274,-47.51902
2025/08/08 18:38:00,AQUA_M-T,Brasil,SÃO PAULO,IPIGUÁ,Cerrado,3,0.0,0.64,35.6,-20.71311,-49.41529
2025/08/09 17:39:00,AQUA_M-T,Brasil,SÃO PAULO,SANTA BÁRBARA D'OESTE,Mata Atlântica,4,0.0,0.96,99.0,-22.71889,-47.40026
2025/08/09 17:39:00,AQUA_M-T,Brasil,SÃO PAULO,SANTA BÁRBARA D'OESTE,Mata Atlântica,4,0.0,0.96,84.0,-22.71797,-47.40472
2025/08/09 17:39:00,AQUA_M-T,Brasil,SÃO PAULO,GUATAPARÁ,Cerrado,4,0.0,0.95,73.8,-21.37893,-47.90477
2025/08/09 17:39:00,AQUA_M-T,Brasil,SÃO PAULO,SANTA BÁRBARA D'OESTE,Cerrado,4,0.0,0.96,28.7,-22.71514,-47.37598
2025/08/09 17:39:00,AQUA_M-T,Brasil,SÃO PAULO,FERNANDO PRESTES,Mata Atlântica,4,0.0,0.94,35.2,-21.2768,-48.72747
2025/08/10 18:17:00,AQUA_M-T,Brasil,SÃO PAULO,PAULÍNIA,Cerrado,5,0.0,-999.0,29.0,-22.73891,-47.18789
2025/08/10 18:17:00,AQUA_M-T,Brasil,SÃO PAULO,CONCHAS,Cerrado,5,0.0,0.92,9.4,-22.90299,-47.96711
2025/08/10 18:17:00,AQUA_M-T,Brasil,SÃO PAULO,SÃO JOSÉ DO RIO PARDO,Cerrado,5,0.0,0.94,5.7,-21.61308,-46.9621
2025/08/10 18:17:00,AQUA_M-T,Brasil,SÃO PAULO,SANTO ANTÔNIO DO JARDIM,Mata Atlântica,4,0.0,0.71,24.6,-22.15039,-46.73161
2025/08/10 18:17:00,AQUA_M-T,Brasil,SÃO PAULO,SANTANA DE PARNAÍBA,Mata Atlântica,2,0.0,0.76,6.1,-23.45016,-46.94632
2025/08/10 18:17:00,AQUA_M-T,Brasil,SÃO PAULO,ITAPIRA,Mata Atlântica,5,0.0,0.94,44.6,-22.51171,-46.79756
2025/08/10 18:17:00,AQUA_M-T,Brasil,SÃO PAULO,PEDERNEIRAS,Mata Atlântica,5,0.0,-999.0,8.1,-22.32635,-48.80264
2025/08/10 18:17:00,AQUA_M-T,Brasil,SÃO PAULO,SANTO ANTÔNIO DO JARDIM,Mata Atlântica,4,0.0,0.87,12.5,-22.14877,-46.72128
2025/08/10 18:17:00,AQUA_M-T,Brasil,SÃO PAULO,TIETÊ,Mata Atlântica,5,0.0,0.89,5.6,-23.00517,-47.65989
2025/08/10 18:17:00,AQUA_M-T,Brasil,SÃO PAULO,LORENA,Mata Atlântica,4,0.0,0.9,8.2,-22.74936,-45.09218
2025/08/10 18:17:00,AQUA_M-T,Brasil,SÃO PAULO,LIMEIRA,Mata Atlântica,5,0.0,-999.0,6.2,-22.54758,-47.44331
2025/08/10 18:17:00,AQUA_M-T,Brasil,SÃO PAULO,LORENA,Mata Atlântica,4,0.0,0.9,6.2,-22.74729,-45.08
2025/08/10 18:17:00,AQUA_M-T,Brasil,SÃO PAULO,BARRETOS,Cerrado,5,0.0,0.76,18.5,-20.64987,-48.69612
2025/08/10 18:17:00,AQUA_M-T,Brasil,SÃO PAULO,PEDERNEIRAS,Mata Atlântica,5,0.0,0.93,9.0,-22.32497,-48.79315
2025/08/10 18:17:00,AQUA_M-T,Brasil,SÃO PAULO,RIO DAS PEDRAS,Mata Atlântica,5,0.0,0.9,7.7,-22.78432,-47.5427
2025/08/10 18:17:00,AQUA_M-T,Brasil,SÃO PAULO,ARARAQUARA,Cerrado,5,0.0,0.94,18.6,-21.73429,-48.17386
2025/08/10 18:17:00,AQUA_M-T,Brasil,SÃO PAULO,PAULÍNIA,Cerrado,5,0.0,-999.0,15.7,-22.73738,-47.17801
2025/08/10 18:17:00,AQUA_M-T,Brasil,SÃO PAULO,ITAPIRA,Mata Atlântica,5,0.0,0.94,49.4,-22.53475,-46.82493
2025/08/10 18:17:00,AQUA_M-T,Brasil,SÃO PAULO,JAGUARIÚNA,Mata Atlântica,5,0.0,0.91,9.8,-22.6733,-47.00511
2025/08/10 18:17:00,AQUA_M-T,Brasil,SÃO PAULO,GUAIÇARA,Mata Atlântica,5,0.0,0.95,7.1,-21.63627,-49.78487
2025/08/10 18:17:00,AQUA_M-T,Brasil,SÃO PAULO,BAURU,Cerrado,5,0.0,-999.0,20.2,-22.30707,-49.12407
2025/08/10 18:17:00,AQUA_M-T,Brasil,SÃO PAULO,RIO DAS PEDRAS,Mata Atlântica,5,0.0,0.9,20.1,-22.78581,-47.55241
2025/08/10 18:17:00,AQUA_M-T,Brasil,SÃO PAULO,RAFARD,Mata Atlântica,5,0.0,0.89,11.2,-23.0037,-47.65024
2025/08/10 18:17:00,AQUA_M-T,Brasil,SÃO PAULO,ITAPIRA,Mata Atlântica,5,0.0,0.94,13.4,-22.53315,-46.81469
2025/08/10 18:17:00,AQUA_M-T,Brasil,SÃO PAULO,BARRETOS,Cerrado,5,0.0,-999.0,7.1,-20.58201,-48.56005
2025/08/10 18:17:00,AQUA_M-T,Brasil,SÃO PAULO,ARARAS,Cerrado,4,0.0,0.94,5.9,-22.20937,-47.22973
2025/08/10 18:17:00,AQUA_M-T,Brasil,SÃO PAULO,LIMEIRA,Mata Atlântica,5,0.0,-999.0,5.5,-22.54609,-47.43348
2025/08/10 18:19:00,AQUA_M-T,Brasil,SÃO PAULO,IGARAPAVA,Cerrado,5,0.0,0.95,9.7,-20.06561,-47.58947
2025/08/12 17:56:00,AQUA_M-T,Brasil,SÃO PAULO,SALTO,Mata Atlântica,7,0.0,-999.0,8.3,-23.21759,-47.29027
2025/08/12 17:56:00,AQUA_M-T,Brasil,SÃO PAULO,PIEDADE,Mata Atlântica,4,0.0,0.65,26.7,-23.6729,-47.44751
2025/08/12 17:56:00,AQUA_M-T,Brasil,SÃO PAULO,GUARULHOS,Mata Atlântica,7,0.0,-999.0,8.3,-23.43553,-46.41562
2025/08/12 17:56:00,AQUA_M-T,Brasil,SÃO PAULO,CUNHA,Mata Atlântica,6,0.0,0.89,7.0,-23.0575,-45.02389
2025/08/12 17:56:00,AQUA_M-T,Brasil,SÃO PAULO,JUNDIAÍ,Mata Atlântica,7,0.0,0.97,26.9,-23.11716,-46.95833
2025/08/12 17:56:00,AQUA_M-T,Brasil,SÃO PAULO,OSVALDO CRUZ,Mata Atlântica,7,0.0,1.0,30.2,-21.70841,-50.91112
2025/08/12 17:56:00,AQUA_M-T,Brasil,SÃO PAULO,JACAREÍ,Mata Atlântica,7,0.0,0.89,9.1,-23.21652,-46.04639
2025/08/12 17:56:00,AQUA_M-T,Brasil,SÃO PAULO,SALTO,Mata Atlântica,7,0.0,-999.0,11.6,-23.21923,-47.30391
2025/08/12 17:56:00,AQUA_M-T,Brasil,SÃO PAULO,GUARULHOS,Mata Atlântica,7,0.0,-999.0,5.5,-23.43545,-46.41021
2025/08/12 17:56:00,AQUA_M-T,Brasil,SÃO PAULO,PINDAMONHANGABA,Mata Atlântica,6,0.0,0.93,9.1,-22.86648,-45.46348
2025/08/12 17:56:00,AQUA_M-T,Brasil,SÃO PAULO,MOGI DAS CRUZES,Mata Atlântica,6,0.0,0.91,42.3,-23.3725,-46.15855
2025/08/12 17:56:00,AQUA_M-T,Brasil,SÃO PAULO,RIFAINA,Cerrado,7,0.0,1.0,30.3,-20.09121,-47.45311
2025/08/12 17:56:00,AQUA_M-T,Brasil,SÃO PAULO,PEDRA BELA,Mata Atlântica,7,0.0,0.71,6.2,-22.81021,-46.45797
2025/08/12 17:56:00,AQUA_M-T,Brasil,SÃO PAULO,GUARAREMA,Mata Atlântica,6,0.0,0.92,28.8,-23.32917,-46.12938
2025/08/12 17:56:00,AQUA_M-T,Brasil,SÃO PAULO,JACAREÍ,Mata Atlântica,7,0.0,0.71,8.1,-23.21507,-46.03495
2025/08/12 17:56:00,AQUA_M-T,Brasil,SÃO PAULO,RIFAINA,Cerrado,7,0.0,1.0,10.2,-20.08969,-47.4409
2025/08/12 17:56:00,AQUA_M-T,Brasil,SÃO PAULO,GUARAREMA,Mata Atlântica,7,0.0,0.92,16.0,-23.32769,-46.11769
2025/08/13 18:34:00,AQUA_M-T,Brasil,SÃO PAULO,ARARAS,Cerrado,8,0.0,1.0,25.7,-22.32935,-47.29152
2025/08/13 18:34:00,AQUA_M-T,Brasil,SÃO PAULO,BARRA DO CHAPÉU,Mata Atlântica,7,0.0,0.39,7.1,-24.38254,-49.02407
2025/08/13 18:34:00,AQUA_M-T,Brasil,SÃO PAULO,RIBEIRÃO PRETO,Cerrado,8,0.0,1.0,142.1,-21.19833,-47.7036
2025/08/13 18:34:00,AQUA_M-T,Brasil,SÃO PAULO,ARUJÁ,Mata Atlântica,8,0.0,0.8,35.6,-23.41714,-46.29112
2025/08/13 18:34:00,AQUA_M-T,Brasil,SÃO PAULO,BEBEDOURO,Cerrado,8,0.0,-999.0,19.9,-20.93693,-48.44922
2025/08/13 18:34:00,AQUA_M-T,Brasil,SÃO PAULO,SUMARÉ,Mata Atlântica,8,0.0,0.98,15.2,-22.85339,-47.24725
2025/08/13 18:34:00,AQUA_M-T,Brasil,SÃO PAULO,MAIRINQUE,Mata Atlântica,5,0.0,0.6,13.5,-23.54624,-47.23105
2025/08/13 18:34:00,AQUA_M-T,Brasil,SÃO PAULO,SÃO MANUEL,Cerrado,8,0.0,0.97,12.5,-22.71618,-48.61378
2025/08/13 18:34:00,AQUA_M-T,Brasil,SÃO PAULO,DUMONT,Cerrado,8,0.0,-999.0,150.0,-21.23446,-47.97219
2025/08/13 18:34:00,AQUA_M-T,Brasil,SÃO PAULO,MOGI GUAÇU,Cerrado,7,0.0,-999.0,28.4,-22.38695,-46.93161
2025/08/13 18:34:00,AQUA_M-T,Brasil,SÃO PAULO,MAIRINQUE,Mata Atlântica,5,0.0,0.6,16.2,-23.5439,-47.22454
2025/08/13 18:34:00,AQUA_M-T,Brasil,SÃO PAULO,RIBEIRÃO PRETO,Cerrado,8,0.0,1.0,12.2,-21.19528,-47.68653
2025/08/13 18:34:00,AQUA_M-T,Brasil,SÃO PAULO,GUAPIARA,Mata Atlântica,8,0.0,0.46,9.2,-24.2003,-48.55852
2025/08/13 18:34:00,AQUA_M-T,Brasil,SÃO PAULO,SANTA BÁRBARA D'OESTE,Mata Atlântica,8,0.0,0.98,15.5,-22.78628,-47.3923
2025/08/13 18:34:00,AQUA_M-T,Brasil,SÃO PAULO,DUMONT,Cerrado,8,0.0,1.0,133.0,-21.23166,-47.95652
2025/08/13 18:34:00,AQUA_M-T,Brasil,SÃO PAULO,JARINU,Mata Atlântica,8,0.0,0.94,18.8,-23.11827,-46.7409
2025/08/13 18:34:00,AQUA_M-T,Brasil,SÃO PAULO,ANGATUBA,Cerrado,8,0.0,0.82,9.5,-23.37122,-48.40487
2025/08/13 18:34:00,AQUA_M-T,Brasil,SÃO PAULO,ENGENHEIRO COELHO,Cerrado,8,0.0,1.0,15.7,-22.49393,-47.24356
2025/08/14 17:37:00,AQUA_M-T,Brasil,SÃO PAULO,ITAPIRA,Mata Atlântica,9,0.0,1.0,35.5,-22.51391,-46.8206
2025/08/14 17:37:00,AQUA_M-T,Brasil,SÃO PAULO,ITAPIRA,Mata Atlântica,9,0.0,1.0,35.9,-22.51367,-46.81586
2025/08/14 17:37:00,AQUA_M-T,Brasil,SÃO PAULO,SÃO JOSÉ DO RIO PARDO,Cerrado,9,0.0,1.0,111.6,-21.64163,-46.99983
2025/08/14 17:37:00,AQUA_M-T,Brasil,SÃO PAULO,FRANCA,Cerrado,9,0.0,-999.0,24.8,-20.47594,-47.41358
2025/08/14 17:37:00,AQUA_M-T,Brasil,SÃO PAULO,SÃO JOSÉ DO RIO PARDO,Cerrado,9,0.0,1.0,35.3,-21.63897,-46.97462
2025/08/14 17:37:00,AQUA_M-T,Brasil,SÃO PAULO,NUPORANGA,Cerrado,9,0.0,1.0,101.9,-20.61137,-47.73898
2025/08/14 17:37:00,AQUA_M-T,Brasil,SÃO PAULO,ARAMINA,Cerrado,9,0.0,1.0,25.2,-20.08251,-47.83727
2025/08/14 17:37:00,AQUA_M-T,Brasil,SÃO PAULO,PIRANGI,Mata Atlântica,9,0.0,1.0,90.4,-21.05494,-48.66294
2025/08/14 17:37:00,AQUA_M-T,Brasil,SÃO PAULO,SÃO JOSÉ DO RIO PARDO,Cerrado,9,0.0,1.0,91.0,-21.64207,-47.00494
2025/08/14 17:37:00,AQUA_M-T,Brasil,SÃO PAULO,JACAREÍ,Mata Atlântica,9,0.0,0.77,17.7,-23.26126,-46.14682
2025/08/14 17:37:00,AQUA_M-T,Brasil,SÃO PAULO,SANTA ISABEL,Mata Atlântica,9,0.0,0.94,85.4,-23.26795,-46.16626
2025/08/14 17:37:00,AQUA_M-T,Brasil,SÃO PAULO,JACAREÍ,Mata Atlântica,9,0.0,0.95,20.8,-23.20571,-46.01927
2025/08/14 17:37:00,AQUA_M-T,Brasil,SÃO PAULO,SÃO JOSÉ DA BELA VISTA,Cerrado,9,0.0,1.0,160.5,-20.59593,-47.74067
2025/08/14 17:37:00,AQUA_M-T,Brasil,SÃO PAULO,SANTA ISABEL,Mata Atlântica,9,0.0,0.94,74.8,-23.26397,-46.17375
2025/08/14 17:37:00,AQUA_M-T,Brasil,SÃO PAULO,SÃO JOSÉ DA BELA VISTA,Cerrado,9,0.0,1.0,65.7,-20.59702,-47.7126
2025/08/14 17:37:00,AQUA_M-T,Brasil,SÃO PAULO,PIRANGI,Mata Atlântica,9,0.0,1.0,86.2,-21.04969,-48.66721
2025/08/14 17:37:00,AQUA_M-T,Brasil,SÃO PAULO,NUPORANGA,Cerrado,9,0.0,1.0,221.8,-20.60025,-47.74508
2025/08/15 18:13:00,AQUA_M-T,Brasil,SÃO PAULO,GUARULHOS,Mata Atlântica,10,0.0,0.55,4.7,-23.35632,-46.40575
2025/08/15 18:13:00,AQUA_M-T,Brasil,SÃO PAULO,ITAPIRA,Mata Atlântica,10,0.0,1.0,106.0,-22.53961,-46.80631
2025/08/15 18:13:00,AQUA_M-T,Brasil,SÃO PAULO,JACAREÍ,Mata Atlântica,10,0.0,0.94,4.4,-23.33324,-46.0197
2025/08/15 18:13:00,AQUA_M-T,Brasil,SÃO PAULO,PIRACICABA,Mata Atlântica,10,0.0,1.0,5.9,-22.70178,-47.7108
2025/08/15 18:13:00,AQUA_M-T,Brasil,SÃO PAULO,QUELUZ,Mata Atlântica,10,0.0,0.93,20.8,-22.57028,-44.7884
2025/08/15 18:13:00,AQUA_M-T,Brasil,SÃO PAULO,ITAPIRA,Mata Atlântica,10,0.0,1.0,13.3,-22.54109,-46.81606
2025/08/15 18:13:00,AQUA_M-T,Brasil,SÃO PAULO,QUELUZ,Mata Atlântica,10,0.0,0.84,20.5,-22.57216,-44.79974
2025/08/15 18:13:00,AQUA_M-T,Brasil,SÃO PAULO,PORTO FELIZ,Mata Atlântica,10,0.0,1.0,5.6,-23.23683,-47.50589
2025/08/15 18:13:00,AQUA_M-T,Brasil,SÃO PAULO,PORTO FELIZ,Mata Atlântica,10,0.0,-999.0,7.7,-23.23823,-47.51544
2025/08/15 18:13:00,AQUA_M-T,Brasil,SÃO PAULO,AVARÉ,Cerrado,10,0.0,0.97,8.3,-22.96359,-48.82631
2025/08/15 18:13:00,AQUA_M-T,Brasil,SÃO PAULO,TATUÍ,Mata Atlântica,10,0.0,0.96,14.0,-23.47399,-47.80522
2025/08/15 18:13:00,AQUA_M-T,Brasil,SÃO PAULO,ARARAS,Mata Atlântica,10,0.0,-999.0,6.3,-22.36441,-47.35836
2025/08/15 18:13:00,AQUA_M-T,Brasil,SÃO PAULO,TATUÍ,Mata Atlântica,10,0.0,0.96,21.1,-23.4726,-47.79564
2025/08/15 18:13:00,AQUA_M-T,Brasil,SÃO PAULO,AVARÉ,Cerrado,10,0.0,1.0,15.9,-22.97254,-48.82481
2025/08/15 18:13:00,AQUA_M-T,Brasil,SÃO PAULO,SOROCABA,Mata Atlântica,9,0.0,-999.0,4.7,-23.45625,-47.43552
2025/08/15 18:15:00,AQUA_M-T,Brasil,SÃO PAULO,MOCOCA,Cerrado,9,0.0,1.0,4.9,-21.44926,-46.98514
2025/08/15 18:15:00,AQUA_M-T,Brasil,SÃO PAULO,TRABIJU,Cerrado,10,0.0,1.0,12.8,-21.99639,-48.3081
2025/08/15 18:15:00,AQUA_M-T,Brasil,SÃO PAULO,SÃO CARLOS,Cerrado,10,0.0,1.0,51.3,-22.10539,-47.85027
2025/08/15 18:15:00,AQUA_M-T,Brasil,SÃO PAULO,MOCOCA,Cerrado,9,0.0,1.0,7.3,-21.44035,-46.98673
2025/08/15 18:15:00,AQUA_M-T,Brasil,SÃO PAULO,SÃO CARLOS,Cerrado,10,0.0,1.0,11.1,-22.10677,-47.85973
2025/08/15 18:15:00,AQUA_M-T,Brasil,SÃO PAULO,BAURU,Cerrado,10,0.0,1.0,32.1,-22.38639,-49.04387
2025/08/15 18:15:00,AQUA_M-T,Brasil,SÃO PAULO,TRABIJU,Cerrado,10,0.0,1.0,10.9,-21.99776,-48.3176
2025/08/15 18:15:00,AQUA_M-T,Brasil,SÃO PAULO,DUARTINA,Mata Atlântica,10,0.0,1.0,5.5,-22.33997,-49.31169
2025/08/16 18:53:00,AQUA_M-T,Brasil,SÃO PAULO,PAULICÉIA,Mata Atlântica,10,0.0,1.0,16.7,-21.17946,-51.75953
2025/08/16 18:53:00,AQUA_M-T,Brasil,SÃO PAULO,PAULICÉIA,Mata Atlântica,11,0.0,1.0,12.9,-21.17554,-51.76576
2025/08/17 17:54:00,AQUA_M-T,Brasil,SÃO PAULO,CATANDUVA,Mata Atlântica,12,0.0,-999.0,20.1,-21.13298,-48.99973
2025/08/17 17:54:00,AQUA_M-T,Brasil,SÃO PAULO,LORENA,Mata Atlântica,11,0.0,0.86,8.6,-22.82607,-45.05413
2025/08/17 17:54:00,AQUA_M-T,Brasil,SÃO PAULO,ENGENHEIRO COELHO,Cerrado,12,0.0,1.0,8.6,-22.51473,-47.19803
2025/08/17 17:54:00,AQUA_M-T,Brasil,SÃO PAULO,LIMEIRA,Cerrado,12,0.0,1.0,53.3,-22.63234,-47.32879
2025/08/17 17:54:00,AQUA_M-T,Brasil,SÃO PAULO,CATANDUVA,Mata Atlântica,12,0.0,1.0,129.0,-21.135,-49.01823
2025/08/17 17:54:00,AQUA_M-T,Brasil,SÃO PAULO,GUARATINGUETÁ,Mata Atlântica,11,0.0,-999.0,9.2,-22.8262,-45.20314
2025/08/17 17:54:00,AQUA_M-T,Brasil,SÃO PAULO,GUZOLÂNDIA,Mata Atlântica,12,0.0,1.0,39.6,-20.62334,-50.80279
2025/08/17 17:54:00,AQUA_M-T,Brasil,SÃO PAULO,PINDAMONHANGABA,Mata Atlântica,11,0.0,1.0,9.4,-22.97845,-45.44404
2025/08/17 17:54:00,AQUA_M-T,Brasil,SÃO PAULO,JACAREÍ,Mata Atlântica,12,0.0,1.0,5.4,-23.20512,-46.01865
2025/08/17 17:54:00,AQUA_M-T,Brasil,SÃO PAULO,LORENA,Mata Atlântica,11,0.0,1.0,10.6,-22.82752,-45.06514
2025/08/17 17:54:00,AQUA_M-T,Brasil,SÃO PAULO,ATIBAIA,Mata Atlântica,12,0.0,1.0,7.6,-23.04285,-46.66609
2025/08/17 17:54:00,AQUA_M-T,Brasil,SÃO PAULO,ATIBAIA,Mata Atlântica,12,0.0,1.0,7.3,-23.04901,-46.67389
2025/08/17 17:54:00,AQUA_M-T,Brasil,SÃO PAULO,LIMEIRA,Cerrado,12,0.0,1.0,9.3,-22.63054,-47.31368
2025/08/17 17:54:00,AQUA_M-T,Brasil,SÃO PAULO,LIMEIRA,Cerrado,12,0.0,1.0,45.1,-22.64334,-47.32739
2025/08/17 17:54:00,AQUA_M-T,Brasil,SÃO PAULO,PINDAMONHANGABA,Mata Atlântica,11,0.0,1.0,20.2,-22.98212,-45.44884
2025/08/17 17:54:00,AQUA_M-T,Brasil,SÃO PAULO,ÁGUAS DA PRATA,Mata Atlântica,11,0.0,1.0,13.0,-21.84126,-46.75814
2025/08/17 17:54:00,AQUA_M-T,Brasil,SÃO PAULO,SÃO JOSÉ DOS CAMPOS,Mata Atlântica,11,0.0,-999.0,11.8,-23.15002,-45.82276
2025/08/17 17:54:00,AQUA_M-T,Brasil,SÃO PAULO,PINDAMONHANGABA,Mata Atlântica,11,0.0,1.0,25.8,-22.97997,-45.45573
2025/08/17 17:54:00,AQUA_M-T,Brasil,SÃO PAULO,JACAREÍ,Mata Atlântica,12,0.0,1.0,8.7,-23.31294,-46.06112
2025/08/17 17:54:00,AQUA_M-T,Brasil,SÃO PAULO,VARGEM GRANDE DO SUL,Mata Atlântica,11,0.0,0.85,28.3,-21.83098,-46.76054
2025/08/17 17:54:00,AQUA_M-T,Brasil,SÃO PAULO,CAJAMAR,Mata Atlântica,11,0.0,0.56,31.1,-23.32176,-46.88246
2025/08/17 17:54:00,AQUA_M-T,Brasil,SÃO PAULO,JAÚ,Mata Atlântica,12,0.0,1.0,41.1,-22.28895,-48.51093
2025/08/17 17:54:00,AQUA_M-T,Brasil,SÃO PAULO,PINDAMONHANGABA,Mata Atlântica,11,0.0,1.0,8.8,-22.98359,-45.46054
2025/08/17 17:54:00,AQUA_M-T,Brasil,SÃO PAULO,JAÚ,Mata Atlântica,12,0.0,1.0,20.0,-22.28691,-48.49258
2025/08/18 18:32:00,AQUA_M-T,Brasil,SÃO PAULO,ORIENTE,Mata Atlântica,13,0.0,1.0,13.9,-22.07453,-50.05421
2025/08/18 18:32:00,AQUA_M-T,Brasil,SÃO PAULO,CERQUEIRA CÉSAR,Cerrado,13,0.0,0.95,12.4,-22.99301,-49.19541
2025/08/18 18:32:00,AQUA_M-T,Brasil,SÃO PAULO,TAQUARITINGA,Cerrado,13,0.0,1.0,11.1,-21.40036,-48.47595
2025/08/18 18:32:00,AQUA_M-T,Brasil,SÃO PAULO,RIBEIRÃO BRANCO,Mata Atlântica,13,0.0,0.52,44.3,-24.12958,-48.71417
2025/08/18 18:32:00,AQUA_M-T,Brasil,SÃO PAULO,CHARQUEADA,Cerrado,13,0.0,1.0,83.3,-22.60645,-47.70449
2025/08/18 18:32:00,AQUA_M-T,Brasil,SÃO PAULO,BIRITIBA MIRIM,Mata Atlântica,13,0.0,0.71,18.1,-23.55401,-46.00094
2025/08/18 18:32:00,AQUA_M-T,Brasil,SÃO PAULO,TAPIRAÍ,Mata Atlântica,10,0.0,0.94,55.3,-23.89681,-47.53935
2025/08/18 18:32:00,AQUA_M-T,Brasil,SÃO PAULO,CAJAMAR,Mata Atlântica,12,0.0,0.54,17.3,-23.30985,-46.89826
2025/08/18 18:32:00,AQUA_M-T,Brasil,SÃO PAULO,ARARAQUARA,Cerrado,13,0.0,0.83,28.3,-21.87803,-48.18223
2025/08/18 18:32:00,AQUA_M-T,Brasil,SÃO PAULO,CAPELA DO ALTO,Mata Atlântica,13,0.0,1.0,16.9,-23.47719,-47.6936
2025/08/18 18:32:00,AQUA_M-T,Brasil,SÃO PAULO,ATIBAIA,Mata Atlântica,13,0.0,0.81,11.7,-23.20003,-46.6124
2025/08/18 18:32:00,AQUA_M-T,Brasil,SÃO PAULO,APIAÍ,Mata Atlântica,11,0.0,0.47,16.8,-24.53473,-48.9193
2025/08/18 18:32:00,AQUA_M-T,Brasil,SÃO PAULO,CAPELA DO ALTO,Mata Atlântica,13,0.0,1.0,19.3,-23.47064,-47.68614
2025/08/18 18:32:00,AQUA_M-T,Brasil,SÃO PAULO,CHAVANTES,Mata Atlântica,13,0.0,1.0,32.0,-23.07122,-49.74094
2025/08/18 18:32:00,AQUA_M-T,Brasil,SÃO PAULO,CAPIVARI,Mata Atlântica,13,0.0,1.0,59.8,-22.89251,-47.4928
2025/08/18 18:32:00,AQUA_M-T,Brasil,SÃO PAULO,BARRA DO CHAPÉU,Mata Atlântica,12,0.0,0.48,5.7,-24.38412,-49.0092
2025/08/18 18:32:00,AQUA_M-T,Brasil,SÃO PAULO,ARARAQUARA,Cerrado,13,0.0,1.0,126.1,-21.88042,-48.1962
2025/08/18 18:32:00,AQUA_M-T,Brasil,SÃO PAULO,PIQUETE,Mata Atlântica,12,0.0,0.93,17.0,-22.64677,-45.17694
2025/08/18 18:32:00,AQUA_M-T,Brasil,SÃO PAULO,TAMBAÚ,Cerrado,12,0.0,0.99,20.7,-21.56574,-47.25663
2025/08/18 18:32:00,AQUA_M-T,Brasil,SÃO PAULO,BIRITIBA MIRIM,Mata Atlântica,13,0.0,0.89,14.9,-23.54718,-45.99703
2025/08/18 18:32:00,AQUA_M-T,Brasil,SÃO PAULO,PIEDADE,Mata Atlântica,10,0.0,0.95,7.3,-23.75307,-47.43005
2025/08/18 18:32:00,AQUA_M-T,Brasil,SÃO PAULO,ARARAQUARA,Cerrado,13,0.0,0.86,30.7,-21.88847,-48.18024
2025/08/18 18:32:00,AQUA_M-T,Brasil,SÃO PAULO,PIQUETE,Mata Atlântica,12,0.0,0.77,21.6,-22.64455,-45.17199
2025/08/18 18:32:00,AQUA_M-T,Brasil,SÃO PAULO,PIRAJU,Cerrado,13,0.0,0.82,33.9,-23.21198,-49.26341
2025/08/18 18:32:00,AQUA_M-T,Brasil,SÃO PAULO,APIAÍ,Mata Atlântica,11,0.0,0.47,17.5,-24.5328,-48.90779
2025/08/18 18:32:00,AQUA_M-T,Brasil,SÃO PAULO,PIRAJU,Cerrado,13,0.0,0.49,18.8,-23.21383,-49.27455
2025/08/18 18:32:00,AQUA_M-T,Brasil,SÃO PAULO,ARARAQUARA,Cerrado,13,0.0,1.0,231.8,-21.89087,-48.1944
2025/08/18 18:32:00,AQUA_M-T,Brasil,SÃO PAULO,CAPIVARI,Mata Atlântica,13,0.0,1.0,20.9,-22.88633,-47.50336
2025/08/18 18:32:00,AQUA_M-T,Brasil,SÃO PAULO,CAPIVARI,Mata Atlântica,13,0.0,1.0,15.8,-22.88894,-47.51786
2025/08/18 18:32:00,AQUA_M-T,Brasil,SÃO PAULO,CHAVANTES,Mata Atlântica,13,0.0,1.0,15.8,-23.09577,-49.74146
2025/08/18 18:32:00,AQUA_M-T,Brasil,SÃO PAULO,SALTO,Mata Atlântica,13,0.0,-999.0,18.1,-23.21438,-47.27731
2025/08/18 18:32:00,AQUA_M-T,Brasil,SÃO PAULO,CERQUEIRA CÉSAR,Cerrado,13,0.0,0.94,9.0,-22.99655,-49.20088
2025/08/18 18:32:00,AQUA_M-T,Brasil,SÃO PAULO,CHAVANTES,Mata Atlântica,13,0.0,1.0,8.8,-23.09402,-49.73075
2025/08/18 18:32:00,AQUA_M-T,Brasil,SÃO PAULO,CAPIVARI,Mata Atlântica,13,0.0,1.0,388.2,-22.89503,-47.50736
2025/08/18 18:32:00,AQUA_M-T,Brasil,SÃO PAULO,MOMBUCA,Mata Atlântica,13,0.0,1.0,211.3,-22.89962,-47.51558
2025/08/18 18:32:00,AQUA_M-T,Brasil,SÃO PAULO,TAPIRAÍ,Mata Atlântica,10,0.0,0.6,11.4,-23.8992,-47.55309
2025/08/18 18:32:00,AQUA_M-T,Brasil,SÃO PAULO,CAPIVARI,Mata Atlântica,13,0.0,1.0,365.2,-22.89702,-47.50111
2025/08/18 18:32:00,AQUA_M-T,Brasil,SÃO PAULO,RIBEIRÃO BRANCO,Mata Atlântica,13,0.0,0.52,13.5,-24.13157,-48.7259
2025/08/18 18:32:00,AQUA_M-T,Brasil,SÃO PAULO,BARRA DO CHAPÉU,Mata Atlântica,12,0.0,0.47,25.1,-24.38768,-49.0898
2025/08/18 18:32:00,AQUA_M-T,Brasil,SÃO PAULO,SALTO,Mata Atlântica,13,0.0,-999.0,17.3,-23.21552,-47.27156
2025/08/18 18:32:00,AQUA_M-T,Brasil,SÃO PAULO,CAPELA DO ALTO,Mata Atlântica,13,0.0,1.0,8.2,-23.47469,-47.67963
2025/08/18 18:32:00,AQUA_M-T,Brasil,SÃO PAULO,MOMBUCA,Mata Atlântica,13,0.0,1.0,24.2,-22.89753,-47.5218
2025/08/18 18:32:00,AQUA_M-T,Brasil,SÃO PAULO,CAPIVARI,Mata Atlântica,13,0.0,1.0,35.0,-22.8944,-47.48655
2025/08/18 18:34:00,AQUA_M-T,Brasil,SÃO PAULO,SABINO,Mata Atlântica,13,0.0,0.93,15.7,-21.52543,-49.57725
2025/08/18 18:34:00,AQUA_M-T,Brasil,SÃO PAULO,MESÓPOLIS,Mata Atlântica,13,0.0,1.0,6.7,-19.94639,-50.62755
2025/08/18 18:34:00,AQUA_M-T,Brasil,SÃO PAULO,PITANGUEIRAS,Cerrado,13,0.0,1.0,13.7,-20.97334,-48.37004
2025/08/18 18:34:00,AQUA_M-T,Brasil,SÃO PAULO,BARRETOS,Cerrado,13,0.0,-999.0,8.7,-20.56898,-48.59271
2025/08/18 18:34:00,AQUA_M-T,Brasil,SÃO PAULO,MESÓPOLIS,Mata Atlântica,13,0.0,1.0,11.1,-19.93709,-50.6292
2025/08/18 18:34:00,AQUA_M-T,Brasil,SÃO PAULO,SABINO,Mata Atlântica,13,0.0,1.0,50.9,-21.52729,-49.5886
2025/08/18 18:34:00,AQUA_M-T,Brasil,SÃO PAULO,FERNANDO PRESTES,Mata Atlântica,13,0.0,1.0,9.7,-21.32372,-48.67839
2025/08/18 18:34:00,AQUA_M-T,Brasil,SÃO PAULO,VOTUPORANGA,Cerrado,13,0.0,1.0,15.6,-20.39725,-49.91792
2025/08/18 18:34:00,AQUA_M-T,Brasil,SÃO PAULO,TAQUARITINGA,Mata Atlântica,13,0.0,1.0,26.7,-21.34658,-48.57355
2025/08/18 18:34:00,AQUA_M-T,Brasil,SÃO PAULO,TAQUARITINGA,Cerrado,13,0.0,1.0,26.4,-21.39485,-48.48261
2025/08/18 18:34:00,AQUA_M-T,Brasil,SÃO PAULO,MESÓPOLIS,Mata Atlântica,13,0.0,1.0,25.4,-19.93543,-50.6188
2025/08/18 18:34:00,AQUA_M-T,Brasil,SÃO PAULO,CÂNDIDO RODRIGUES,Mata Atlântica,13,0.0,0.97,9.6,-21.33858,-48.58857
2025/08/19 17:34:00,AQUA_M-T,Brasil,SÃO PAULO,MIGUELÓPOLIS,Cerrado,14,0.0,1.0,120.2,-20.24091,-48.11404
2025/08/19 17:34:00,AQUA_M-T,Brasil,SÃO PAULO,MIGUELÓPOLIS,Cerrado,14,0.0,1.0,95.1,-20.23719,-48.07521
2025/08/19 17:34:00,AQUA_M-T,Brasil,SÃO PAULO,SANTA CRUZ DAS PALMEIRAS,Mata Atlântica,14,0.0,1.0,125.0,-21.88702,-47.23519
2025/08/19 17:34:00,AQUA_M-T,Brasil,SÃO PAULO,BEBEDOURO,Mata Atlântica,14,0.0,0.82,45.8,-21.03604,-48.51557
2025/08/19 17:34:00,AQUA_M-T,Brasil,SÃO PAULO,SANTA CRUZ DAS PALMEIRAS,Mata Atlântica,14,0.0,1.0,108.7,-21.87906,-47.2313
2025/08/19 17:34:00,AQUA_M-T,Brasil,SÃO PAULO,BEBEDOURO,Cerrado,14,0.0,1.0,45.0,-21.01498,-48.47414
2025/08/19 17:34:00,AQUA_M-T,Brasil,SÃO PAULO,MIGUELÓPOLIS,Cerrado,13,0.0,1.0,44.5,-20.24289,-48.06688
2025/08/19 17:34:00,AQUA_M-T,Brasil,SÃO PAULO,ARARAQUARA,Cerrado,14,0.0,1.0,230.3,-21.90752,-48.20483
2025/08/19 17:34:00,AQUA_M-T,Brasil,SÃO PAULO,ARARAQUARA,Cerrado,14,0.0,1.0,230.7,-21.90975,-48.20061
2025/08/19 17:34:00,AQUA_M-T,Brasil,SÃO PAULO,MIGUELÓPOLIS,Cerrado,14,0.0,1.0,159.2,-20.24637,-48.10583
2025/08/19 17:34:00,AQUA_M-T,Brasil,SÃO PAULO,SANTA CRUZ DAS PALMEIRAS,Mata Atlântica,14,0.0,1.0,105.2,-21.89517,-47.23047
2025/08/19 17:34:00,AQUA_M-T,Brasil,SÃO PAULO,ARARAQUARA,Cerrado,14,0.0,1.0,53.7,-21.8903,-48.206
2025/08/19 17:34:00,AQUA_M-T,Brasil,SÃO PAULO,BEBEDOURO,Cerrado,14,0.0,1.0,72.6,-21.03226,-48.47204
2025/08/19 17:34:00,AQUA_M-T,Brasil,SÃO PAULO,ARARAQUARA,Cerrado,14,0.0,1.0,44.0,-21.88714,-48.21342
2025/08/20 18:11:00,AQUA_M-T,Brasil,SÃO PAULO,ITUVERAVA,Cerrado,15,0.0,1.0,11.1,-20.28998,-47.85711
2025/08/20 18:11:00,AQUA_M-T,Brasil,SÃO PAULO,CACHOEIRA PAULISTA,Mata Atlântica,15,0.0,1.0,23.5,-22.61978,-44.99982
2025/08/20 18:11:00,AQUA_M-T,Brasil,SÃO PAULO,ITUVERAVA,Cerrado,15,0.0,1.0,94.6,-20.29881,-47.85565
2025/08/20 18:11:00,AQUA_M-T,Brasil,SÃO PAULO,CACONDE,Mata Atlântica,15,0.0,1.0,59.9,-21.49506,-46.6361
2025/08/20 18:11:00,AQUA_M-T,Brasil,SÃO PAULO,SOCORRO,Mata Atlântica,15,0.1,1.0,4.9,-22.70768,-46.48141
2025/08/20 18:11:00,AQUA_M-T,Brasil,SÃO PAULO,CACONDE,Mata Atlântica,15,0.0,1.0,12.2,-21.49364,-46.62661
2025/08/20 18:11:00,AQUA_M-T,Brasil,SÃO PAULO,GUARÁ,Cerrado,15,0.0,1.0,7.5,-20.44016,-47.81633
2025/08/21 18:51:00,AQUA_M-T,Brasil,SÃO PAULO,SUZANÁPOLIS,Mata Atlântica,5,0.44,1.0,74.6,-20.47041,-51.10857
2025/08/21 18:51:00,AQUA_M-T,Brasil,SÃO PAULO,SUZANÁPOLIS,Mata Atlântica,5,0.5,1.0,98.8,-20.45849,-51.1112
2025/08/21 18:51:00,AQUA_M-T,Brasil,SÃO PAULO,SUZANÁPOLIS,Mata Atlântica,4,0.5,1.0,345.3,-20.46513,-51.11683
2025/08/22 17:52:00,AQUA_M-T,Brasil,SÃO PAULO,IGARAPAVA,Cerrado,17,0.0,1.0,249.1,-20.09601,-47.72127
2025/08/22 17:52:00,AQUA_M-T,Brasil,SÃO PAULO,BOREBI,Cerrado,2,0.0,0.82,44.9,-22.54641,-48.99834
2025/08/22 17:52:00,AQUA_M-T,Brasil,SÃO PAULO,SANTA CRUZ DAS PALMEIRAS,Mata Atlântica,17,0.0,1.0,32.2,-21.91349,-47.25466
2025/08/22 17:52:00,AQUA_M-T,Brasil,SÃO PAULO,BURITIZAL,Cerrado,17,0.0,1.0,99.8,-20.25689,-47.63602
2025/08/22 17:52:00,AQUA_M-T,Brasil,SÃO PAULO,CASA BRANCA,Cerrado,5,0.0,1.0,78.7,-21.76712,-47.07032
2025/08/22 17:52:00,AQUA_M-T,Brasil,SÃO PAULO,MOGI DAS CRUZES,Mata Atlântica,15,0.0,0.78,10.5,-23.7024,-46.22833
2025/08/22 17:52:00,AQUA_M-T,Brasil,SÃO PAULO,RIBEIRÃO PIRES,Mata Atlântica,8,0.0,0.76,9.1,-23.70354,-46.33636
2025/08/22 17:52:00,AQUA_M-T,Brasil,SÃO PAULO,SÃO JOSÉ DO BARREIRO,Mata Atlântica,16,0.0,0.92,13.1,-22.66158,-44.59504
2025/08/22 17:52:00,AQUA_M-T,Brasil,SÃO PAULO,MOGI DAS CRUZES,Mata Atlântica,17,0.0,0.86,10.1,-23.4717,-46.21643
2025/08/22 17:52:00,AQUA_M-T,Brasil,SÃO PAULO,SÃO JOSÉ DO BARREIRO,Mata Atlântica,17,0.0,0.64,14.9,-22.87786,-44.62036
2025/08/22 17:52:00,AQUA_M-T,Brasil,SÃO PAULO,RIVERSUL,Cerrado,2,0.0,0.89,133.6,-23.91221,-49.44657
2025/08/22 17:52:00,AQUA_M-T,Brasil,SÃO PAULO,SÃO LUIZ DO PARAITINGA,Mata Atlântica,10,0.0,1.0,9.3,-23.21086,-45.32074
2025/08/22 17:52:00,AQUA_M-T,Brasil,SÃO PAULO,SANTA RITA DO PASSA QUATRO,Mata Atlântica,16,0.0,1.0,100.7,-21.7521,-47.33783
2025/08/22 17:52:00,AQUA_M-T,Brasil,SÃO PAULO,ARAMINA,Cerrado,17,0.0,1.0,11.6,-20.07887,-47.77522
2025/08/22 17:52:00,AQUA_M-T,Brasil,SÃO PAULO,BARRETOS,Cerrado,17,0.0,1.0,558.7,-20.44923,-48.6127
2025/08/22 17:52:00,AQUA_M-T,Brasil,SÃO PAULO,ARAMINA,Cerrado,17,0.0,1.0,22.9,-20.15317,-47.82769
2025/08/22 17:52:00,AQUA_M-T,Brasil,SÃO PAULO,SANTA RITA DO PASSA QUATRO,Mata Atlântica,16,0.0,0.87,53.9,-21.754,-47.35442
2025/08/22 17:52:00,AQUA_M-T,Brasil,SÃO PAULO,MOCOCA,Cerrado,16,0.0,1.0,12.4,-21.31834,-47.04256
2025/08/22 17:52:00,AQUA_M-T,Brasil,SÃO PAULO,BARRETOS,Cerrado,17,0.0,1.0,57.9,-20.45143,-48.6324
2025/08/22 17:52:00,AQUA_M-T,Brasil,SÃO PAULO,MOCOCA,Cerrado,16,0.0,1.0,12.8,-21.31825,-47.04942
2025/08/22 17:52:00,AQUA_M-T,Brasil,SÃO PAULO,RIO DAS PEDRAS,Mata Atlântica,9,0.0,1.0,21.9,-22.80239,-47.54224
2025/08/22 17:52:00,AQUA_M-T,Brasil,SÃO PAULO,IGARAPAVA,Cerrado,17,0.0,1.0,86.9,-20.07481,-47.74077
2025/08/22 17:52:00,AQUA_M-T,Brasil,SÃO PAULO,AGUDOS,Cerrado,2,0.0,0.91,57.1,-22.54228,-48.99406
2025/08/22 17:52:00,AQUA_M-T,Brasil,SÃO PAULO,IGARAPAVA,Cerrado,17,0.0,1.0,128.9,-20.071,-47.70831
2025/08/22 17:52:00,AQUA_M-T,Brasil,SÃO PAULO,CASA BRANCA,Cerrado,7,0.0,-999.0,55.1,-21.76743,-47.08179
2025/08/22 17:52:00,AQUA_M-T,Brasil,SÃO PAULO,GUAPIARA,Mata Atlântica,2,0.0,0.59,17.7,-24.21626,-48.59369
2025/08/22 17:52:00,AQUA_M-T,Brasil,SÃO PAULO,MOGI GUAÇU,Cerrado,7,0.0,0.84,10.6,-22.28219,-46.98273
2025/08/22 17:52:00,AQUA_M-T,Brasil,SÃO PAULO,CAJATI,Mata Atlântica,2,0.0,0.28,11.8,-24.72594,-48.2532
2025/08/22 17:52:00,AQUA_M-T,Brasil,SÃO PAULO,PORTO FERREIRA,Mata Atlântica,17,0.0,1.0,16.7,-21.80222,-47.36562
2025/08/22 17:52:00,AQUA_M-T,Brasil,SÃO PAULO,IGARAPAVA,Cerrado,17,0.0,1.0,14.7,-20.05562,-47.67716
2025/08/22 17:52:00,AQUA_M-T,Brasil,SÃO PAULO,GUARATINGUETÁ,Mata Atlântica,16,0.0,1.0,9.2,-22.83645,-45.18786
2025/08/22 17:52:00,AQUA_M-T,Brasil,SÃO PAULO,PIRACICABA,Mata Atlântica,4,0.0,-999.0,25.5,-22.68588,-47.63655
2025/08/22 17:52:00,AQUA_M-T,Brasil,SÃO PAULO,GUAPIARA,Mata Atlântica,2,0.0,0.61,14.2,-24.22677,-48.58538
2025/08/22 17:52:00,AQUA_M-T,Brasil,SÃO PAULO,TAQUARIVAÍ,Mata Atlântica,2,0.0,0.6,44.8,-23.99643,-48.61111
2025/08/22 17:52:00,AQUA_M-T,Brasil,SÃO PAULO,LARANJAL PAULISTA,Mata Atlântica,17,0.0,1.0,15.2,-22.88863,-47.82548
2025/08/22 17:52:00,AQUA_M-T,Brasil,SÃO PAULO,RIO CLARO,Mata Atlântica,17,0.0,1.0,37.5,-22.44346,-47.5948
2025/08/22 17:52:00,AQUA_M-T,Brasil,SÃO PAULO,SÃO JOSÉ DO BARREIRO,Mata Atlântica,16,0.0,0.89,68.1,-22.65881,-44.60193
2025/08/22 17:52:00,AQUA_M-T,Brasil,SÃO PAULO,UBATUBA,Mata Atlântica,8,0.0,0.66,14.2,-23.20838,-44.90329
2025/08/22 17:52:00,AQUA_M-T,Brasil,SÃO PAULO,IBATÉ,Cerrado,17,0.0,1.0,14.4,-21.86998,-47.94767
2025/08/22 17:52:00,AQUA_M-T,Brasil,SÃO PAULO,BOREBI,Cerrado,2,0.0,0.92,28.0,-22.54397,-48.97582
2025/08/22 17:52:00,AQUA_M-T,Brasil,SÃO PAULO,IGARAPAVA,Cerrado,17,0.0,1.0,280.0,-20.08841,-47.75624
2025/08/22 17:52:00,AQUA_M-T,Brasil,SÃO PAULO,PORTO FELIZ,Mata Atlântica,17,0.0,1.0,32.4,-23.30607,-47.47889
2025/08/22 17:52:00,AQUA_M-T,Brasil,SÃO PAULO,SÃO JOSÉ DO BARREIRO,Mata Atlântica,16,0.0,0.84,84.5,-22.64925,-44.60415
2025/08/22 17:52:00,AQUA_M-T,Brasil,SÃO PAULO,IGARAPAVA,Cerrado,17,0.0,1.0,669.7,-20.08448,-47.72305
2025/08/22 17:52:00,AQUA_M-T,Brasil,SÃO PAULO,PIRACICABA,Mata Atlântica,5,0.0,-999.0,16.0,-22.66595,-47.62745
2025/08/22 17:52:00,AQUA_M-T,Brasil,SÃO PAULO,IGARAPAVA,Cerrado,17,0.0,1.0,168.5,-20.04787,-47.71117
2025/08/22 17:52:00,AQUA_M-T,Brasil,SÃO PAULO,GUAÍRA,Cerrado,17,0.0,1.0,26.7,-20.42038,-48.24897
2025/08/22 17:52:00,AQUA_M-T,Brasil,SÃO PAULO,CASA BRANCA,Cerrado,7,0.0,-999.0,22.1,-21.76907,-47.08665
2025/08/22 17:52:00,AQUA_M-T,Brasil,SÃO PAULO,MOGI DAS CRUZES,Mata Atlântica,16,0.0,0.92,9.4,-23.58054,-46.1812
2025/08/22 17:52:00,AQUA_M-T,Brasil,SÃO PAULO,ARAMINA,Cerrado,17,0.0,1.0,21.0,-20.15511,-47.84462
2025/08/22 17:52:00,AQUA_M-T,Brasil,SÃO PAULO,CASA BRANCA,Cerrado,4,0.0,1.0,47.7,-21.7656,-47.06553
2025/08/22 17:52:00,AQUA_M-T,Brasil,SÃO PAULO,IGARAPAVA,Cerrado,17,0.0,1.0,266.5,-20.0825,-47.70639
2025/08/22 17:52:00,AQUA_M-T,Brasil,SÃO PAULO,ITARARÉ,Cerrado,2,0.0,0.6,39.7,-23.91479,-49.47297
2025/08/22 17:52:00,AQUA_M-T,Brasil,SÃO PAULO,SÃO LUIZ DO PARAITINGA,Mata Atlântica,9,0.0,1.0,9.7,-23.2096,-45.32881
2025/08/22 17:52:00,AQUA_M-T,Brasil,SÃO PAULO,IGARAPAVA,Cerrado,17,0.0,1.0,61.7,-20.05755,-47.69361
2025/08/22 17:52:00,AQUA_M-T,Brasil,SÃO PAULO,SANTA CRUZ DAS PALMEIRAS,Mata Atlântica,17,0.0,1.0,16.7,-21.902,-47.25617
2025/08/22 17:52:00,AQUA_M-T,Brasil,SÃO PAULO,IGARAPAVA,Cerrado,17,0.0,1.0,96.5,-20.08641,-47.73933
2025/08/22 17:52:00,AQUA_M-T,Brasil,SÃO PAULO,IGARAPAVA,Cerrado,17,0.0,1.0,53.2,-20.0441,-47.67866
2025/08/22 17:52:00,AQUA_M-T,Brasil,SÃO PAULO,ITAPETININGA,Mata Atlântica,17,0.0,1.0,15.3,-23.72629,-48.1286
2025/08/22 17:52:00,AQUA_M-T,Brasil,SÃO PAULO,ESTIVA GERBI,Cerrado,9,0.0,1.0,10.8,-22.28032,-46.96672
2025/08/22 17:52:00,AQUA_M-T,Brasil,SÃO PAULO,IGARAPAVA,Cerrado,17,0.0,1.0,107.3,-20.04976,-47.72748
2025/08/22 17:52:00,AQUA_M-T,Brasil,SÃO PAULO,POTIM,Mata Atlântica,16,0.0,1.0,8.7,-22.82924,-45.28466
2025/08/22 17:52:00,AQUA_M-T,Brasil,SÃO PAULO,CAMPINAS,Mata Atlântica,17,0.0,1.0,11.6,-22.89143,-46.92568
2025/08/22 17:52:00,AQUA_M-T,Brasil,SÃO PAULO,SANTA ISABEL,Mata Atlântica,17,0.0,1.0,40.1,-23.29501,-46.26899
2025/08/22 17:52:00,AQUA_M-T,Brasil,SÃO PAULO,IGARAPAVA,Cerrado,17,0.0,1.0,52.7,-20.04601,-47.69509
2025/08/22 17:52:00,AQUA_M-T,Brasil,SÃO PAULO,VOTUPORANGA,Cerrado,17,0.0,-999.0,21.2,-20.40364,-49.99953
2025/08/22 17:52:00,AQUA_M-T,Brasil,SÃO PAULO,SÃO JOSÉ DO BARREIRO,Mata Atlântica,16,0.0,0.78,10.2,-22.66029,-44.61322
2025/08/22 17:52:00,AQUA_M-T,Brasil,SÃO PAULO,ARAMINA,Cerrado,17,0.0,1.0,36.4,-20.09045,-47.77343
2025/08/22 17:52:00,AQUA_M-T,Brasil,SÃO PAULO,SANTA RITA DO PASSA QUATRO,Mata Atlântica,17,0.0,1.0,13.0,-21.76361,-47.33615
2025/08/22 17:52:00,AQUA_M-T,Brasil,SÃO PAULO,GUAÍRA,Cerrado,17,0.0,1.0,273.2,-20.41826,-48.2305
2025/08/22 17:52:00,AQUA_M-T,Brasil,SÃO PAULO,SÃO JOSÉ DO BARREIRO,Mata Atlântica,16,0.0,0.8,27.9,-22.66298,-44.60617
2025/08/22 17:52:00,AQUA_M-T,Brasil,SÃO PAULO,IGARAPAVA,Cerrado,17,0.0,1.0,40.8,-20.05945,-47.7099
2025/08/22 17:52:00,AQUA_M-T,Brasil,SÃO PAULO,SANTA RITA DO PASSA QUATRO,Mata Atlântica,17,0.0,1.0,58.4,-21.75592,-47.37115
2025/08/22 17:52:00,AQUA_M-T,Brasil,SÃO PAULO,PIRACICABA,Mata Atlântica,8,0.0,-999.0,23.4,-22.66381,-47.60896
2025/08/22 17:52:00,AQUA_M-T,Brasil,SÃO PAULO,IGARAPAVA,Cerrado,17,0.0,1.0,90.1,-20.09402,-47.70458
2025/08/22 17:52:00,AQUA_M-T,Brasil,SÃO PAULO,IGARAPAVA,Cerrado,17,0.0,1.0,65.2,-20.07293,-47.72473
2025/08/22 17:52:00,AQUA_M-T,Brasil,SÃO PAULO,IGARAPAVA,Cerrado,17,0.0,1.0,168.1,-20.07681,-47.75775
2025/08/22 17:52:00,AQUA_M-T,Brasil,SÃO PAULO,MOGI DAS CRUZES,Mata Atlântica,17,0.0,0.96,19.8,-23.4735,-46.23157
2025/08/22 17:52:00,AQUA_M-T,Brasil,SÃO PAULO,CAJATI,Mata Atlântica,2,0.0,0.28,19.4,-24.72503,-48.2472
2025/08/22 17:52:00,AQUA_M-T,Brasil,SÃO PAULO,SANTA RITA DO PASSA QUATRO,Mata Atlântica,16,0.0,1.0,59.5,-21.75018,-47.32109
2025/08/22 17:52:00,AQUA_M-T,Brasil,SÃO PAULO,RIO CLARO,Mata Atlântica,17,0.0,1.0,55.5,-22.45535,-47.59331
2025/08/23 18:28:00,AQUA_M-T,Brasil,SÃO PAULO,ITAPEVA,Mata Atlântica,3,0.0,0.77,12.1,-24.00125,-48.60698
2025/08/23 18:28:00,AQUA_M-T,Brasil,SÃO PAULO,TAPIRAÍ,Mata Atlântica,15,0.0,0.88,8.3,-23.88769,-47.563
2025/08/23 18:28:00,AQUA_M-T,Brasil,SÃO PAULO,RIBEIRA,Mata Atlântica,3,0.0,1.0,28.6,-24.61165,-49.0646
2025/08/23 18:28:00,AQUA_M-T,Brasil,SÃO PAULO,BIRITIBA MIRIM,Mata Atlântica,18,0.0,0.93,17.3,-23.63312,-46.02279
2025/08/23 18:28:00,AQUA_M-T,Brasil,SÃO PAULO,BURI,Cerrado,3,0.0,0.73,29.7,-23.89472,-48.57684
2025/08/23 18:28:00,AQUA_M-T,Brasil,SÃO PAULO,CAJAMAR,Mata Atlântica,15,0.0,-999.0,16.1,-23.36642,-46.86778
2025/08/23 18:28:00,AQUA_M-T,Brasil,SÃO PAULO,JACUPIRANGA,Mata Atlântica,3,0.0,0.43,8.3,-24.89835,-48.07619
2025/08/23 18:28:00,AQUA_M-T,Brasil,SÃO PAULO,TAPIRAÍ,Mata Atlântica,8,0.0,0.72,51.2,-23.91232,-47.46107
2025/08/23 18:28:00,AQUA_M-T,Brasil,SÃO PAULO,BARRA DO CHAPÉU,Mata Atlântica,3,0.0,0.59,5.3,-24.39852,-49.05058
2025/08/23 18:28:00,AQUA_M-T,Brasil,SÃO PAULO,IBIÚNA,Mata Atlântica,14,0.0,0.74,6.0,-23.877,-47.25624
2025/08/23 18:28:00,AQUA_M-T,Brasil,SÃO PAULO,ARAÇOIABA DA SERRA,Mata Atlântica,18,0.0,0.97,22.0,-23.51926,-47.63598
2025/08/23 18:28:00,AQUA_M-T,Brasil,SÃO PAULO,TATUÍ,Mata Atlântica,18,0.0,1.0,93.6,-23.32746,-47.8396
2025/08/23 18:28:00,AQUA_M-T,Brasil,SÃO PAULO,TATUÍ,Mata Atlântica,18,0.0,-999.0,11.4,-23.33934,-47.84961
2025/08/23 18:28:00,AQUA_M-T,Brasil,SÃO PAULO,ARAÇOIABA DA SERRA,Mata Atlântica,18,0.0,0.99,12.1,-23.52717,-47.62184
2025/08/23 18:28:00,AQUA_M-T,Brasil,SÃO PAULO,PIRAPORA DO BOM JESUS,Mata Atlântica,15,0.0,0.78,21.2,-23.36572,-46.92564
2025/08/23 18:28:00,AQUA_M-T,Brasil,SÃO PAULO,ARAÇOIABA DA SERRA,Mata Atlântica,18,0.0,-999.0,18.2,-23.51719,-47.62369
2025/08/23 18:28:00,AQUA_M-T,Brasil,SÃO PAULO,BIRITIBA MIRIM,Mata Atlântica,17,0.0,0.92,26.2,-23.65327,-46.06016
2025/08/23 18:28:00,AQUA_M-T,Brasil,SÃO PAULO,TAQUARIVAÍ,Mata Atlântica,3,0.0,0.61,17.6,-23.99189,-48.60879
2025/08/23 18:28:00,AQUA_M-T,Brasil,SÃO PAULO,BIRITIBA MIRIM,Mata Atlântica,18,0.0,0.93,12.8,-23.62205,-45.96029
2025/08/23 18:28:00,AQUA_M-T,Brasil,SÃO PAULO,PIEDADE,Mata Atlântica,15,0.0,0.85,12.4,-23.66886,-47.42503
2025/08/23 18:28:00,AQUA_M-T,Brasil,SÃO PAULO,RIBEIRÃO PIRES,Mata Atlântica,17,0.0,0.88,9.5,-23.72669,-46.46527
2025/08/23 18:28:00,AQUA_M-T,Brasil,SÃO PAULO,TATUÍ,Mata Atlântica,18,0.0,-999.0,12.5,-23.33728,-47.83745
2025/08/23 18:28:00,AQUA_M-T,Brasil,SÃO PAULO,PIEDADE,Mata Atlântica,15,0.0,0.83,5.6,-23.6667,-47.41224
2025/08/23 18:28:00,AQUA_M-T,Brasil,SÃO PAULO,IBIÚNA,Mata Atlântica,14,0.0,0.75,14.3,-23.87473,-47.24309
2025/08/23 18:28:00,AQUA_M-T,Brasil,SÃO PAULO,PIRAPORA DO BOM JESUS,Mata Atlântica,15,0.0,0.79,47.3,-23.36811,-46.93931
2025/08/23 18:28:00,AQUA_M-T,Brasil,SÃO PAULO,PIRAPORA DO BOM JESUS,Mata Atlântica,16,0.0,0.81,12.9,-23.36961,-47.00933
2025/08/23 18:28:00,AQUA_M-T,Brasil,SÃO PAULO,TATUÍ,Mata Atlântica,18,0.0,1.0,90.1,-23.32953,-47.85178
2025/08/23 18:28:00,AQUA_M-T,Brasil,SÃO PAULO,ITAOCA,Mata Atlântica,3,0.22,1.0,6.4,-24.61124,-48.82653
2025/08/23 18:28:00,AQUA_M-T,Brasil,SÃO PAULO,SÃO PAULO,Mata Atlântica,16,0.0,-999.0,63.8,-23.40418,-46.73703
2025/08/23 18:28:00,AQUA_M-T,Brasil,SÃO PAULO,CAPÃO BONITO,Mata Atlântica,3,0.0,0.49,39.8,-24.13098,-48.21208
2025/08/23 18:28:00,AQUA_M-T,Brasil,SÃO PAULO,BURI,Cerrado,3,0.0,0.63,22.9,-23.89654,-48.58789
2025/08/23 18:28:00,AQUA_M-T,Brasil,SÃO PAULO,RIBEIRA,Mata Atlântica,3,0.0,1.0,16.3,-24.60997,-49.05418
2025/08/23 18:28:00,AQUA_M-T,Brasil,SÃO PAULO,RIBEIRA,Mata Atlântica,3,0.0,1.0,18.2,-24.60397,-49.06117
2025/08/23 18:28:00,AQUA_M-T,Brasil,SÃO PAULO,BIRITIBA MIRIM,Mata Atlântica,17,0.0,0.93,21.5,-23.62215,-45.95321
2025/08/23 18:28:00,AQUA_M-T,Brasil,SÃO PAULO,TAPIRAÍ,Mata Atlântica,9,0.0,0.73,24.7,-23.91444,-47.47344
2025/08/23 18:30:00,AQUA_M-T,Brasil,SÃO PAULO,SANTA CRUZ DAS PALMEIRAS,Mata Atlântica,18,0.0,1.0,8.6,-21.90746,-47.25283
2025/08/23 18:30:00,AQUA_M-T,Brasil,SÃO PAULO,SÃO CARLOS,Cerrado,18,0.0,1.0,26.0,-22.02216,-47.97214
2025/08/23 18:30:00,AQUA_M-T,Brasil,SÃO PAULO,SÃO CARLOS,Cerrado,18,0.0,1.0,70.1,-22.02199,-47.96508
2025/08/23 18:30:00,AQUA_M-T,Brasil,SÃO PAULO,GARÇA,Mata Atlântica,3,0.0,0.78,6.4,-22.24396,-49.63767
2025/08/23 18:30:00,AQUA_M-T,Brasil,SÃO PAULO,SÃO CARLOS,Cerrado,18,0.0,0.99,27.7,-22.01798,-47.94781
2025/08/23 18:30:00,AQUA_M-T,Brasil,SÃO PAULO,SÃO CARLOS,Cerrado,18,0.0,1.0,22.8,-21.99998,-47.95687
2025/08/23 18:30:00,AQUA_M-T,Brasil,SÃO PAULO,LIMEIRA,Cerrado,18,0.0,1.0,27.6,-22.66683,-47.45636
2025/08/23 18:30:00,AQUA_M-T,Brasil,SÃO PAULO,POTIRENDABA,Mata Atlântica,18,0.0,1.0,11.8,-21.17051,-49.41046
2025/08/23 18:30:00,AQUA_M-T,Brasil,SÃO PAULO,RIO CLARO,Cerrado,18,0.0,0.96,65.1,-22.30127,-47.60919
2025/08/23 18:30:00,AQUA_M-T,Brasil,SÃO PAULO,FERNANDO PRESTES,Cerrado,18,0.0,1.0,94.6,-21.36945,-48.68242
2025/08/23 18:30:00,AQUA_M-T,Brasil,SÃO PAULO,LIMEIRA,Cerrado,18,0.0,1.0,26.0,-22.66461,-47.44322
2025/08/23 18:30:00,AQUA_M-T,Brasil,SÃO PAULO,SÃO CARLOS,Cerrado,18,0.0,1.0,150.2,-22.00204,-47.96917
2025/08/23 18:30:00,AQUA_M-T,Brasil,SÃO PAULO,FERNANDO PRESTES,Mata Atlântica,18,0.0,1.0,12.9,-21.32698,-48.66708
2025/08/23 18:30:00,AQUA_M-T,Brasil,SÃO PAULO,IBATÉ,Cerrado,18,0.0,1.0,9.8,-21.95053,-48.03025
2025/08/23 18:30:00,AQUA_M-T,Brasil,SÃO PAULO,FERNANDO PRESTES,Cerrado,18,0.0,1.0,26.2,-21.37133,-48.69389
2025/08/23 18:30:00,AQUA_M-T,Brasil,SÃO PAULO,PIRAJU,Mata Atlântica,18,0.1,0.89,5.4,-23.20743,-49.42184
2025/08/23 18:30:00,AQUA_M-T,Brasil,SÃO PAULO,SÃO CARLOS,Cerrado,18,0.0,1.0,17.8,-22.01407,-47.97945
2025/08/23 18:30:00,AQUA_M-T,Brasil,SÃO PAULO,SÃO CARLOS,Cerrado,18,0.0,1.0,313.4,-22.02009,-47.9601
2025/08/23 18:30:00,AQUA_M-T,Brasil,SÃO PAULO,SÃO CARLOS,Cerrado,18,0.0,1.0,67.2,-22.01997,-47.95289
2025/08/23 18:30:00,AQUA_M-T,Brasil,SÃO PAULO,TEJUPÁ,Mata Atlântica,8,0.1,1.0,5.4,-23.35698,-49.31761
2025/08/23 18:30:00,AQUA_M-T,Brasil,SÃO PAULO,SÃO CARLOS,Cerrado,18,0.0,1.0,305.6,-22.00999,-47.95498
2025/08/23 18:30:00,AQUA_M-T,Brasil,SÃO PAULO,CHAVANTES,Mata Atlântica,18,0.67,0.95,5.6,-23.10014,-49.73646
2025/08/23 18:30:00,AQUA_M-T,Brasil,SÃO PAULO,IBATÉ,Cerrado,18,0.0,1.0,59.8,-22.00409,-47.98146
2025/08/23 18:30:00,AQUA_M-T,Brasil,SÃO PAULO,FERNANDO PRESTES,Cerrado,18,0.0,1.0,27.3,-21.36166,-48.69572
2025/08/23 18:30:00,AQUA_M-T,Brasil,SÃO PAULO,TIMBURI,Mata Atlântica,17,0.2,0.96,8.5,-23.14984,-49.63811
2025/08/23 18:30:00,AQUA_M-T,Brasil,SÃO PAULO,GUARARAPES,Mata Atlântica,3,0.0,1.0,24.9,-21.25621,-50.65501
2025/08/23 18:30:00,AQUA_M-T,Brasil,SÃO PAULO,TIMBURI,Mata Atlântica,17,0.25,0.92,7.0,-23.15145,-49.64832
2025/08/23 18:30:00,AQUA_M-T,Brasil,SÃO PAULO,GUARARAPES,Mata Atlântica,3,0.0,1.0,7.1,-21.25769,-50.66464
2025/08/23 18:30:00,AQUA_M-T,Brasil,SÃO PAULO,TIMBURI,Mata Atlântica,16,0.29,0.95,8.1,-23.16051,-49.64663
2025/08/23 18:30:00,AQUA_M-T,Brasil,SÃO PAULO,RIO CLARO,Cerrado,18,0.0,1.0,165.9,-22.31141,-47.60693
2025/08/23 18:30:00,AQUA_M-T,Brasil,SÃO PAULO,AVARÉ,Cerrado,17,0.94,0.7,11.5,-23.15608,-48.74374
2025/08/23 18:30:00,AQUA_M-T,Brasil,SÃO PAULO,SÃO CARLOS,Cerrado,18,0.0,1.0,406.2,-22.01203,-47.96724
2025/08/23 18:30:00,AQUA_M-T,Brasil,SÃO PAULO,TIMBURI,Mata Atlântica,16,0.24,0.87,5.7,-23.15888,-49.63624
2025/08/23 18:30:00,AQUA_M-T,Brasil,SÃO PAULO,GARÇA,Mata Atlântica,3,0.0,1.0,6.3,-22.2332,-49.62912
2025/08/23 18:30:00,AQUA_M-T,Brasil,SÃO PAULO,INDIAPORÃ,Mata Atlântica,18,0.0,1.0,14.1,-20.00364,-50.27171
2025/08/23 18:30:00,AQUA_M-T,Brasil,SÃO PAULO,PARAGUAÇU PAULISTA,Cerrado,18,0.0,1.0,25.5,-22.39264,-50.53811
2025/08/23 18:30:00,AQUA_M-T,Brasil,SÃO PAULO,SÃO CARLOS,Cerrado,18,0.0,1.0,48.5,-21.99204,-47.97108
2025/08/23 18:30:00,AQUA_M-T,Brasil,SÃO PAULO,ROSANA,Mata Atlântica,3,0.0,1.0,10.2,-22.57038,-53.05206
2025/08/23 18:30:00,AQUA_M-T,Brasil,SÃO PAULO,BARIRI,Cerrado,2,0.0,1.0,21.7,-22.02572,-48.67852
2025/08/23 18:30:00,AQUA_M-T,Brasil,SÃO PAULO,CHAVANTES,Mata Atlântica,18,0.58,0.92,8.5,-23.09858,-49.72642
2025/08/23 18:30:00,AQUA_M-T,Brasil,SÃO PAULO,FERNANDO PRESTES,Cerrado,18,0.0,1.0,39.3,-21.35978,-48.68431
2025/08/23 18:30:00,AQUA_M-T,Brasil,SÃO PAULO,SÃO JOSÉ DO RIO PRETO,Cerrado,18,0.0,1.0,17.5,-20.75058,-49.43122
2025/08/23 18:30:00,AQUA_M-T,Brasil,SÃO PAULO,RIBEIRÃO PRETO,Cerrado,18,0.0,1.0,9.9,-21.25183,-47.78564
2025/08/23 18:30:00,AQUA_M-T,Brasil,SÃO PAULO,INDIAPORÃ,Mata Atlântica,18,0.0,1.0,9.6,-20.00205,-50.26165
2025/08/23 18:30:00,AQUA_M-T,Brasil,SÃO PAULO,PARAGUAÇU PAULISTA,Cerrado,18,0.0,0.99,13.8,-22.39117,-50.52845
2025/08/23 18:30:00,AQUA_M-T,Brasil,SÃO PAULO,RIO CLARO,Cerrado,18,0.0,1.0,8.3,-22.31359,-47.61987
2025/08/23 18:30:00,AQUA_M-T,Brasil,SÃO PAULO,FERNANDO PRESTES,Mata Atlântica,18,0.0,1.0,16.2,-21.32887,-48.67844
2025/08/23 18:30:00,AQUA_M-T,Brasil,SÃO PAULO,OURINHOS,Mata Atlântica,12,0.7,1.0,13.4,-22.98199,-49.80548
2025/08/23 18:30:00,AQUA_M-T,Brasil,SÃO PAULO,IBATÉ,Cerrado,18,0.0,1.0,7.9,-21.98207,-47.97316
2025/08/25 18:09:00,AQUA_M-T,Brasil,SÃO PAULO,JACAREÍ,Mata Atlântica,17,0.0,1.0,5.8,-23.23293,-46.0279
2025/08/25 18:09:00,AQUA_M-T,Brasil,SÃO PAULO,CAMPO LIMPO PAULISTA,Mata Atlântica,20,0.0,1.0,14.8,-23.24285,-46.74033
2025/08/25 18:09:00,AQUA_M-T,Brasil,SÃO PAULO,NOVAIS,Mata Atlântica,20,0.0,1.0,44.0,-21.02158,-48.92441
2025/08/25 18:09:00,AQUA_M-T,Brasil,SÃO PAULO,ITABERÁ,Cerrado,11,2.05,0.35,120.6,-23.77361,-49.05678
2025/08/25 18:09:00,AQUA_M-T,Brasil,SÃO PAULO,COTIA,Mata Atlântica,19,0.0,0.96,5.9,-23.63343,-46.96038
2025/08/25 18:09:00,AQUA_M-T,Brasil,SÃO PAULO,TREMEMBÉ,Mata Atlântica,17,0.0,-999.0,6.7,-22.98339,-45.51964
2025/08/25 18:09:00,AQUA_M-T,Brasil,SÃO PAULO,CAMPO LIMPO PAULISTA,Mata Atlântica,20,0.0,1.0,6.8,-23.24423,-46.75003
2025/08/25 18:09:00,AQUA_M-T,Brasil,SÃO PAULO,MAIRINQUE,Mata Atlântica,17,0.0,0.9,17.7,-23.49171,-47.19855
2025/08/25 18:09:00,AQUA_M-T,Brasil,SÃO PAULO,SANTA ISABEL,Mata Atlântica,20,0.0,1.0,7.4,-23.2881,-46.14971
2025/08/25 18:09:00,AQUA_M-T,Brasil,SÃO PAULO,SÃO ROQUE,Mata Atlântica,17,0.0,1.0,23.2,-23.55373,-47.11066
2025/08/25 18:09:00,AQUA_M-T,Brasil,SÃO PAULO,ARARAS,Mata Atlântica,20,0.0,-999.0,8.6,-22.3344,-47.35081
2025/08/25 18:09:00,AQUA_M-T,Brasil,SÃO PAULO,PIEDADE,Mata Atlântica,17,0.0,0.93,6.5,-23.82729,-47.50077
2025/08/25 18:09:00,AQUA_M-T,Brasil,SÃO PAULO,ITAPIRA,Mata Atlântica,18,0.0,0.83,24.0,-22.55636,-46.82897
2025/08/25 18:09:00,AQUA_M-T,Brasil,SÃO PAULO,TAUBATÉ,Mata Atlântica,11,0.0,1.0,9.0,-23.08525,-45.33729
2025/08/25 18:09:00,AQUA_M-T,Brasil,SÃO PAULO,VOTORANTIM,Mata Atlântica,18,0.0,1.0,28.4,-23.61763,-47.43846
2025/08/25 18:09:00,AQUA_M-T,Brasil,SÃO PAULO,NOVAIS,Mata Atlântica,20,0.0,1.0,58.3,-21.02016,-48.91372
2025/08/25 18:09:00,AQUA_M-T,Brasil,SÃO PAULO,RIBEIRA,Mata Atlântica,3,1.97,0.99,10.8,-24.61473,-49.02712
2025/08/25 18:09:00,AQUA_M-T,Brasil,SÃO PAULO,TAQUARIVAÍ,Mata Atlântica,2,1.83,0.76,5.9,-24.00145,-48.60929
2025/08/25 18:09:00,AQUA_M-T,Brasil,SÃO PAULO,SANTA ISABEL,Mata Atlântica,20,0.0,1.0,15.4,-23.28671,-46.14015
2025/08/25 18:09:00,AQUA_M-T,Brasil,SÃO PAULO,SÃO SIMÃO,Cerrado,20,0.0,0.95,17.1,-21.43727,-47.58746
2025/08/25 18:09:00,AQUA_M-T,Brasil,SÃO PAULO,TAUBATÉ,Mata Atlântica,19,0.0,1.0,8.7,-23.13601,-45.55488
2025/08/25 18:09:00,AQUA_M-T,Brasil,SÃO PAULO,VOTORANTIM,Mata Atlântica,17,0.0,0.89,24.7,-23.61904,-47.44863
2025/08/25 18:09:00,AQUA_M-T,Brasil,SÃO PAULO,ITAPIRA,Mata Atlântica,19,0.0,0.81,28.1,-22.55499,-46.81934
2025/08/25 18:09:00,AQUA_M-T,Brasil,SÃO PAULO,TAUBATÉ,Mata Atlântica,17,0.0,1.0,5.0,-22.98195,-45.51005
2025/08/25 18:09:00,AQUA_M-T,Brasil,SÃO PAULO,NOVAIS,Mata Atlântica,20,0.0,1.0,190.1,-21.02959,-48.91236
2025/08/25 18:09:00,AQUA_M-T,Brasil,SÃO PAULO,VISTA ALEGRE DO ALTO,Mata Atlântica,20,0.0,1.0,26.4,-21.17395,-48.61736
2025/08/25 18:09:00,AQUA_M-T,Brasil,SÃO PAULO,SÃO JOSÉ DO RIO PRETO,Cerrado,20,0.0,1.0,10.2,-20.76464,-49.44447
2025/08/25 18:09:00,AQUA_M-T,Brasil,SÃO PAULO,JARDINÓPOLIS,Cerrado,20,0.0,1.0,6.5,-21.03961,-47.77132
2025/08/25 18:09:00,AQUA_M-T,Brasil,SÃO PAULO,NOVAIS,Mata Atlântica,20,0.0,1.0,93.2,-21.03102,-48.92308
2025/08/25 18:09:00,AQUA_M-T,Brasil,SÃO PAULO,SÃO SIMÃO,Cerrado,20,0.0,0.91,9.6,-21.43059,-47.60421
2025/08/25 18:09:00,AQUA_M-T,Brasil,SÃO PAULO,ITABERÁ,Cerrado,12,1.97,0.66,16.2,-23.77209,-49.04464
2025/08/25 18:09:00,AQUA_M-T,Brasil,SÃO PAULO,SANTA GERTRUDES,Mata Atlântica,13,0.0,1.0,43.4,-22.48459,-47.5014
2025/08/25 18:09:00,AQUA_M-T,Brasil,SÃO PAULO,JACAREÍ,Mata Atlântica,20,0.0,1.0,9.5,-23.28532,-46.1306
2025/08/25 18:09:00,AQUA_M-T,Brasil,SÃO PAULO,ITAOCA,Mata Atlântica,3,1.27,0.92,26.0,-24.66645,-48.86402
2025/08/25 18:09:00,AQUA_M-T,Brasil,SÃO PAULO,VISTA ALEGRE DO ALTO,Mata Atlântica,20,0.0,1.0,60.2,-21.17254,-48.60693
2025/08/25 18:09:00,AQUA_M-T,Brasil,SÃO PAULO,TAUBATÉ,Mata Atlântica,12,0.0,1.0,60.9,-23.0838,-45.32768
2025/08/25 18:09:00,AQUA_M-T,Brasil,SÃO PAULO,CORDEIRÓPOLIS,Mata Atlântica,14,0.0,1.0,100.4,-22.48321,-47.49141
2025/08/25 18:09:00,AQUA_M-T,Brasil,SÃO PAULO,SÃO JOSÉ DO RIO PRETO,Cerrado,20,0.0,-999.0,10.4,-20.7632,-49.43319
2025/08/27 17:49:00,AQUA_M-T,Brasil,SÃO PAULO,PEDREGULHO,Cerrado,22,0.0,1.0,22.9,-20.14581,-47.38168
2025/08/28 18:26:00,AQUA_M-T,Brasil,SÃO PAULO,BRAGANÇA PAULISTA,Mata Atlântica,17,0.0,1.0,10.4,-22.8922,-46.57595
2025/08/28 18:26:00,AQUA_M-T,Brasil,SÃO PAULO,MARÍLIA,Mata Atlântica,8,0.0,-999.0,12.3,-22.22953,-49.95261
2025/08/28 18:26:00,AQUA_M-T,Brasil,SÃO PAULO,IPERÓ,Mata Atlântica,23,0.0,-999.0,7.1,-23.34635,-47.69023
2025/08/28 18:26:00,AQUA_M-T,Brasil,SÃO PAULO,PIRACICABA,Mata Atlântica,23,0.0,1.0,34.3,-22.74487,-47.52807
2025/08/28 18:26:00,AQUA_M-T,Brasil,SÃO PAULO,TEJUPÁ,Mata Atlântica,3,0.0,1.0,8.5,-23.36183,-49.31466
2025/08/28 18:26:00,AQUA_M-T,Brasil,SÃO PAULO,AMPARO,Mata Atlântica,4,0.0,1.0,18.9,-22.68312,-46.84823
2025/08/28 18:26:00,AQUA_M-T,Brasil,SÃO PAULO,MARÍLIA,Mata Atlântica,8,0.0,-999.0,22.6,-22.2281,-49.94303
2025/08/30 18:06:00,AQUA_M-T,Brasil,SÃO PAULO,CATANDUVA,Mata Atlântica,0,0.0,1.0,32.5,-21.11453,-49.00904
2025/08/30 18:06:00,AQUA_M-T,Brasil,SÃO PAULO,ITAÍ,Cerrado,6,0.0,1.0,30.4,-23.40566,-49.08221
2025/08/30 18:06:00,AQUA_M-T,Brasil,SÃO PAULO,PINHALZINHO,Mata Atlântica,22,0.0,1.0,8.0,-22.79193,-46.57478
2025/08/30 18:06:00,AQUA_M-T,Brasil,SÃO PAULO,LIMEIRA,Cerrado,13,0.0,1.0,15.8,-22.63139,-47.28519
2025/08/30 18:06:00,AQUA_M-T,Brasil,SÃO PAULO,CATANDUVA,Mata Atlântica,0,0.0,1.0,10.7,-21.11609,-49.02107
2025/08/30 18:06:00,AQUA_M-T,Brasil,SÃO PAULO,GUAPIARA,Mata Atlântica,5,0.0,0.61,7.2,-24.14931,-48.50868
2025/08/30 18:06:00,AQUA_M-T,Brasil,SÃO PAULO,ITU,Mata Atlântica,0,0.0,0.69,13.9,-23.31962,-47.21349
2025/08/30 18:06:00,AQUA_M-T,Brasil,SÃO PAULO,CASA BRANCA,Cerrado,0,0.0,1.0,14.4,-21.98674,-47.01583
2025/08/30 18:06:00,AQUA_M-T,Brasil,SÃO PAULO,LIMEIRA,Cerrado,11,0.0,1.0,13.7,-22.6328,-47.29555
2025/08/30 18:06:00,AQUA_M-T,Brasil,SÃO PAULO,ITU,Mata Atlântica,0,0.0,0.76,5.5,-23.3182,-47.2028
2025/08/30 18:06:00,AQUA_M-T,Brasil,SÃO PAULO,SÃO CARLOS,Cerrado,0,0.0,1.0,6.1,-21.83195,-47.91907
2025/08/30 18:06:00,AQUA_M-T,Brasil,SÃO PAULO,AMPARO,Mata Atlântica,6,0.0,0.86,41.2,-22.69005,-46.84374
2025/08/30 18:06:00,AQUA_M-T,Brasil,SÃO PAULO,REGISTRO,Mata Atlântica,8,0.0,0.66,9.5,-24.55331,-47.92226
2025/08/30 18:06:00,AQUA_M-T,Brasil,SÃO PAULO,AMPARO,Mata Atlântica,6,0.0,0.9,12.9,-22.69144,-46.85402
2025/08/30 18:06:00,AQUA_M-T,Brasil,SÃO PAULO,MARTINÓPOLIS,Mata Atlântica,22,0.0,1.0,18.7,-22.12482,-51.16947
2025/08/30 18:06:00,AQUA_M-T,Brasil,SÃO PAULO,JAÚ,Mata Atlântica,25,0.0,1.0,9.0,-22.2584,-48.53617
2025/08/30 18:06:00,AQUA_M-T,Brasil,SÃO PAULO,MARTINÓPOLIS,Cerrado,23,0.0,1.0,16.8,-22.131,-51.16327
2025/08/30 18:06:00,AQUA_M-T,Brasil,SÃO PAULO,CASA BRANCA,Cerrado,0,0.0,1.0,38.0,-21.9881,-47.02586
2025/08/30 18:06:00,AQUA_M-T,Brasil,SÃO PAULO,BARRETOS,Cerrado,0,0.0,1.0,17.9,-20.53844,-48.64744
2025/08/30 18:06:00,AQUA_M-T,Brasil,SÃO PAULO,DOIS CÓRREGOS,Mata Atlântica,15,0.0,1.0,13.8,-22.36317,-48.40665
2025/08/30 18:06:00,AQUA_M-T,Brasil,SÃO PAULO,JUNDIAÍ,Mata Atlântica,5,0.0,1.0,4.5,-23.19998,-47.00258
2025/08/30 18:06:00,AQUA_M-T,Brasil,SÃO PAULO,CAMPO LIMPO PAULISTA,Mata Atlântica,24,0.0,1.0,6.3,-23.25042,-46.76844
2025/08/31 18:45:00,AQUA_M-T,Brasil,SÃO PAULO,GUAIMBÊ,Mata Atlântica,10,0.0,1.0,17.4,-21.94966,-49.83926
2025/08/31 18:45:00,AQUA_M-T,Brasil,SÃO PAULO,CONCHAS,Cerrado,22,0.0,1.0,41.9,-22.87333,-47.98913
2025/08/31 18:45:00,AQUA_M-T,Brasil,SÃO PAULO,SÃO MANUEL,Cerrado,11,0.0,1.0,14.8,-22.73312,-48.56348
2025/08/31 18:45:00,AQUA_M-T,Brasil,SÃO PAULO,CASTILHO,Mata Atlântica,3,0.0,0.99,10.9,-20.78941,-51.60616
2025/08/31 18:45:00,AQUA_M-T,Brasil,SÃO PAULO,ASSIS,Cerrado,25,0.0,1.0,7.8,-22.63949,-50.45721
2025/08/31 18:45:00,AQUA_M-T,Brasil,SÃO PAULO,PIRACICABA,Cerrado,22,0.0,1.0,48.1,-22.87482,-47.99387
2025/08/31 18:45:00,AQUA_M-T,Brasil,SÃO PAULO,SÃO MANUEL,Cerrado,11,0.0,-999.0,16.1,-22.72946,-48.57154
2025/08/31 18:47:00,AQUA_M-T,Brasil,SÃO PAULO,INDIAPORÃ,Mata Atlântica,26,0.0,1.0,92.3,-19.9783,-50.21691
2025/09/01 17:47:00,AQUA_M-T,Brasil,SÃO PAULO,IGARAPAVA,Cerrado,27,0.0,1.0,95.1,-20.04317,-47.81153
2025/09/01 17:47:00,AQUA_M-T,Brasil,SÃO PAULO,IGARAPAVA,Cerrado,27,0.0,1.0,52.2,-20.04561,-47.83468
2025/09/02 18:24:00,AQUA_M-T,Brasil,SÃO PAULO,CACHOEIRA PAULISTA,Mata Atlântica,3,0.0,1.0,9.4,-22.7033,-44.98355
2025/09/02 18:24:00,AQUA_M-T,Brasil,SÃO PAULO,PINDAMONHANGABA,Mata Atlântica,3,0.0,1.0,50.4,-22.99861,-45.47717
2025/09/02 18:24:00,AQUA_M-T,Brasil,SÃO PAULO,CACHOEIRA PAULISTA,Mata Atlântica,3,0.0,0.75,24.0,-22.77893,-44.96975
2025/09/02 18:24:00,AQUA_M-T,Brasil,SÃO PAULO,ITU,Mata Atlântica,9,0.0,1.0,12.0,-23.37973,-47.29585
2025/09/02 18:24:00,AQUA_M-T,Brasil,SÃO PAULO,CACHOEIRA PAULISTA,Mata Atlântica,3,0.0,1.0,24.2,-22.76799,-44.9709
2025/09/02 18:24:00,AQUA_M-T,Brasil,SÃO PAULO,CACHOEIRA PAULISTA,Mata Atlântica,3,0.0,1.0,22.3,-22.71501,-45.00183
2025/09/02 18:24:00,AQUA_M-T,Brasil,SÃO PAULO,JACAREÍ,Mata Atlântica,20,0.0,1.0,12.1,-23.32243,-46.03887
2025/09/02 18:24:00,AQUA_M-T,Brasil,SÃO PAULO,MORRO AGUDO,Cerrado,4,0.0,1.0,18.1,-20.77815,-48.14006
2025/09/02 18:24:00,AQUA_M-T,Brasil,SÃO PAULO,PEDERNEIRAS,Cerrado,10,0.0,0.95,20.4,-22.29058,-48.83812
2025/09/02 18:24:00,AQUA_M-T,Brasil,SÃO PAULO,MORRO AGUDO,Cerrado,4,0.0,1.0,267.9,-20.77978,-48.15033
2025/09/02 18:24:00,AQUA_M-T,Brasil,SÃO PAULO,ITU,Mata Atlântica,11,0.0,0.92,25.8,-23.38205,-47.25129
2025/09/02 18:24:00,AQUA_M-T,Brasil,SÃO PAULO,CAMPINAS,Mata Atlântica,15,0.0,1.0,11.2,-22.81206,-46.92378
2025/09/02 18:24:00,AQUA_M-T,Brasil,SÃO PAULO,PINDAMONHANGABA,Mata Atlântica,3,0.0,1.0,13.2,-23.00656,-45.46137
2025/09/02 18:24:00,AQUA_M-T,Brasil,SÃO PAULO,LIMEIRA,Cerrado,24,0.0,1.0,41.9,-22.69792,-47.42008
2025/09/02 18:24:00,AQUA_M-T,Brasil,SÃO PAULO,TEJUPÁ,Mata Atlântica,8,0.0,0.92,6.2,-23.40296,-49.361
2025/09/02 18:24:00,AQUA_M-T,Brasil,SÃO PAULO,ITU,Mata Atlântica,6,0.0,0.93,12.3,-23.36223,-47.18868
2025/09/02 18:24:00,AQUA_M-T,Brasil,SÃO PAULO,AGUAÍ,Cerrado,4,0.0,0.92,16.7,-22.0473,-47.10426
2025/09/02 18:24:00,AQUA_M-T,Brasil,SÃO PAULO,PEDERNEIRAS,Cerrado,10,0.0,0.93,11.5,-22.29948,-48.83654
2025/09/02 18:24:00,AQUA_M-T,Brasil,SÃO PAULO,RIO CLARO,Mata Atlântica,7,0.0,1.0,11.8,-22.46309,-47.57126
2025/09/02 18:24:00,AQUA_M-T,Brasil,SÃO PAULO,PINDAMONHANGABA,Mata Atlântica,3,0.0,1.0,65.9,-22.98824,-45.47916
2025/09/02 18:24:00,AQUA_M-T,Brasil,SÃO PAULO,VARGEM GRANDE DO SUL,Cerrado,4,0.0,1.0,23.2,-21.86086,-46.88852
2025/09/02 18:24:00,AQUA_M-T,Brasil,SÃO PAULO,PINDAMONHANGABA,Mata Atlântica,3,0.0,1.0,15.5,-22.99057,-45.49242
2025/09/02 18:24:00,AQUA_M-T,Brasil,SÃO PAULO,MINEIROS DO TIETÊ,Cerrado,28,0.0,1.0,13.8,-22.42082,-48.48169
2025/09/02 18:24:00,AQUA_M-T,Brasil,SÃO PAULO,CACHOEIRA PAULISTA,Mata Atlântica,3,0.0,1.0,34.6,-22.71668,-44.99588
2025/09/02 18:24:00,AQUA_M-T,Brasil,SÃO PAULO,CAMPINAS,Mata Atlântica,13,0.0,0.9,27.2,-22.81388,-46.93492
2025/09/02 18:24:00,AQUA_M-T,Brasil,SÃO PAULO,MORRO AGUDO,Cerrado,4,0.0,1.0,62.6,-20.78141,-48.16061
2025/09/02 18:24:00,AQUA_M-T,Brasil,SÃO PAULO,AGUAÍ,Cerrado,4,0.0,0.88,20.7,-22.0491,-47.11547
2025/09/02 18:24:00,AQUA_M-T,Brasil,SÃO PAULO,PARAGUAÇU PAULISTA,Cerrado,20,0.0,1.0,10.7,-22.57422,-50.78034
2025/09/02 18:24:00,AQUA_M-T,Brasil,SÃO PAULO,AGUAÍ,Cerrado,4,0.0,0.85,28.4,-22.05276,-47.10806
2025/09/02 18:24:00,AQUA_M-T,Brasil,SÃO PAULO,ITU,Mata Atlântica,11,0.0,0.85,13.8,-23.38379,-47.26199
2025/09/02 18:24:00,AQUA_M-T,Brasil,SÃO PAULO,CACHOEIRA PAULISTA,Mata Atlântica,3,0.0,1.0,18.0,-22.71249,-44.98727
2025/09/02 18:24:00,AQUA_M-T,Brasil,SÃO PAULO,PARAGUAÇU PAULISTA,Cerrado,21,0.0,1.0,42.6,-22.57561,-50.79018
2025/09/04 18:04:00,AQUA_M-T,Brasil,SÃO PAULO,SANTA ISABEL,Mata Atlântica,17,0.0,1.0,10.3,-23.29612,-46.16709
2025/09/04 18:04:00,AQUA_M-T,Brasil,SÃO PAULO,AMPARO,Mata Atlântica,11,0.0,0.97,11.9,-22.66765,-46.82388
2025/09/04 18:04:00,AQUA_M-T,Brasil,SÃO PAULO,AVARÉ,Cerrado,25,0.0,-999.0,34.0,-23.07425,-48.91848
2025/09/04 18:04:00,AQUA_M-T,Brasil,SÃO PAULO,CAJAMAR,Mata Atlântica,6,0.0,0.86,11.7,-23.39718,-46.85371
2025/09/04 18:04:00,AQUA_M-T,Brasil,SÃO PAULO,FRANCO DA ROCHA,Mata Atlântica,6,0.0,0.87,4.1,-23.30227,-46.64305
2025/09/04 18:04:00,AQUA_M-T,Brasil,SÃO PAULO,IPERÓ,Mata Atlântica,30,0.0,1.0,18.1,-23.37151,-47.67593
2025/09/04 18:04:00,AQUA_M-T,Brasil,SÃO PAULO,CAJAMAR,Mata Atlântica,6,0.0,0.87,49.0,-23.3957,-46.84248
2025/09/04 18:04:00,AQUA_M-T,Brasil,SÃO PAULO,GÁLIA,Mata Atlântica,15,0.0,0.99,25.2,-22.28129,-49.56514
2025/09/04 18:04:00,AQUA_M-T,Brasil,SÃO PAULO,SALTO DE PIRAPORA,Mata Atlântica,27,0.0,0.88,9.0,-23.64117,-47.55535
2025/09/04 18:04:00,AQUA_M-T,Brasil,SÃO PAULO,AVARÉ,Cerrado,27,0.0,-999.0,24.6,-23.07598,-48.93314
2025/09/04 18:04:00,AQUA_M-T,Brasil,SÃO PAULO,CORUMBATAÍ,Cerrado,6,0.0,1.0,37.8,-22.28617,-47.63811
2025/09/04 18:04:00,AQUA_M-T,Brasil,SÃO PAULO,MAIRINQUE,Mata Atlântica,28,0.0,1.0,15.6,-23.45749,-47.24034
2025/09/04 18:04:00,AQUA_M-T,Brasil,SÃO PAULO,ITU,Mata Atlântica,7,0.0,0.89,14.2,-23.35658,-47.16664
2025/09/04 18:04:00,AQUA_M-T,Brasil,SÃO PAULO,RIBEIRÃO BRANCO,Mata Atlântica,10,0.06,0.8,16.5,-24.37722,-48.70531
2025/09/04 18:04:00,AQUA_M-T,Brasil,SÃO PAULO,DUARTINA,Mata Atlântica,14,0.0,1.0,42.1,-22.38963,-49.41246
2025/09/04 18:04:00,AQUA_M-T,Brasil,SÃO PAULO,ARAÇARIGUAMA,Mata Atlântica,26,0.0,0.94,17.5,-23.4334,-47.05547
2025/09/04 18:04:00,AQUA_M-T,Brasil,SÃO PAULO,RIBEIRÃO BRANCO,Mata Atlântica,10,0.07,0.8,12.6,-24.37246,-48.69742
2025/09/04 18:04:00,AQUA_M-T,Brasil,SÃO PAULO,RIBEIRÃO BRANCO,Mata Atlântica,10,0.0,0.8,9.7,-24.37424,-48.71234
2025/09/04 18:04:00,AQUA_M-T,Brasil,SÃO PAULO,FERNÃO,Mata Atlântica,15,0.0,1.0,19.6,-22.36167,-49.56335
2025/09/04 18:04:00,AQUA_M-T,Brasil,SÃO PAULO,GÁLIA,Mata Atlântica,15,0.0,0.96,18.0,-22.27008,-49.56637
2025/09/04 18:04:00,AQUA_M-T,Brasil,SÃO PAULO,SALTO DE PIRAPORA,Mata Atlântica,27,0.0,-999.0,14.9,-23.64271,-47.56765
2025/09/04 18:04:00,AQUA_M-T,Brasil,SÃO PAULO,IGARATÁ,Mata Atlântica,8,0.0,0.95,35.9,-23.12397,-46.18545
2025/09/04 18:04:00,AQUA_M-T,Brasil,SÃO PAULO,VOTORANTIM,Mata Atlântica,28,0.0,0.94,19.6,-23.61743,-47.44619
2025/09/04 18:04:00,AQUA_M-T,Brasil,SÃO PAULO,SÃO SIMÃO,Cerrado,6,0.0,1.0,73.8,-21.47808,-47.70616
2025/09/04 18:04:00,AQUA_M-T,Brasil,SÃO PAULO,IBIÚNA,Mata Atlântica,9,0.0,0.87,9.4,-23.74067,-47.12502
2025/09/04 18:04:00,AQUA_M-T,Brasil,SÃO PAULO,SÃO SIMÃO,Cerrado,6,0.0,1.0,24.9,-21.47658,-47.6946
2025/09/04 18:04:00,AQUA_M-T,Brasil,SÃO PAULO,AREIAS,Mata Atlântica,5,0.0,0.68,7.5,-22.78396,-44.73426
2025/09/04 18:04:00,AQUA_M-T,Brasil,SÃO PAULO,PIEDADE,Mata Atlântica,17,0.1,1.0,11.5,-23.70783,-47.35189
2025/09/04 18:04:00,AQUA_M-T,Brasil,SÃO PAULO,GÁLIA,Mata Atlântica,15,0.0,1.0,20.6,-22.28332,-49.57381
2025/09/04 18:04:00,AQUA_M-T,Brasil,SÃO PAULO,DUARTINA,Mata Atlântica,14,0.0,0.99,34.9,-22.38788,-49.39741
2025/09/04 18:04:00,AQUA_M-T,Brasil,SÃO PAULO,SANTA BÁRBARA D'OESTE,Mata Atlântica,29,0.0,1.0,15.6,-22.74121,-47.45732
2025/09/04 18:04:00,AQUA_M-T,Brasil,SÃO PAULO,LUÍS ANTÔNIO,Cerrado,6,0.0,1.0,215.4,-21.48626,-47.69288
2025/09/05 18:43:00,AQUA_M-T,Brasil,SÃO PAULO,ARARAQUARA,Cerrado,7,0.0,0.99,62.0,-21.83559,-48.00744
2025/09/05 18:43:00,AQUA_M-T,Brasil,SÃO PAULO,CAMPOS NOVOS PAULISTA,Cerrado,16,0.0,1.0,34.8,-22.51589,-50.1149
2025/09/05 18:43:00,AQUA_M-T,Brasil,SÃO PAULO,ARAÇARIGUAMA,Mata Atlântica,29,0.0,0.92,248.8,-23.44467,-47.04697
2025/09/05 18:43:00,AQUA_M-T,Brasil,SÃO PAULO,CAMPOS NOVOS PAULISTA,Cerrado,16,0.0,1.0,28.5,-22.51357,-50.10163
2025/09/05 18:43:00,AQUA_M-T,Brasil,SÃO PAULO,PIRAPOZINHO,Mata Atlântica,20,0.0,1.0,253.8,-22.60733,-51.69288
2025/09/05 18:43:00,AQUA_M-T,Brasil,SÃO PAULO,ARAÇARIGUAMA,Mata Atlântica,29,0.0,0.92,149.0,-23.44391,-47.05431
2025/09/05 18:43:00,AQUA_M-T,Brasil,SÃO PAULO,ARARAQUARA,Cerrado,7,0.0,1.0,18.5,-21.83206,-47.98823
2025/09/05 18:43:00,AQUA_M-T,Brasil,SÃO PAULO,SANTA ISABEL,Mata Atlântica,18,0.0,1.0,43.6,-23.2936,-46.14539
2025/09/05 18:43:00,AQUA_M-T,Brasil,SÃO PAULO,PIRAPOZINHO,Mata Atlântica,19,0.0,1.0,235.8,-22.60557,-51.68207
2025/09/05 18:43:00,AQUA_M-T,Brasil,SÃO PAULO,PIRAPOZINHO,Mata Atlântica,21,0.0,1.0,16.7,-22.60911,-51.70378
2025/09/05 18:43:00,AQUA_M-T,Brasil,SÃO PAULO,PIRAPOZINHO,Mata Atlântica,21,0.0,0.98,56.7,-22.63548,-51.68769
2025/09/05 18:43:00,AQUA_M-T,Brasil,SÃO PAULO,PARAPUÃ,Mata Atlântica,16,0.0,1.0,21.7,-21.84712,-50.71598
2025/09/05 18:43:00,AQUA_M-T,Brasil,SÃO PAULO,PIRAPOZINHO,Mata Atlântica,20,0.0,1.0,591.1,-22.61672,-51.69117
2025/09/05 18:43:00,AQUA_M-T,Brasil,SÃO PAULO,ECHAPORÃ,Cerrado,16,0.0,1.0,19.8,-22.50327,-50.10361
2025/09/05 18:43:00,AQUA_M-T,Brasil,SÃO PAULO,PIRAPOZINHO,Mata Atlântica,19,0.0,1.0,422.9,-22.61497,-51.68039
2025/09/05 18:43:00,AQUA_M-T,Brasil,SÃO PAULO,ECHAPORÃ,Cerrado,16,0.0,1.0,23.6,-22.51818,-50.128
2025/09/05 18:43:00,AQUA_M-T,Brasil,SÃO PAULO,ARAÇARIGUAMA,Mata Atlântica,28,0.0,0.94,80.1,-23.44006,-47.03386
2025/09/05 18:43:00,AQUA_M-T,Brasil,SÃO PAULO,ARARAQUARA,Cerrado,7,0.0,0.99,48.6,-21.8234,-48.00966
2025/09/05 18:43:00,AQUA_M-T,Brasil,SÃO PAULO,ECHAPORÃ,Cerrado,16,0.0,1.0,43.0,-22.50896,-50.12309
2025/09/05 18:43:00,AQUA_M-T,Brasil,SÃO PAULO,ARARAQUARA,Cerrado,7,0.0,0.99,30.3,-21.83806,-48.00176
2025/09/05 18:43:00,AQUA_M-T,Brasil,SÃO PAULO,PORTO FERREIRA,Mata Atlântica,7,0.0,1.0,34.4,-21.79384,-47.43174
2025/09/05 18:43:00,AQUA_M-T,Brasil,SÃO PAULO,PIRAPOZINHO,Mata Atlântica,21,0.0,1.0,31.6,-22.61846,-51.70192
2025/09/05 18:43:00,AQUA_M-T,Brasil,SÃO PAULO,ARAÇARIGUAMA,Mata Atlântica,27,0.0,0.92,26.0,-23.43207,-47.04955
2025/09/05 18:43:00,AQUA_M-T,Brasil,SÃO PAULO,ECHAPORÃ,Cerrado,16,0.0,1.0,23.5,-22.50792,-50.13009
2025/09/05 18:43:00,AQUA_M-T,Brasil,SÃO PAULO,ECHAPORÃ,Cerrado,16,0.0,1.0,73.0,-22.50672,-50.10983
2025/09/05 18:43:00,AQUA_M-T,Brasil,SÃO PAULO,ARAÇATUBA,Mata Atlântica,4,0.0,-999.0,21.6,-21.19754,-50.47196
2025/09/05 18:43:00,AQUA_M-T,Brasil,SÃO PAULO,CASA BRANCA,Mata Atlântica,7,0.0,1.0,18.8,-21.74074,-47.22363
2025/09/05 18:43:00,AQUA_M-T,Brasil,SÃO PAULO,ECHAPORÃ,Cerrado,16,0.0,1.0,103.3,-22.50562,-50.117
2025/09/06 17:41:00,AQUA_M-T,Brasil,SÃO PAULO,PEDREIRA,Mata Atlântica,24,0.0,1.0,38.4,-22.70811,-46.91185
2025/09/06 17:43:00,AQUA_M-T,Brasil,SÃO PAULO,PEDREIRA,Mata Atlântica,25,0.0,1.0,64.8,-22.71582,-46.91553
2025/09/06 17:43:00,AQUA_M-T,Brasil,SÃO PAULO,MOGI MIRIM,Cerrado,8,0.0,1.0,39.4,-22.53006,-46.94513
2025/09/06 17:43:00,AQUA_M-T,Brasil,SÃO PAULO,ARTUR NOGUEIRA,Cerrado,8,0.0,1.0,51.9,-22.52318,-47.07788
2025/09/06 17:43:00,AQUA_M-T,Brasil,SÃO PAULO,ARTUR NOGUEIRA,Cerrado,8,0.0,1.0,62.3,-22.52584,-47.10377
2025/09/06 17:43:00,AQUA_M-T,Brasil,SÃO PAULO,BARRETOS,Cerrado,7,0.0,1.0,197.5,-20.41132,-48.5881
2025/09/06 17:43:00,AQUA_M-T,Brasil,SÃO PAULO,BARRETOS,Cerrado,8,0.0,1.0,559.8,-20.40823,-48.55766
2025/09/06 17:43:00,AQUA_M-T,Brasil,SÃO PAULO,ARTUR NOGUEIRA,Cerrado,8,0.0,1.0,30.6,-22.51449,-47.07384
2025/09/06 17:43:00,AQUA_M-T,Brasil,SÃO PAULO,ARTUR NOGUEIRA,Cerrado,8,0.0,1.0,94.4,-22.51694,-47.09971
2025/09/06 17:43:00,AQUA_M-T,Brasil,SÃO PAULO,TAQUARITINGA,Cerrado,18,0.0,1.0,33.1,-21.50292,-48.65382
2025/09/06 17:43:00,AQUA_M-T,Brasil,SÃO PAULO,BARRETOS,Cerrado,8,0.0,1.0,369.0,-20.40706,-48.55066
2025/09/06 17:43:00,AQUA_M-T,Brasil,SÃO PAULO,BARRETOS,Cerrado,8,0.0,1.0,422.6,-20.40993,-48.58111
2025/09/06 17:43:00,AQUA_M-T,Brasil,SÃO PAULO,MOGI MIRIM,Cerrado,8,0.0,1.0,44.5,-22.52401,-46.95075
2025/09/07 18:21:00,AQUA_M-T,Brasil,SÃO PAULO,CAMPINAS,Mata Atlântica,25,0.0,-999.0,10.2,-22.97951,-47.15762
2025/09/08 19:00:00,AQUA_M-T,Brasil,SÃO PAULO,JOÃO RAMALHO,Cerrado,31,0.0,1.0,1297.9,-22.3777,-50.87802
2025/09/08 19:00:00,AQUA_M-T,Brasil,SÃO PAULO,SÃO JOÃO DO PAU D'ALHO,Mata Atlântica,11,0.0,1.0,46.6,-21.29709,-51.65701
2025/09/08 19:00:00,AQUA_M-T,Brasil,SÃO PAULO,MONTE CASTELO,Mata Atlântica,11,0.0,1.0,235.4,-21.27983,-51.63777
2025/09/08 19:00:00,AQUA_M-T,Brasil,SÃO PAULO,JOÃO RAMALHO,Cerrado,30,0.0,1.0,545.4,-22.37309,-50.85457
2025/09/08 19:00:00,AQUA_M-T,Brasil,SÃO PAULO,IPUÃ,Cerrado,34,0.0,1.0,792.1,-20.44069,-48.0297
2025/09/08 19:00:00,AQUA_M-T,Brasil,SÃO PAULO,ITAPURA,Mata Atlântica,11,0.0,1.0,374.1,-20.5561,-51.44537
2025/09/08 19:00:00,AQUA_M-T,Brasil,SÃO PAULO,IPUÃ,Cerrado,34,0.0,1.0,940.5,-20.44028,-48.03474
2025/09/08 19:00:00,AQUA_M-T,Brasil,SÃO PAULO,MONTE CASTELO,Mata Atlântica,12,0.0,1.0,172.3,-21.29283,-51.63501
2025/09/08 19:00:00,AQUA_M-T,Brasil,SÃO PAULO,JOÃO RAMALHO,Cerrado,28,0.0,1.0,208.0,-22.38652,-50.85153
2025/09/08 19:00:00,AQUA_M-T,Brasil,SÃO PAULO,JOÃO RAMALHO,Cerrado,32,0.0,1.0,201.3,-22.35969,-50.85778
2025/09/08 19:00:00,AQUA_M-T,Brasil,SÃO PAULO,PRESIDENTE PRUDENTE,Mata Atlântica,29,0.0,-999.0,38.4,-22.10773,-51.39727
2025/09/08 19:00:00,AQUA_M-T,Brasil,SÃO PAULO,MONTE CASTELO,Mata Atlântica,11,0.0,1.0,208.2,-21.28204,-51.6445
2025/09/08 19:00:00,AQUA_M-T,Brasil,SÃO PAULO,NOVA GUATAPORANGA,Mata Atlântica,11,0.0,1.0,132.0,-21.31006,-51.65422
2025/09/08 19:00:00,AQUA_M-T,Brasil,SÃO PAULO,JOÃO RAMALHO,Cerrado,29,0.0,1.0,693.1,-22.39113,-50.8751
2025/09/08 19:00:00,AQUA_M-T,Brasil,SÃO PAULO,IPUÃ,Cerrado,34,0.0,1.0,94.3,-20.42368,-48.03389
2025/09/08 19:00:00,AQUA_M-T,Brasil,SÃO PAULO,ITAPURA,Mata Atlântica,11,0.0,1.0,426.5,-20.54269,-51.44814
2025/09/08 19:00:00,AQUA_M-T,Brasil,SÃO PAULO,JOÃO RAMALHO,Cerrado,32,0.0,1.0,227.7,-22.36433,-50.88125
2025/09/08 19:00:00,AQUA_M-T,Brasil,SÃO PAULO,NOVA GUATAPORANGA,Mata Atlântica,13,0.0,1.0,115.4,-21.30581,-51.63214
2025/09/08 19:00:00,AQUA_M-T,Brasil,SÃO PAULO,SÃO JOÃO DO PAU D'ALHO,Mata Atlântica,11,0.0,1.0,39.6,-21.28618,-51.66666
2025/09/09 18:00:00,AQUA_M-T,Brasil,SÃO PAULO,GUARATINGUETÁ,Mata Atlântica,10,0.0,-999.0,59.5,-22.79853,-45.19047
2025/09/09 18:00:00,AQUA_M-T,Brasil,SÃO PAULO,ELDORADO,Mata Atlântica,0,1.28,0.41,11.1,-24.68389,-48.27858
2025/09/09 18:00:00,AQUA_M-T,Brasil,SÃO PAULO,GUARATINGUETÁ,Mata Atlântica,10,0.0,-999.0,4.9,-22.79714,-45.18036
2025/09/09 18:00:00,AQUA_M-T,Brasil,SÃO PAULO,GUARATINGUETÁ,Mata Atlântica,10,0.0,-999.0,15.3,-22.78942,-45.19192
2025/09/09 18:02:00,AQUA_M-T,Brasil,SÃO PAULO,ARAMINA,Cerrado,35,0.0,1.0,34.0,-20.12241,-47.8625
2025/09/09 18:02:00,AQUA_M-T,Brasil,SÃO PAULO,IPUÃ,Cerrado,35,0.0,1.0,210.5,-20.41823,-48.02615
2025/09/09 18:02:00,AQUA_M-T,Brasil,SÃO PAULO,SÃO JOSÉ DA BELA VISTA,Cerrado,10,0.0,1.0,14.4,-20.56895,-47.69716
2025/09/09 18:02:00,AQUA_M-T,Brasil,SÃO PAULO,SÃO JOSÉ DA BELA VISTA,Cerrado,14,0.0,1.0,1041.5,-20.54214,-47.64384
2025/09/09 18:02:00,AQUA_M-T,Brasil,SÃO PAULO,SÃO JOSÉ DA BELA VISTA,Cerrado,11,0.0,1.0,70.7,-20.57596,-47.67046
2025/09/09 18:02:00,AQUA_M-T,Brasil,SÃO PAULO,SÃO JOSÉ DA BELA VISTA,Cerrado,11,0.0,1.0,295.9,-20.5627,-47.64669
2025/09/09 18:02:00,AQUA_M-T,Brasil,SÃO PAULO,SÃO JOSÉ DA BELA VISTA,Cerrado,11,0.0,1.0,261.4,-20.55551,-47.66755
2025/09/09 18:02:00,AQUA_M-T,Brasil,SÃO PAULO,RIBEIRÃO PRETO,Cerrado,11,0.0,-999.0,44.8,-21.11427,-47.81298
2025/09/09 18:02:00,AQUA_M-T,Brasil,SÃO PAULO,ARAMINA,Cerrado,35,0.0,1.0,98.6,-20.12659,-47.83058
2025/09/09 18:02:00,AQUA_M-T,Brasil,SÃO PAULO,ARAMINA,Cerrado,35,0.0,1.0,71.5,-20.12974,-47.85595
2025/09/09 18:02:00,AQUA_M-T,Brasil,SÃO PAULO,ARAMINA,Cerrado,35,0.0,1.0,51.6,-20.11059,-47.85134
2025/09/09 18:02:00,AQUA_M-T,Brasil,SÃO PAULO,SÃO JOSÉ DA BELA VISTA,Cerrado,11,0.0,1.0,493.7,-20.55574,-47.67374
2025/09/09 18:02:00,AQUA_M-T,Brasil,SÃO PAULO,SÃO JOSÉ DA BELA VISTA,Cerrado,13,0.0,1.0,116.0,-20.55223,-47.64223
2025/09/09 18:02:00,AQUA_M-T,Brasil,SÃO PAULO,SÃO JOSÉ DA BELA VISTA,Cerrado,11,0.0,1.0,60.1,-20.57439,-47.65789
2025/09/09 18:02:00,AQUA_M-T,Brasil,SÃO PAULO,ARAMINA,Cerrado,35,0.0,1.0,106.9,-20.13359,-47.80362
2025/09/09 18:02:00,AQUA_M-T,Brasil,SÃO PAULO,ARAMINA,Cerrado,35,0.0,1.0,38.0,-20.1313,-47.86861
2025/09/09 18:02:00,AQUA_M-T,Brasil,SÃO PAULO,IPUÃ,Cerrado,35,0.0,1.0,424.0,-20.38925,-47.96386
2025/09/09 18:02:00,AQUA_M-T,Brasil,SÃO PAULO,IGARAPAVA,Cerrado,35,0.0,1.0,287.3,-20.09105,-47.54563
2025/09/09 18:02:00,AQUA_M-T,Brasil,SÃO PAULO,IGARAPAVA,Cerrado,35,0.0,1.0,89.7,-20.07884,-47.52829
2025/09/09 18:02:00,AQUA_M-T,Brasil,SÃO PAULO,IGARAPAVA,Cerrado,35,0.0,1.0,7.0,-20.06048,-47.54325
2025/09/09 18:02:00,AQUA_M-T,Brasil,SÃO PAULO,IGARAPAVA,Cerrado,35,0.0,1.0,141.4,-20.07043,-47.54168
2025/09/09 18:02:00,AQUA_M-T,Brasil,SÃO PAULO,ARAMINA,Cerrado,35,0.0,1.0,31.6,-20.1164,-47.8319
2025/09/09 18:02:00,AQUA_M-T,Brasil,SÃO PAULO,SÃO JOSÉ DA BELA VISTA,Cerrado,14,0.0,1.0,166.0,-20.55107,-47.63578
2025/09/09 18:02:00,AQUA_M-T,Brasil,SÃO PAULO,IPUÃ,Cerrado,35,0.0,1.0,45.4,-20.39423,-48.00307
2025/09/09 18:02:00,AQUA_M-T,Brasil,SÃO PAULO,IPUÃ,Cerrado,35,0.0,1.0,83.7,-20.42679,-48.03169
2025/09/09 18:02:00,AQUA_M-T,Brasil,SÃO PAULO,BURITIZAL,Cerrado,35,0.0,1.0,68.5,-20.17134,-47.69503
2025/09/09 18:02:00,AQUA_M-T,Brasil,SÃO PAULO,IGARAPAVA,Cerrado,35,0.0,1.0,336.2,-20.07956,-47.53503
2025/09/09 18:02:00,AQUA_M-T,Brasil,SÃO PAULO,SÃO JOSÉ DA BELA VISTA,Cerrado,11,0.0,1.0,412.9,-20.5542,-47.66118
2025/09/09 18:02:00,AQUA_M-T,Brasil,SÃO PAULO,ITUVERAVA,Cerrado,35,0.0,1.0,8.0,-20.34647,-47.7096
2025/09/09 18:02:00,AQUA_M-T,Brasil,SÃO PAULO,IPUÃ,Cerrado,35,0.0,1.0,100.2,-20.41484,-48.02009
2025/09/09 18:02:00,AQUA_M-T,Brasil,SÃO PAULO,SÃO JOSÉ DA BELA VISTA,Cerrado,11,0.0,1.0,35.7,-20.55869,-47.69213
2025/09/09 18:02:00,AQUA_M-T,Brasil,SÃO PAULO,ARAMINA,Cerrado,35,0.0,1.0,129.4,-20.11328,-47.80652
2025/09/09 18:02:00,AQUA_M-T,Brasil,SÃO PAULO,RIBEIRÃO PRETO,Cerrado,11,0.0,-999.0,31.0,-21.11591,-47.82589
2025/09/09 18:02:00,AQUA_M-T,Brasil,SÃO PAULO,IGARAPAVA,Cerrado,35,0.0,1.0,35.5,-20.07206,-47.55414
2025/09/09 18:02:00,AQUA_M-T,Brasil,SÃO PAULO,MIGUELÓPOLIS,Cerrado,35,0.0,1.0,27.0,-20.22053,-48.07975
2025/09/09 18:02:00,AQUA_M-T,Brasil,SÃO PAULO,SÃO JOSÉ DA BELA VISTA,Cerrado,16,0.0,1.0,205.5,-20.55058,-47.62954
2025/09/09 18:02:00,AQUA_M-T,Brasil,SÃO PAULO,RIOLÂNDIA,Mata Atlântica,11,0.0,1.0,29.0,-20.05317,-49.69591
2025/09/09 18:02:00,AQUA_M-T,Brasil,SÃO PAULO,IPUÃ,Cerrado,35,0.0,1.0,85.5,-20.4252,-48.01867
2025/09/09 18:02:00,AQUA_M-T,Brasil,SÃO PAULO,IPUÃ,Cerrado,34,0.0,1.0,70.8,-20.44752,-48.02877
2025/09/09 18:02:00,AQUA_M-T,Brasil,SÃO PAULO,ARAMINA,Cerrado,35,0.0,1.0,127.1,-20.11955,-47.85745
2025/09/09 18:02:00,AQUA_M-T,Brasil,SÃO PAULO,SÃO JOSÉ DA BELA VISTA,Cerrado,11,0.0,1.0,63.0,-20.57913,-47.69594
2025/09/09 18:02:00,AQUA_M-T,Brasil,SÃO PAULO,SÃO JOSÉ DA BELA VISTA,Cerrado,14,0.0,1.0,413.5,-20.56114,-47.63406
2025/09/09 18:02:00,AQUA_M-T,Brasil,SÃO PAULO,SÃO JOSÉ DA BELA VISTA,Cerrado,11,0.0,1.0,178.9,-20.55725,-47.68597
2025/09/09 18:02:00,AQUA_M-T,Brasil,SÃO PAULO,SÃO JOSÉ DA BELA VISTA,Cerrado,11,0.0,1.0,167.0,-20.57284,-47.6454
2025/09/09 18:02:00,AQUA_M-T,Brasil,SÃO PAULO,SÃO JOSÉ DA BELA VISTA,Cerrado,11,0.0,1.0,188.2,-20.55387,-47.65488
2025/09/09 18:02:00,AQUA_M-T,Brasil,SÃO PAULO,SÃO JOSÉ DA BELA VISTA,Cerrado,11,0.0,1.0,39.7,-20.56744,-47.68492
2025/09/09 18:02:00,AQUA_M-T,Brasil,SÃO PAULO,SÃO JOSÉ DA BELA VISTA,Cerrado,12,0.0,1.0,982.4,-20.54376,-47.65639
2025/09/09 18:02:00,AQUA_M-T,Brasil,SÃO PAULO,IGARAPAVA,Cerrado,35,0.0,1.0,266.1,-20.08045,-47.54056
2025/09/09 18:02:00,AQUA_M-T,Brasil,SÃO PAULO,ARAMINA,Cerrado,35,0.0,1.0,164.0,-20.13835,-47.84181
2025/09/09 18:02:00,AQUA_M-T,Brasil,SÃO PAULO,BURITIZAL,Cerrado,35,0.0,1.0,51.7,-20.17292,-47.70736
2025/09/09 18:02:00,AQUA_M-T,Brasil,SÃO PAULO,IGARAPAVA,Cerrado,35,0.0,1.0,48.6,-20.08362,-47.56475
2025/09/09 18:02:00,AQUA_M-T,Brasil,SÃO PAULO,SÃO JOSÉ DA BELA VISTA,Cerrado,14,0.0,1.0,77.9,-20.57125,-47.6327
2025/09/09 18:02:00,AQUA_M-T,Brasil,SÃO PAULO,IPUÃ,Cerrado,35,0.0,1.0,120.9,-20.38061,-47.97846
2025/09/09 18:02:00,AQUA_M-T,Brasil,SÃO PAULO,ARAMINA,Cerrado,35,0.0,1.0,311.2,-20.11582,-47.81172
2025/09/09 18:02:00,AQUA_M-T,Brasil,SÃO PAULO,ARAMINA,Cerrado,35,0.0,1.0,631.2,-20.11484,-47.81918
2025/09/09 18:02:00,AQUA_M-T,Brasil,SÃO PAULO,SÃO JOSÉ DA BELA VISTA,Cerrado,11,0.0,1.0,198.1,-20.55712,-47.67996
2025/09/09 18:02:00,AQUA_M-T,Brasil,SÃO PAULO,SÃO JOSÉ DA BELA VISTA,Cerrado,11,0.0,1.0,33.2,-20.55877,-47.69835
2025/09/09 18:02:00,AQUA_M-T,Brasil,SÃO PAULO,SÃO JOSÉ DA BELA VISTA,Cerrado,11,0.0,1.0,44.8,-20.56585,-47.67206
2025/09/09 18:02:00,AQUA_M-T,Brasil,SÃO PAULO,BURITIZAL,Cerrado,35,0.0,1.0,12.0,-20.18463,-47.71835
2025/09/09 18:02:00,AQUA_M-T,Brasil,SÃO PAULO,ARAMINA,Cerrado,35,0.0,1.0,925.9,-20.13676,-47.82903
2025/09/09 18:02:00,AQUA_M-T,Brasil,SÃO PAULO,SÃO JOSÉ DA BELA VISTA,Cerrado,12,0.0,1.0,359.9,-20.54535,-47.66872
2025/09/09 18:02:00,AQUA_M-T,Brasil,SÃO PAULO,CAJURU,Mata Atlântica,11,0.09,0.98,54.8,-21.1814,-47.3019
2025/09/09 18:02:00,AQUA_M-T,Brasil,SÃO PAULO,ARAMINA,Cerrado,35,0.0,1.0,32.2,-20.11798,-47.84473
2025/09/09 18:02:00,AQUA_M-T,Brasil,SÃO PAULO,GUARÁ,Cerrado,11,0.0,1.0,15.2,-20.55017,-47.70618
2025/09/09 18:02:00,AQUA_M-T,Brasil,SÃO PAULO,SÃO JOSÉ DA BELA VISTA,Cerrado,20,0.0,1.0,243.8,-20.54796,-47.61059
2025/09/09 18:02:00,AQUA_M-T,Brasil,SÃO PAULO,ARAMINA,Cerrado,35,0.0,1.0,39.0,-20.13993,-47.85448
2025/09/09 18:02:00,AQUA_M-T,Brasil,SÃO PAULO,IPUÃ,Cerrado,35,0.0,1.0,680.7,-20.38224,-47.99138
2025/09/09 18:02:00,AQUA_M-T,Brasil,SÃO PAULO,IGARAPAVA,Cerrado,35,0.0,1.0,12.3,-20.0852,-47.57682
2025/09/09 18:02:00,AQUA_M-T,Brasil,SÃO PAULO,ARAMINA,Cerrado,35,0.0,1.0,84.0,-20.12817,-47.8433
2025/09/09 18:02:00,AQUA_M-T,Brasil,SÃO PAULO,IGARAPAVA,Cerrado,35,0.0,1.0,35.3,-20.08411,-47.57144
2025/09/09 18:02:00,AQUA_M-T,Brasil,SÃO PAULO,ARAMINA,Cerrado,35,0.0,1.0,1284.7,-20.13517,-47.8163
2025/09/09 18:02:00,AQUA_M-T,Brasil,SÃO PAULO,ARAMINA,Cerrado,35,0.0,1.0,56.9,-20.1329,-47.8815
2025/09/09 18:02:00,AQUA_M-T,Brasil,SÃO PAULO,ARAMINA,Cerrado,35,0.0,1.0,48.4,-20.1431,-47.87999
2025/09/09 18:02:00,AQUA_M-T,Brasil,SÃO PAULO,IPUÃ,Cerrado,35,0.0,1.0,182.6,-20.38761,-47.95092
2025/09/09 18:02:00,AQUA_M-T,Brasil,SÃO PAULO,IGARAPAVA,Cerrado,35,0.0,1.0,125.5,-20.0826,-47.55938
2025/09/09 18:02:00,AQUA_M-T,Brasil,SÃO PAULO,ARAMINA,Cerrado,35,0.0,1.0,158.7,-20.12502,-47.81786
2025/09/09 18:02:00,AQUA_M-T,Brasil,SÃO PAULO,BURITIZAL,Cerrado,35,0.0,1.0,47.6,-20.18301,-47.70586
2025/09/09 18:02:00,AQUA_M-T,Brasil,SÃO PAULO,IGARAPAVA,Cerrado,35,0.0,1.0,85.6,-20.06884,-47.5295
2025/09/09 18:02:00,AQUA_M-T,Brasil,SÃO PAULO,IPUÃ,Cerrado,35,0.0,1.0,46.7,-20.38389,-48.0045
2025/09/09 18:02:00,AQUA_M-T,Brasil,SÃO PAULO,SÃO JOSÉ DA BELA VISTA,Cerrado,17,0.0,1.0,85.5,-20.54053,-47.63135
2025/09/09 18:02:00,AQUA_M-T,Brasil,SÃO PAULO,SÃO JOSÉ DA BELA VISTA,Cerrado,11,0.0,1.0,78.5,-20.57757,-47.68338
2025/09/09 18:02:00,AQUA_M-T,Brasil,SÃO PAULO,IGARAPAVA,Cerrado,35,0.0,1.0,23.4,-20.09561,-47.58199
2025/09/09 18:02:00,AQUA_M-T,Brasil,SÃO PAULO,ITUVERAVA,Cerrado,35,0.0,1.0,23.5,-20.35131,-47.74756
2025/09/09 18:02:00,AQUA_M-T,Brasil,SÃO PAULO,ARAMINA,Cerrado,35,0.0,1.0,41.4,-20.12078,-47.84993
2025/09/09 18:02:00,AQUA_M-T,Brasil,SÃO PAULO,IGARAPAVA,Cerrado,35,0.0,1.0,223.4,-20.08204,-47.55272
2025/09/09 18:02:00,AQUA_M-T,Brasil,SÃO PAULO,SÃO JOSÉ DA BELA VISTA,Cerrado,11,0.0,1.0,169.6,-20.54693,-47.68098
2025/09/09 18:02:00,AQUA_M-T,Brasil,SÃO PAULO,IGARAPAVA,Cerrado,35,0.0,1.0,24.3,-20.07802,-47.5227
2025/09/09 18:02:00,AQUA_M-T,Brasil,SÃO PAULO,ARAMINA,Cerrado,35,0.0,1.0,238.7,-20.11747,-47.82441
2025/09/09 18:02:00,AQUA_M-T,Brasil,SÃO PAULO,SÃO JOSÉ DA BELA VISTA,Cerrado,17,0.0,1.0,299.3,-20.5495,-47.62309
2025/09/09 18:02:00,AQUA_M-T,Brasil,SÃO PAULO,SÃO JOSÉ DA BELA VISTA,Cerrado,19,0.0,1.0,247.0,-20.54894,-47.61698
2025/09/09 18:02:00,AQUA_M-T,Brasil,SÃO PAULO,SÃO JOSÉ DA BELA VISTA,Cerrado,11,0.0,1.0,187.8,-20.55263,-47.64846
2025/09/09 18:02:00,AQUA_M-T,Brasil,SÃO PAULO,IPUÃ,Cerrado,35,0.0,1.0,93.1,-20.41642,-48.03309
2025/09/09 18:02:00,AQUA_M-T,Brasil,SÃO PAULO,SÃO JOSÉ DA BELA VISTA,Cerrado,11,0.0,1.0,95.5,-20.56427,-47.65933
2025/09/09 18:02:00,AQUA_M-T,Brasil,SÃO PAULO,IGARAPAVA,Cerrado,35,0.0,1.0,44.7,-20.09409,-47.56987
2025/09/09 18:02:00,AQUA_M-T,Brasil,SÃO PAULO,IGARAPAVA,Cerrado,35,0.0,1.0,147.8,-20.09258,-47.55785
2025/09/09 18:02:00,AQUA_M-T,Brasil,SÃO PAULO,SÃO JOSÉ DA BELA VISTA,Cerrado,22,0.0,1.0,70.8,-20.54732,-47.60445
2025/09/09 18:02:00,AQUA_M-T,Brasil,SÃO PAULO,ARAMINA,Cerrado,35,0.0,1.0,56.0,-20.1415,-47.86712
2025/09/09 18:02:00,AQUA_M-T,Brasil,SÃO PAULO,CAJURU,Mata Atlântica,11,0.04,1.0,20.7,-21.18295,-47.31415
2025/09/09 18:02:00,AQUA_M-T,Brasil,SÃO PAULO,SÃO JOSÉ DA BELA VISTA,Cerrado,17,0.0,1.0,207.1,-20.55957,-47.62144
2025/09/09 18:02:00,AQUA_M-T,Brasil,SÃO PAULO,SÃO JOSÉ DA BELA VISTA,Cerrado,11,0.0,1.0,49.6,-20.58069,-47.70846
2025/09/09 18:02:00,AQUA_M-T,Brasil,SÃO PAULO,BURITIZAL,Cerrado,35,0.0,1.0,47.6,-20.1814,-47.69342
2025/09/09 18:02:00,AQUA_M-T,Brasil,SÃO PAULO,IGARAPAVA,Cerrado,35,0.0,1.0,344.3,-20.08109,-47.54727
2025/09/10 18:38:00,AQUA_M-T,Brasil,SÃO PAULO,IGARAPAVA,Cerrado,36,0.0,1.0,27.6,-20.09294,-47.55854
2025/09/10 18:38:00,AQUA_M-T,Brasil,SÃO PAULO,ITU,Mata Atlântica,14,0.0,-999.0,35.4,-23.36886,-47.32582
2025/09/10 18:38:00,AQUA_M-T,Brasil,SÃO PAULO,SÃO JOSÉ DA BELA VISTA,Cerrado,16,0.0,1.0,33.5,-20.55197,-47.63185
2025/09/10 18:38:00,AQUA_M-T,Brasil,SÃO PAULO,RANCHARIA,Cerrado,33,0.0,1.0,11.5,-22.33038,-50.88286
2025/09/10 18:38:00,AQUA_M-T,Brasil,SÃO PAULO,OURO VERDE,Mata Atlântica,13,0.0,1.0,8.4,-21.45232,-51.74854
2025/09/10 18:38:00,AQUA_M-T,Brasil,SÃO PAULO,TUIUTI,Mata Atlântica,26,0.0,0.95,29.9,-22.81055,-46.71637
2025/09/10 18:38:00,AQUA_M-T,Brasil,SÃO PAULO,PEDERNEIRAS,Cerrado,16,0.0,0.98,17.2,-22.32879,-48.82447
2025/09/10 18:38:00,AQUA_M-T,Brasil,SÃO PAULO,BORBOREMA,Cerrado,12,0.0,1.0,66.3,-21.60695,-49.08469
2025/09/10 18:38:00,AQUA_M-T,Brasil,SÃO PAULO,JACAREÍ,Mata Atlântica,26,0.0,1.0,265.0,-23.30843,-46.07078
2025/09/10 18:38:00,AQUA_M-T,Brasil,SÃO PAULO,FARTURA,Mata Atlântica,0,0.0,1.0,28.7,-23.48727,-49.48922
2025/09/10 18:38:00,AQUA_M-T,Brasil,SÃO PAULO,IGARAPAVA,Cerrado,36,0.0,1.0,102.3,-20.07381,-47.52378
2025/09/10 18:38:00,AQUA_M-T,Brasil,SÃO PAULO,BOTUCATU,Cerrado,21,0.0,1.0,10.6,-22.87893,-48.54137
2025/09/10 18:38:00,AQUA_M-T,Brasil,SÃO PAULO,ITU,Mata Atlântica,18,0.0,1.0,40.5,-23.32574,-47.35266
2025/09/10 18:38:00,AQUA_M-T,Brasil,SÃO PAULO,BAURU,Cerrado,18,0.0,1.0,25.8,-22.37334,-49.10732
2025/09/10 18:38:00,AQUA_M-T,Brasil,SÃO PAULO,CAIUÁ,Mata Atlântica,5,0.0,0.99,100.5,-21.58291,-51.93604
2025/09/10 18:38:00,AQUA_M-T,Brasil,SÃO PAULO,ITU,Mata Atlântica,17,0.0,1.0,257.4,-23.32262,-47.33576
2025/09/10 18:38:00,AQUA_M-T,Brasil,SÃO PAULO,SÃO JOSÉ DA BELA VISTA,Cerrado,12,0.0,1.0,34.4,-20.57894,-47.67517
2025/09/10 18:38:00,AQUA_M-T,Brasil,SÃO PAULO,ITU,Mata Atlântica,21,0.0,-999.0,41.8,-23.31418,-47.35508
2025/09/10 18:38:00,AQUA_M-T,Brasil,SÃO PAULO,SÃO JOSÉ DA BELA VISTA,Cerrado,17,0.0,1.0,76.9,-20.53988,-47.63381
2025/09/10 18:38:00,AQUA_M-T,Brasil,SÃO PAULO,PIRACICABA,Cerrado,32,0.0,0.98,27.9,-22.79414,-47.80872
2025/09/10 18:38:00,AQUA_M-T,Brasil,SÃO PAULO,ITU,Mata Atlântica,15,0.0,0.94,20.7,-23.36432,-47.19563
2025/09/10 18:38:00,AQUA_M-T,Brasil,SÃO PAULO,SÃO JOSÉ DA BELA VISTA,Cerrado,12,0.0,1.0,69.1,-20.58219,-47.69278
2025/09/10 18:38:00,AQUA_M-T,Brasil,SÃO PAULO,TEODORO SAMPAIO,Mata Atlântica,14,0.0,1.0,10.8,-22.2794,-52.43161
2025/09/10 18:38:00,AQUA_M-T,Brasil,SÃO PAULO,ITU,Mata Atlântica,12,0.0,0.9,23.9,-23.35733,-47.32847
2025/09/10 18:38:00,AQUA_M-T,Brasil,SÃO PAULO,IGARAPAVA,Cerrado,36,0.0,1.0,29.1,-20.12935,-47.6876
2025/09/10 18:38:00,AQUA_M-T,Brasil,SÃO PAULO,ITU,Mata Atlântica,13,0.0,1.0,59.5,-23.36056,-47.30437
2025/09/10 18:38:00,AQUA_M-T,Brasil,SÃO PAULO,SÃO JOSÉ DO RIO PRETO,Mata Atlântica,12,0.0,1.0,12.9,-20.81267,-49.44342
2025/09/10 18:38:00,AQUA_M-T,Brasil,SÃO PAULO,IGARAPAVA,Cerrado,36,0.0,1.0,88.8,-20.07724,-47.54216
2025/09/10 18:38:00,AQUA_M-T,Brasil,SÃO PAULO,ITU,Mata Atlântica,16,0.0,0.92,20.3,-23.36764,-47.21339
2025/09/10 18:38:00,AQUA_M-T,Brasil,SÃO PAULO,SALTO,Mata Atlântica,27,0.0,-999.0,32.0,-23.18289,-47.2829
2025/09/10 18:38:00,AQUA_M-T,Brasil,SÃO PAULO,JARDINÓPOLIS,Cerrado,12,0.0,1.0,24.6,-21.00821,-47.72657
2025/09/10 18:38:00,AQUA_M-T,Brasil,SÃO PAULO,TUPÃ,Mata Atlântica,21,0.0,1.0,37.9,-21.85464,-50.55938
2025/09/10 18:38:00,AQUA_M-T,Brasil,SÃO PAULO,ITU,Mata Atlântica,13,0.0,0.9,256.9,-23.35594,-47.21563
2025/09/10 18:38:00,AQUA_M-T,Brasil,SÃO PAULO,OURINHOS,Mata Atlântica,15,0.0,-999.0,36.2,-22.95502,-49.87936
2025/09/10 18:38:00,AQUA_M-T,Brasil,SÃO PAULO,PANORAMA,Mata Atlântica,13,0.0,1.0,9.6,-21.40245,-51.78508
2025/09/10 18:38:00,AQUA_M-T,Brasil,SÃO PAULO,CAIUÁ,Mata Atlântica,6,0.0,0.9,157.1,-21.58135,-51.92605
2025/09/10 18:38:00,AQUA_M-T,Brasil,SÃO PAULO,SALTO,Mata Atlântica,28,0.0,-999.0,26.7,-23.17964,-47.26556
2025/09/10 18:38:00,AQUA_M-T,Brasil,SÃO PAULO,RANCHARIA,Cerrado,33,0.0,1.0,18.4,-22.33212,-50.89356
2025/09/10 18:38:00,AQUA_M-T,Brasil,SÃO PAULO,BARUERI,Mata Atlântica,27,0.0,-999.0,13.3,-23.50494,-46.89044
2025/09/10 18:38:00,AQUA_M-T,Brasil,SÃO PAULO,ITU,Mata Atlântica,22,0.0,1.0,15.0,-23.29947,-47.34055
2025/09/10 18:38:00,AQUA_M-T,Brasil,SÃO PAULO,CHAVANTES,Mata Atlântica,0,0.0,1.0,49.5,-22.98462,-49.74194
2025/09/10 18:38:00,AQUA_M-T,Brasil,SÃO PAULO,JARDINÓPOLIS,Cerrado,12,0.0,1.0,20.3,-21.00506,-47.7091
2025/09/10 18:38:00,AQUA_M-T,Brasil,SÃO PAULO,PIEDADE,Mata Atlântica,1,0.0,0.77,22.6,-23.79412,-47.38195
2025/09/10 18:38:00,AQUA_M-T,Brasil,SÃO PAULO,ITU,Mata Atlântica,12,0.0,0.9,66.1,-23.35264,-47.19807
2025/09/10 18:38:00,AQUA_M-T,Brasil,SÃO PAULO,JACAREÍ,Mata Atlântica,27,0.0,1.0,318.7,-23.31013,-46.07538
2025/09/10 18:38:00,AQUA_M-T,Brasil,SÃO PAULO,BORBOREMA,Cerrado,12,0.0,1.0,72.2,-21.60937,-49.09871
2025/09/10 18:38:00,AQUA_M-T,Brasil,SÃO PAULO,TUIUTI,Mata Atlântica,26,0.0,1.0,38.9,-22.80672,-46.69631
2025/09/10 18:38:00,AQUA_M-T,Brasil,SÃO PAULO,BOTUCATU,Cerrado,21,0.0,0.95,31.7,-22.97651,-48.43836
2025/09/10 18:38:00,AQUA_M-T,Brasil,SÃO PAULO,SALTO,Mata Atlântica,28,0.0,1.0,59.2,-23.20418,-47.33215
2025/09/10 18:38:00,AQUA_M-T,Brasil,SÃO PAULO,IGARAPAVA,Cerrado,36,0.0,1.0,65.2,-20.07193,-47.52923
2025/09/10 18:38:00,AQUA_M-T,Brasil,SÃO PAULO,ILHA SOLTEIRA,Mata Atlântica,13,0.0,1.0,6.8,-20.60564,-51.36214
2025/09/10 18:38:00,AQUA_M-T,Brasil,SÃO PAULO,PIEDADE,Mata Atlântica,1,0.0,0.85,14.9,-23.7909,-47.36444
2025/09/10 18:38:00,AQUA_M-T,Brasil,SÃO PAULO,ITU,Mata Atlântica,12,0.0,1.0,51.0,-23.35419,-47.31118
2025/09/10 18:38:00,AQUA_M-T,Brasil,SÃO PAULO,TEODORO SAMPAIO,Mata Atlântica,14,0.0,1.0,7.7,-22.2883,-52.43004
2025/09/10 18:38:00,AQUA_M-T,Brasil,SÃO PAULO,PEDERNEIRAS,Cerrado,16,0.0,0.97,12.1,-22.32589,-48.8305
2025/09/10 18:38:00,AQUA_M-T,Brasil,SÃO PAULO,SALTO,Mata Atlântica,28,0.0,-999.0,36.2,-23.17391,-47.2725
2025/09/10 18:38:00,AQUA_M-T,Brasil,SÃO PAULO,ARAÇARIGUAMA,Mata Atlântica,31,0.0,0.93,19.1,-23.42976,-47.04459
2025/09/10 18:38:00,AQUA_M-T,Brasil,SÃO PAULO,TEODORO SAMPAIO,Mata Atlântica,14,0.0,1.0,38.2,-22.28683,-52.42039
2025/09/10 18:38:00,AQUA_M-T,Brasil,SÃO PAULO,BARRA DO TURVO,Mata Atlântica,2,0.0,0.5,27.0,-24.88907,-48.5535
2025/09/10 18:38:00,AQUA_M-T,Brasil,SÃO PAULO,PRESIDENTE PRUDENTE,Mata Atlântica,33,0.0,-999.0,16.8,-22.09833,-51.38687
2025/09/10 18:38:00,AQUA_M-T,Brasil,SÃO PAULO,FARTURA,Mata Atlântica,0,0.0,0.97,15.5,-23.48939,-49.50161
2025/09/10 18:38:00,AQUA_M-T,Brasil,SÃO PAULO,PRESIDENTE PRUDENTE,Mata Atlântica,34,0.0,0.99,28.0,-22.09669,-51.37643
2025/09/10 18:38:00,AQUA_M-T,Brasil,SÃO PAULO,CAMPINAS,Mata Atlântica,35,0.0,1.0,61.4,-22.81116,-47.14996
2025/09/10 18:38:00,AQUA_M-T,Brasil,SÃO PAULO,SÃO JOSÉ DA BELA VISTA,Cerrado,18,0.0,1.0,157.1,-20.54487,-47.62564
2025/09/10 18:38:00,AQUA_M-T,Brasil,SÃO PAULO,SALTO,Mata Atlântica,26,0.0,-999.0,38.6,-23.20095,-47.31481
2025/09/10 18:38:00,AQUA_M-T,Brasil,SÃO PAULO,ITU,Mata Atlântica,14,0.0,1.0,62.1,-23.36577,-47.30871
2025/09/10 18:38:00,AQUA_M-T,Brasil,SÃO PAULO,ITU,Mata Atlântica,13,0.0,-999.0,121.5,-23.3638,-47.32157
2025/09/10 18:38:00,AQUA_M-T,Brasil,SÃO PAULO,PANORAMA,Mata Atlântica,13,0.0,1.0,77.4,-21.40403,-51.79522
2025/09/10 18:38:00,AQUA_M-T,Brasil,SÃO PAULO,COTIA,Mata Atlântica,23,0.0,0.97,19.0,-23.60262,-46.97649
2025/09/10 18:38:00,AQUA_M-T,Brasil,SÃO PAULO,ITU,Mata Atlântica,20,0.0,1.0,118.3,-23.31106,-47.33821
2025/09/10 18:38:00,AQUA_M-T,Brasil,SÃO PAULO,IGARAPAVA,Cerrado,36,0.0,1.0,29.4,-20.07523,-47.54759
2025/09/10 18:38:00,AQUA_M-T,Brasil,SÃO PAULO,OURINHOS,Mata Atlântica,15,0.0,-999.0,183.0,-22.95301,-49.86731
2025/09/11 17:39:00,AQUA_M-T,Brasil,SÃO PAULO,PORTO FELIZ,Mata Atlântica,23,0.0,1.0,215.8,-23.16001,-47.51253
2025/09/11 17:39:00,AQUA_M-T,Brasil,SÃO PAULO,PALMARES PAULISTA,Mata Atlântica,13,0.0,1.0,172.9,-21.09488,-48.82243
2025/09/11 17:39:00,AQUA_M-T,Brasil,SÃO PAULO,LENÇÓIS PAULISTA,Cerrado,19,0.0,1.0,195.2,-22.61755,-48.81644
2025/09/11 17:39:00,AQUA_M-T,Brasil,SÃO PAULO,GUARIBA,Cerrado,13,0.0,1.0,838.0,-21.34295,-48.19255
2025/09/11 17:39:00,AQUA_M-T,Brasil,SÃO PAULO,ICÉM,Cerrado,13,0.0,1.0,1058.8,-20.33636,-49.27142
2025/09/11 17:39:00,AQUA_M-T,Brasil,SÃO PAULO,IBITINGA,Cerrado,13,0.0,1.0,57.2,-21.77281,-48.79198
2025/09/11 17:39:00,AQUA_M-T,Brasil,SÃO PAULO,ICÉM,Cerrado,13,0.0,1.0,55.8,-20.35328,-49.26975
2025/09/11 17:39:00,AQUA_M-T,Brasil,SÃO PAULO,LENÇÓIS PAULISTA,Cerrado,19,0.0,-999.0,149.0,-22.62241,-48.80836
2025/09/11 17:39:00,AQUA_M-T,Brasil,SÃO PAULO,LENÇÓIS PAULISTA,Cerrado,19,0.0,1.0,71.1,-22.62558,-48.84803
2025/09/11 17:39:00,AQUA_M-T,Brasil,SÃO PAULO,ICÉM,Cerrado,13,0.0,1.0,676.4,-20.33265,-49.23168
2025/09/11 17:39:00,AQUA_M-T,Brasil,SÃO PAULO,PEDERNEIRAS,Cerrado,21,0.0,1.0,623.7,-22.21245,-48.88045
2025/09/11 17:39:00,AQUA_M-T,Brasil,SÃO PAULO,ITÁPOLIS,Cerrado,13,0.0,1.0,94.2,-21.44156,-48.92614
2025/09/11 17:39:00,AQUA_M-T,Brasil,SÃO PAULO,SÃO CARLOS,Cerrado,13,0.0,1.0,67.3,-22.15481,-47.85019
2025/09/11 17:39:00,AQUA_M-T,Brasil,SÃO PAULO,COTIA,Mata Atlântica,14,0.0,1.0,30.9,-23.64722,-47.06777
2025/09/11 17:39:00,AQUA_M-T,Brasil,SÃO PAULO,ICÉM,Cerrado,13,0.0,1.0,1543.9,-20.34086,-49.2633
2025/09/11 17:39:00,AQUA_M-T,Brasil,SÃO PAULO,ITAPEVA,Mata Atlântica,2,0.0,0.85,81.8,-24.05976,-48.66827
2025/09/11 17:39:00,AQUA_M-T,Brasil,SÃO PAULO,PEDERNEIRAS,Cerrado,21,0.0,1.0,246.5,-22.22927,-48.87849
2025/09/11 17:39:00,AQUA_M-T,Brasil,SÃO PAULO,BOITUVA,Mata Atlântica,30,0.0,1.0,39.6,-23.28709,-47.70063
2025/09/11 17:39:00,AQUA_M-T,Brasil,SÃO PAULO,PEDERNEIRAS,Cerrado,21,0.0,1.0,219.9,-22.22529,-48.88297
2025/09/11 17:39:00,AQUA_M-T,Brasil,SÃO PAULO,LIMEIRA,Cerrado,25,0.0,1.0,83.8,-22.62862,-47.28183
2025/09/11 17:39:00,AQUA_M-T,Brasil,SÃO PAULO,PEDERNEIRAS,Cerrado,21,0.0,1.0,506.6,-22.20849,-48.88504
2025/09/11 17:39:00,AQUA_M-T,Brasil,SÃO PAULO,LIMEIRA,Cerrado,22,0.0,1.0,79.2,-22.61563,-47.28766
2025/09/11 17:39:00,AQUA_M-T,Brasil,SÃO PAULO,ITAPEVA,Mata Atlântica,2,0.0,1.0,94.8,-24.06316,-48.70953
2025/09/11 17:39:00,AQUA_M-T,Brasil,SÃO PAULO,PORTO FELIZ,Mata Atlântica,24,0.0,1.0,151.3,-23.16442,-47.51696
2025/09/11 17:39:00,AQUA_M-T,Brasil,SÃO PAULO,MAIRIPORÃ,Mata Atlântica,13,0.0,0.92,27.2,-23.29129,-46.48051
2025/09/11 17:39:00,AQUA_M-T,Brasil,SÃO PAULO,GUARIBA,Cerrado,13,0.0,1.0,274.7,-21.33299,-48.20008
2025/09/11 17:39:00,AQUA_M-T,Brasil,SÃO PAULO,ONDA VERDE,Cerrado,13,0.0,1.0,98.6,-20.62676,-49.25906
2025/09/11 17:39:00,AQUA_M-T,Brasil,SÃO PAULO,MAIRIPORÃ,Mata Atlântica,13,0.0,0.93,51.4,-23.28739,-46.59247
2025/09/11 17:39:00,AQUA_M-T,Brasil,SÃO PAULO,SÃO CARLOS,Cerrado,13,0.0,1.0,49.0,-22.13914,-47.85144
2025/09/11 17:39:00,AQUA_M-T,Brasil,SÃO PAULO,ONDA VERDE,Cerrado,13,0.0,1.0,110.4,-20.62332,-49.26309
2025/09/11 17:39:00,AQUA_M-T,Brasil,SÃO PAULO,ITÁPOLIS,Cerrado,13,0.0,1.0,93.6,-21.4461,-48.92162
2025/09/11 17:39:00,AQUA_M-T,Brasil,SÃO PAULO,GUARIBA,Cerrado,13,0.0,1.0,165.2,-21.35884,-48.19101
2025/09/11 17:39:00,AQUA_M-T,Brasil,SÃO PAULO,GARÇA,Mata Atlântica,22,0.0,1.0,175.8,-22.2006,-49.61112
2025/09/11 17:39:00,AQUA_M-T,Brasil,SÃO PAULO,GUARIBA,Cerrado,13,0.0,-999.0,58.9,-21.36197,-48.22519
2025/09/11 17:39:00,AQUA_M-T,Brasil,SÃO PAULO,GARÇA,Mata Atlântica,22,0.0,1.0,82.6,-22.23896,-49.649
2025/09/11 17:39:00,AQUA_M-T,Brasil,SÃO PAULO,PALMARES PAULISTA,Mata Atlântica,13,0.0,0.99,95.6,-21.10592,-48.82558
2025/09/11 17:39:00,AQUA_M-T,Brasil,SÃO PAULO,ITAPEVA,Mata Atlântica,2,0.0,1.0,134.5,-24.06719,-48.70115
2025/09/11 17:39:00,AQUA_M-T,Brasil,SÃO PAULO,IBITINGA,Cerrado,13,0.0,1.0,65.4,-21.76686,-48.79928
2025/09/11 17:39:00,AQUA_M-T,Brasil,SÃO PAULO,GUARIBA,Cerrado,13,0.0,-999.0,134.6,-21.34604,-48.22663
2025/09/11 17:39:00,AQUA_M-T,Brasil,SÃO PAULO,LIMEIRA,Cerrado,20,0.0,1.0,64.5,-22.63141,-47.31207
2025/09/11 17:39:00,AQUA_M-T,Brasil,SÃO PAULO,GARÇA,Mata Atlântica,22,0.0,1.0,136.2,-22.20023,-49.6198
2025/09/11 17:39:00,AQUA_M-T,Brasil,SÃO PAULO,SANTA CRUZ DAS PALMEIRAS,Mata Atlântica,13,0.0,1.0,153.6,-21.81131,-47.23586
2025/09/11 17:39:00,AQUA_M-T,Brasil,SÃO PAULO,GARÇA,Mata Atlântica,22,0.0,1.0,468.7,-22.23594,-49.60704
2025/09/11 17:39:00,AQUA_M-T,Brasil,SÃO PAULO,GARÇA,Mata Atlântica,22,0.0,1.0,71.1,-22.19627,-49.57427
2025/09/11 17:39:00,AQUA_M-T,Brasil,SÃO PAULO,ICÉM,Cerrado,13,0.0,1.0,375.1,-20.33741,-49.22378
2025/09/11 17:39:00,AQUA_M-T,Brasil,SÃO PAULO,PALMARES PAULISTA,Mata Atlântica,13,0.0,1.0,92.3,-21.08933,-48.82688
2025/09/11 17:39:00,AQUA_M-T,Brasil,SÃO PAULO,PALMARES PAULISTA,Mata Atlântica,13,0.0,1.0,57.2,-21.09808,-48.86
2025/09/11 17:39:00,AQUA_M-T,Brasil,SÃO PAULO,GUARIBA,Cerrado,13,0.0,1.0,453.9,-21.34896,-48.19943
2025/09/11 17:39:00,AQUA_M-T,Brasil,SÃO PAULO,GARÇA,Mata Atlântica,22,0.0,1.0,431.3,-22.23548,-49.60353
2025/09/11 17:39:00,AQUA_M-T,Brasil,SÃO PAULO,PORTO FELIZ,Mata Atlântica,22,0.0,1.0,26.8,-23.14892,-47.5183
2025/09/11 17:39:00,AQUA_M-T,Brasil,SÃO PAULO,PIRACICABA,Cerrado,34,0.0,1.0,49.6,-22.79937,-47.81289
2025/09/11 17:39:00,AQUA_M-T,Brasil,SÃO PAULO,PEDERNEIRAS,Cerrado,21,0.0,1.0,96.3,-22.21578,-48.92043
2025/09/12 18:19:00,AQUA_M-T,Brasil,SÃO PAULO,MAGDA,Mata Atlântica,14,0.0,1.0,12.6,-20.63742,-50.22594
2025/09/12 18:19:00,AQUA_M-T,Brasil,SÃO PAULO,BRAGANÇA PAULISTA,Mata Atlântica,37,0.0,0.99,8.4,-22.85344,-46.4949
2025/09/12 18:19:00,AQUA_M-T,Brasil,SÃO PAULO,CERQUEIRA CÉSAR,Cerrado,3,0.0,1.0,131.9,-23.06821,-49.15443
2025/09/12 18:19:00,AQUA_M-T,Brasil,SÃO PAULO,MAGDA,Mata Atlântica,14,0.0,1.0,214.3,-20.61817,-50.21478
2025/09/12 18:19:00,AQUA_M-T,Brasil,SÃO PAULO,GARÇA,Mata Atlântica,23,0.0,0.97,9.0,-22.19028,-49.59921
2025/09/12 18:19:00,AQUA_M-T,Brasil,SÃO PAULO,GUAÍRA,Cerrado,14,0.18,1.0,23.1,-20.40084,-48.41686
2025/09/12 18:19:00,AQUA_M-T,Brasil,SÃO PAULO,APARECIDA,Mata Atlântica,13,0.0,1.0,9.3,-22.95746,-45.2407
2025/09/12 18:19:00,AQUA_M-T,Brasil,SÃO PAULO,LUÍS ANTÔNIO,Cerrado,14,0.0,1.0,167.3,-21.55232,-47.72663
2025/09/12 18:19:00,AQUA_M-T,Brasil,SÃO PAULO,GUAÍRA,Cerrado,14,0.14,1.0,33.5,-20.39947,-48.40751
2025/09/12 18:19:00,AQUA_M-T,Brasil,SÃO PAULO,TAUBATÉ,Mata Atlântica,13,0.0,-999.0,9.1,-23.04709,-45.61484
2025/09/12 18:19:00,AQUA_M-T,Brasil,SÃO PAULO,RIBEIRÃO BONITO,Cerrado,14,0.0,1.0,23.4,-22.05749,-48.14164
2025/09/12 18:19:00,AQUA_M-T,Brasil,SÃO PAULO,LUÍS ANTÔNIO,Cerrado,14,0.0,1.0,238.2,-21.55091,-47.71714
2025/09/12 18:19:00,AQUA_M-T,Brasil,SÃO PAULO,SÃO PAULO,Mata Atlântica,14,0.0,0.81,21.7,-23.3943,-46.77037
2025/09/12 18:19:00,AQUA_M-T,Brasil,SÃO PAULO,MAGDA,Mata Atlântica,14,0.0,1.0,9.9,-20.63605,-50.2158
2025/09/12 18:19:00,AQUA_M-T,Brasil,SÃO PAULO,SOCORRO,Mata Atlântica,14,0.0,0.9,8.6,-22.62151,-46.43399
2025/09/12 18:19:00,AQUA_M-T,Brasil,SÃO PAULO,PORTO FELIZ,Mata Atlântica,24,0.0,1.0,8.0,-23.12538,-47.49696
2025/09/12 18:19:00,AQUA_M-T,Brasil,SÃO PAULO,SÃO JOSÉ DO RIO PARDO,Mata Atlântica,13,0.0,0.99,23.5,-21.61711,-46.80651
2025/09/12 18:19:00,AQUA_M-T,Brasil,SÃO PAULO,MARÍLIA,Mata Atlântica,22,0.0,0.98,7.4,-22.23013,-49.95689
2025/09/12 18:19:00,AQUA_M-T,Brasil,SÃO PAULO,MOGI GUAÇU,Cerrado,14,0.0,0.93,52.7,-22.325,-46.9677
2025/09/12 18:19:00,AQUA_M-T,Brasil,SÃO PAULO,VÁRZEA PAULISTA,Mata Atlântica,38,0.0,-999.0,9.6,-23.22824,-46.83307
2025/09/12 18:19:00,AQUA_M-T,Brasil,SÃO PAULO,MAIRIPORÃ,Mata Atlântica,14,0.0,0.8,14.7,-23.3238,-46.55114
2025/09/12 18:19:00,AQUA_M-T,Brasil,SÃO PAULO,PAULÍNIA,Mata Atlântica,34,0.0,-999.0,10.3,-22.79241,-47.18045
2025/09/12 18:19:00,AQUA_M-T,Brasil,SÃO PAULO,MOGI GUAÇU,Cerrado,14,0.0,-999.0,159.3,-22.32351,-46.95797
2025/09/12 18:19:00,AQUA_M-T,Brasil,SÃO PAULO,SÃO JOSÉ DO RIO PARDO,Mata Atlântica,14,0.0,0.97,7.1,-21.62765,-46.8148
2025/09/12 18:19:00,AQUA_M-T,Brasil,SÃO PAULO,AMPARO,Mata Atlântica,25,0.0,0.95,9.0,-22.78085,-46.74425
2025/09/12 18:19:00,AQUA_M-T,Brasil,SÃO PAULO,BARRETOS,Cerrado,14,0.0,1.0,11.8,-20.65473,-48.70744
2025/09/12 18:19:00,AQUA_M-T,Brasil,SÃO PAULO,PIRACAIA,Mata Atlântica,15,0.0,0.9,5.9,-23.00877,-46.24767
2025/09/12 18:19:00,AQUA_M-T,Brasil,SÃO PAULO,SERRANA,Cerrado,14,0.0,0.99,22.3,-21.18378,-47.53566
2025/09/12 18:19:00,AQUA_M-T,Brasil,SÃO PAULO,BARRETOS,Cerrado,14,0.0,1.0,9.9,-20.652,-48.68864
2025/09/12 18:19:00,AQUA_M-T,Brasil,SÃO PAULO,MAIRIPORÃ,Mata Atlântica,14,0.0,0.78,6.3,-23.32074,-46.53141
2025/09/12 18:19:00,AQUA_M-T,Brasil,SÃO PAULO,SOCORRO,Mata Atlântica,14,0.0,1.0,21.2,-22.61091,-46.42551
2025/09/12 18:19:00,AQUA_M-T,Brasil,SÃO PAULO,CAJOBI,Mata Atlântica,14,0.0,1.0,10.8,-20.90082,-48.81257
2025/09/12 18:19:00,AQUA_M-T,Brasil,SÃO PAULO,ALTINÓPOLIS,Cerrado,14,0.0,0.98,16.0,-21.19121,-47.52459
2025/09/12 18:19:00,AQUA_M-T,Brasil,SÃO PAULO,ALTINÓPOLIS,Cerrado,14,0.0,1.0,105.7,-21.07269,-47.29676
2025/09/12 18:19:00,AQUA_M-T,Brasil,SÃO PAULO,PAULÍNIA,Mata Atlântica,35,0.0,-999.0,7.4,-22.79096,-47.17084
2025/09/12 18:19:00,AQUA_M-T,Brasil,SÃO PAULO,RIBEIRÃO BONITO,Cerrado,14,0.0,1.0,9.7,-22.05611,-48.13218
2025/09/12 18:19:00,AQUA_M-T,Brasil,SÃO PAULO,RIBEIRÃO PRETO,Cerrado,14,0.0,-999.0,9.4,-21.16091,-47.76064
2025/09/12 18:19:00,AQUA_M-T,Brasil,SÃO PAULO,SÃO JOSÉ DOS CAMPOS,Mata Atlântica,31,0.0,-999.0,6.9,-23.17844,-45.85443
2025/09/12 18:19:00,AQUA_M-T,Brasil,SÃO PAULO,RIOLÂNDIA,Mata Atlântica,14,0.0,1.0,7.9,-20.02044,-49.75304
2025/09/12 18:19:00,AQUA_M-T,Brasil,SÃO PAULO,MOGI GUAÇU,Cerrado,14,0.0,-999.0,40.3,-22.3146,-46.95956
2025/09/12 18:19:00,AQUA_M-T,Brasil,SÃO PAULO,RIBEIRÃO BRANCO,Mata Atlântica,3,0.0,0.68,28.0,-24.36642,-48.69085
2025/09/12 18:19:00,AQUA_M-T,Brasil,SÃO PAULO,LINS,Mata Atlântica,14,0.0,1.0,12.6,-21.61853,-49.72745
2025/09/12 18:19:00,AQUA_M-T,Brasil,SÃO PAULO,CAJATI,Mata Atlântica,3,0.0,0.51,7.4,-24.82118,-48.25368
2025/09/12 18:19:00,AQUA_M-T,Brasil,SÃO PAULO,MAGDA,Mata Atlântica,14,0.0,1.0,8.9,-20.60901,-50.2162
2025/09/12 18:19:00,AQUA_M-T,Brasil,SÃO PAULO,TAUBATÉ,Mata Atlântica,13,0.0,1.0,12.5,-23.09079,-45.36715
2025/09/12 18:19:00,AQUA_M-T,Brasil,SÃO PAULO,IPUÃ,Cerrado,14,0.0,1.0,6.7,-20.3724,-48.16277
2025/09/12 18:19:00,AQUA_M-T,Brasil,SÃO PAULO,MAGDA,Cerrado,14,0.0,1.0,38.8,-20.61041,-50.22638
2025/09/12 18:19:00,AQUA_M-T,Brasil,SÃO PAULO,ALTINÓPOLIS,Cerrado,14,0.0,1.0,23.2,-21.0816,-47.29518
2025/09/12 18:19:00,AQUA_M-T,Brasil,SÃO PAULO,RIOLÂNDIA,Mata Atlântica,14,0.0,1.0,75.4,-20.02941,-49.75166
2025/09/12 18:19:00,AQUA_M-T,Brasil,SÃO PAULO,ALTINÓPOLIS,Cerrado,14,0.0,1.0,217.6,-21.07122,-47.28714
2025/09/12 18:19:00,AQUA_M-T,Brasil,SÃO PAULO,ITU,Mata Atlântica,14,0.0,0.83,3.6,-23.35124,-47.21168
2025/09/12 18:19:00,AQUA_M-T,Brasil,SÃO PAULO,ITUVERAVA,Cerrado,38,0.0,1.0,4.4,-20.34739,-47.75207
2025/09/12 18:19:00,AQUA_M-T,Brasil,SÃO PAULO,PIRASSUNUNGA,Cerrado,14,0.0,1.0,7.8,-22.06241,-47.49355
2025/09/12 18:19:00,AQUA_M-T,Brasil,SÃO PAULO,PIRACICABA,Mata Atlântica,27,0.0,1.0,40.0,-22.62309,-47.66121
2025/09/12 18:19:00,AQUA_M-T,Brasil,SÃO PAULO,BARIRI,Mata Atlântica,18,0.0,1.0,6.5,-22.07336,-48.76855
2025/09/12 18:19:00,AQUA_M-T,Brasil,SÃO PAULO,PIRASSUNUNGA,Cerrado,14,0.0,1.0,6.7,-22.05356,-47.49505
2025/09/12 18:19:00,AQUA_M-T,Brasil,SÃO PAULO,QUELUZ,Mata Atlântica,13,0.0,0.88,8.1,-22.51905,-44.70981
2025/09/12 18:19:00,AQUA_M-T,Brasil,SÃO PAULO,MARÍLIA,Mata Atlântica,23,0.0,0.99,10.0,-22.23937,-49.95572
2025/09/12 18:19:00,AQUA_M-T,Brasil,SÃO PAULO,MAGDA,Cerrado,14,0.0,1.0,55.6,-20.62097,-50.2351
2025/09/12 18:19:00,AQUA_M-T,Brasil,SÃO PAULO,ATIBAIA,Mata Atlântica,24,0.0,1.0,5.2,-23.01885,-46.67223
2025/09/12 18:19:00,AQUA_M-T,Brasil,SÃO PAULO,PIRACICABA,Cerrado,34,0.0,0.98,5.6,-22.79404,-47.81425
2025/09/12 18:19:00,AQUA_M-T,Brasil,SÃO PAULO,ALTINÓPOLIS,Cerrado,14,0.0,0.99,49.9,-21.18234,-47.52615
2025/09/12 18:19:00,AQUA_M-T,Brasil,SÃO PAULO,RIBEIRÃO PRETO,Cerrado,14,0.0,-999.0,9.6,-21.16975,-47.75911
2025/09/12 18:19:00,AQUA_M-T,Brasil,SÃO PAULO,CAMPINAS,Mata Atlântica,16,0.0,1.0,9.4,-23.01638,-47.07852
2025/09/12 18:19:00,AQUA_M-T,Brasil,SÃO PAULO,SÃO JOSÉ DO RIO PARDO,Mata Atlântica,14,0.0,0.98,63.3,-21.62611,-46.80492
2025/09/12 18:19:00,AQUA_M-T,Brasil,SÃO PAULO,SÃO JOSÉ DO RIO PARDO,Mata Atlântica,14,0.0,1.0,15.6,-21.63356,-46.79337
2025/09/12 18:19:00,AQUA_M-T,Brasil,SÃO PAULO,MAGDA,Mata Atlântica,14,0.0,1.0,1282.5,-20.61958,-50.22498
2025/09/12 18:19:00,AQUA_M-T,Brasil,SÃO PAULO,PIRACICABA,Cerrado,34,0.0,0.98,11.3,-22.79264,-47.80475
2025/09/12 18:19:00,AQUA_M-T,Brasil,SÃO PAULO,ALTINÓPOLIS,Cerrado,14,0.0,1.0,31.2,-21.08013,-47.28552
2025/09/12 18:19:00,AQUA_M-T,Brasil,SÃO PAULO,RIOLÂNDIA,Mata Atlântica,14,0.0,1.0,15.3,-20.02178,-49.76272
2025/09/12 18:19:00,AQUA_M-T,Brasil,SÃO PAULO,ALTINÓPOLIS,Cerrado,14,0.0,1.0,178.6,-21.19264,-47.53412
2025/09/12 18:19:00,AQUA_M-T,Brasil,SÃO PAULO,SÃO JOSÉ DO RIO PARDO,Mata Atlântica,14,0.0,1.0,25.5,-21.63511,-46.80335
2025/09/12 18:19:00,AQUA_M-T,Brasil,SÃO PAULO,BURI,Mata Atlântica,3,0.0,0.96,11.4,-23.773,-48.59549
2025/09/12 18:19:00,AQUA_M-T,Brasil,SÃO PAULO,ALTO ALEGRE,Mata Atlântica,14,0.0,1.0,11.1,-21.65275,-50.11632
2025/09/12 18:19:00,AQUA_M-T,Brasil,SÃO PAULO,PORTO FELIZ,Mata Atlântica,23,0.0,1.0,8.2,-23.149,-47.47315
2025/09/12 18:19:00,AQUA_M-T,Brasil,SÃO PAULO,PIRACICABA,Mata Atlântica,28,0.0,1.0,28.2,-22.61427,-47.66274
2025/09/12 18:19:00,AQUA_M-T,Brasil,SÃO PAULO,AMPARO,Mata Atlântica,25,0.0,1.0,15.2,-22.78235,-46.75404
2025/09/12 18:19:00,AQUA_M-T,Brasil,SÃO PAULO,ITU,Mata Atlântica,14,0.0,0.84,4.0,-23.3498,-47.20208
2025/09/12 18:19:00,AQUA_M-T,Brasil,SÃO PAULO,BARIRI,Mata Atlântica,18,0.0,1.0,14.8,-22.072,-48.75899
2025/09/12 18:19:00,AQUA_M-T,Brasil,SÃO PAULO,TAUBATÉ,Mata Atlântica,12,0.0,1.0,12.8,-23.08904,-45.35634
2025/09/12 18:19:00,AQUA_M-T,Brasil,SÃO PAULO,PORTO FELIZ,Mata Atlântica,25,0.0,1.0,9.0,-23.11655,-47.4985
2025/09/12 18:19:00,AQUA_M-T,Brasil,SÃO PAULO,IGARATÁ,Mata Atlântica,16,0.0,0.85,5.1,-23.12528,-46.16762
2025/09/12 18:19:00,AQUA_M-T,Brasil,SÃO PAULO,BARRETOS,Cerrado,14,0.0,0.99,66.9,-20.65336,-48.69804
2025/09/12 18:19:00,AQUA_M-T,Brasil,SÃO PAULO,FERNANDÓPOLIS,Mata Atlântica,33,0.0,1.0,7.0,-20.26931,-50.22501
2025/09/12 18:19:00,AQUA_M-T,Brasil,SÃO PAULO,CERQUEIRA CÉSAR,Cerrado,4,0.0,1.0,26.8,-23.06959,-49.16445
2025/09/12 18:19:00,AQUA_M-T,Brasil,SÃO PAULO,PAULÍNIA,Mata Atlântica,34,0.0,-999.0,9.7,-22.80127,-47.17884
2025/09/12 18:19:00,AQUA_M-T,Brasil,SÃO PAULO,PIRACICABA,Cerrado,34,0.0,1.0,18.7,-22.80146,-47.80322
2025/09/12 18:19:00,AQUA_M-T,Brasil,SÃO PAULO,RIOLÂNDIA,Mata Atlântica,14,0.0,1.0,169.5,-20.03075,-49.76132
2025/09/12 18:19:00,AQUA_M-T,Brasil,SÃO PAULO,JAGUARIÚNA,Mata Atlântica,36,0.0,1.0,10.1,-22.675,-46.95992
2025/09/12 18:19:00,AQUA_M-T,Brasil,SÃO PAULO,SOCORRO,Mata Atlântica,14,0.0,0.97,38.3,-22.61998,-46.42414
2025/09/12 18:19:00,AQUA_M-T,Brasil,SÃO PAULO,NAZARÉ PAULISTA,Mata Atlântica,21,0.0,0.86,8.2,-23.19748,-46.39283
2025/09/12 18:19:00,AQUA_M-T,Brasil,SÃO PAULO,VÁRZEA PAULISTA,Mata Atlântica,38,0.0,-999.0,7.5,-23.22972,-46.84282
2025/09/12 18:19:00,AQUA_M-T,Brasil,SÃO PAULO,GARÇA,Mata Atlântica,23,0.0,1.0,12.0,-22.19167,-49.60924
2025/09/12 18:19:00,AQUA_M-T,Brasil,SÃO PAULO,ITARARÉ,Cerrado,3,0.0,0.92,39.3,-24.1264,-49.36129
2025/09/12 18:19:00,AQUA_M-T,Brasil,SÃO PAULO,MAGDA,Mata Atlântica,14,0.0,1.0,141.6,-20.6269,-50.21729
2025/09/12 18:19:00,AQUA_M-T,Brasil,SÃO PAULO,FERNANDÓPOLIS,Mata Atlântica,33,0.0,-999.0,7.9,-20.27067,-50.23502
2025/09/12 18:19:00,AQUA_M-T,Brasil,SÃO PAULO,GARÇA,Mata Atlântica,23,0.0,0.99,35.6,-22.18262,-49.61081
2025/09/12 18:19:00,AQUA_M-T,Brasil,SÃO PAULO,SERRANA,Cerrado,14,0.0,1.0,40.3,-21.19409,-47.54366
2025/09/12 18:19:00,AQUA_M-T,Brasil,SÃO PAULO,SÃO PAULO,Mata Atlântica,14,0.0,0.81,8.3,-23.39281,-46.76061
2025/09/12 18:19:00,AQUA_M-T,Brasil,SÃO PAULO,MAGDA,Mata Atlântica,14,0.0,1.0,391.4,-20.62826,-50.22742
2025/09/12 18:19:00,AQUA_M-T,Brasil,SÃO PAULO,PAULÍNIA,Mata Atlântica,35,0.0,-999.0,10.4,-22.79982,-47.16924
2025/09/12 18:19:00,AQUA_M-T,Brasil,SÃO PAULO,ALTO ALEGRE,Mata Atlântica,15,0.0,1.0,10.4,-21.65414,-50.12662
2025/09/12 18:19:00,AQUA_M-T,Brasil,SÃO PAULO,ALTINÓPOLIS,Cerrado,14,0.0,1.0,17.4,-21.06231,-47.28872
2025/09/12 18:19:00,AQUA_M-T,Brasil,SÃO PAULO,PIRACICABA,Mata Atlântica,32,0.0,-999.0,6.7,-22.73206,-47.58661
2025/09/12 18:19:00,AQUA_M-T,Brasil,SÃO PAULO,BURI,Mata Atlântica,3,0.0,0.99,31.0,-23.77438,-48.60525
2025/09/12 18:19:00,AQUA_M-T,Brasil,SÃO PAULO,APARECIDA,Mata Atlântica,13,0.0,1.0,7.6,-22.95926,-45.2517
2025/09/12 18:19:00,AQUA_M-T,Brasil,SÃO PAULO,PIRACAIA,Mata Atlântica,14,0.0,1.0,12.7,-23.04264,-46.34486
2025/09/12 18:19:00,AQUA_M-T,Brasil,SÃO PAULO,CAMPINAS,Mata Atlântica,16,0.0,1.0,10.0,-23.01784,-47.08818
2025/09/13 18:58:00,AQUA_M-T,Brasil,SÃO PAULO,ITUVERAVA,Cerrado,39,0.0,1.0,237.1,-20.25589,-47.8312
2025/09/13 18:58:00,AQUA_M-T,Brasil,SÃO PAULO,ITUVERAVA,Cerrado,39,0.0,1.0,203.2,-20.25164,-47.83691
2025/09/14 17:56:00,AQUA_M-T,Brasil,SÃO PAULO,SÃO JOSÉ DOS CAMPOS,Mata Atlântica,19,0.0,1.0,30.3,-23.24698,-45.85225
2025/09/14 17:56:00,AQUA_M-T,Brasil,SÃO PAULO,IPORANGA,Mata Atlântica,5,0.0,0.69,12.6,-24.54827,-48.71469
2025/09/14 17:56:00,AQUA_M-T,Brasil,SÃO PAULO,SÃO JOSÉ DOS CAMPOS,Mata Atlântica,19,0.0,0.99,7.3,-23.2569,-45.85084
2025/09/14 17:56:00,AQUA_M-T,Brasil,SÃO PAULO,CAJAMAR,Mata Atlântica,25,0.0,0.94,9.7,-23.30935,-46.86114
2025/09/14 17:56:00,AQUA_M-T,Brasil,SÃO PAULO,JAÚ,Cerrado,40,0.0,1.0,20.2,-22.26316,-48.48312
2025/09/14 17:56:00,AQUA_M-T,Brasil,SÃO PAULO,SÃO JOSÉ DOS CAMPOS,Mata Atlântica,18,0.0,0.99,31.6,-23.24621,-45.76551
2025/09/14 17:56:00,AQUA_M-T,Brasil,SÃO PAULO,CAJAMAR,Mata Atlântica,16,0.0,-999.0,15.0,-23.40803,-46.82666
2025/09/14 17:56:00,AQUA_M-T,Brasil,SÃO PAULO,LARANJAL PAULISTA,Mata Atlântica,32,0.0,1.0,13.1,-23.02156,-47.81765
2025/09/14 17:56:00,AQUA_M-T,Brasil,SÃO PAULO,BOITUVA,Mata Atlântica,40,0.0,1.0,23.9,-23.33135,-47.62595
2025/09/14 17:56:00,AQUA_M-T,Brasil,SÃO PAULO,BOFETE,Cerrado,34,0.0,1.0,50.6,-23.21877,-48.44514
2025/09/14 17:56:00,AQUA_M-T,Brasil,SÃO PAULO,TAUBATÉ,Mata Atlântica,15,0.0,1.0,9.6,-23.16386,-45.53065
2025/09/14 17:56:00,AQUA_M-T,Brasil,SÃO PAULO,BOITUVA,Mata Atlântica,40,0.0,1.0,19.0,-23.3201,-47.62727
2025/09/14 17:56:00,AQUA_M-T,Brasil,SÃO PAULO,SÃO JOSÉ DOS CAMPOS,Mata Atlântica,19,0.0,0.94,67.2,-23.24468,-45.75331
2025/09/14 17:56:00,AQUA_M-T,Brasil,SÃO PAULO,BOITUVA,Mata Atlântica,40,0.0,1.0,27.9,-23.32197,-47.64331
2025/09/14 17:56:00,AQUA_M-T,Brasil,SÃO PAULO,TAUBATÉ,Mata Atlântica,15,0.0,0.99,16.3,-23.17353,-45.52899
2025/09/14 17:56:00,AQUA_M-T,Brasil,SÃO PAULO,ITATINGA,Cerrado,30,0.0,0.99,15.7,-23.22081,-48.46346
2025/09/14 17:56:00,AQUA_M-T,Brasil,SÃO PAULO,AMPARO,Mata Atlântica,19,0.0,1.0,8.8,-22.621,-46.81661
2025/09/14 17:56:00,AQUA_M-T,Brasil,SÃO PAULO,AREIAS,Mata Atlântica,15,0.0,1.0,8.3,-22.78473,-44.74403
2025/09/14 17:56:00,AQUA_M-T,Brasil,SÃO PAULO,BOITUVA,Mata Atlântica,40,0.0,1.0,33.7,-23.33322,-47.64196
2025/09/14 17:56:00,AQUA_M-T,Brasil,SÃO PAULO,IPORANGA,Mata Atlântica,5,0.0,0.69,13.4,-24.55013,-48.70955
2025/09/14 17:56:00,AQUA_M-T,Brasil,SÃO PAULO,ESPÍRITO SANTO DO PINHAL,Cerrado,16,0.0,0.99,20.1,-22.19386,-46.8109
2025/09/14 17:56:00,AQUA_M-T,Brasil,SÃO PAULO,IBIÚNA,Mata Atlântica,7,0.0,0.96,15.0,-23.71128,-47.16508
2025/09/14 17:56:00,AQUA_M-T,Brasil,SÃO PAULO,SÃO JOSÉ DOS CAMPOS,Mata Atlântica,21,0.0,1.0,10.2,-23.2485,-45.86453
2025/09/14 17:58:00,AQUA_M-T,Brasil,SÃO PAULO,CAIUÁ,Mata Atlântica,5,0.0,1.0,149.7,-21.96511,-52.04292
2025/09/14 17:58:00,AQUA_M-T,Brasil,SÃO PAULO,CAIUÁ,Mata Atlântica,5,0.0,1.0,64.1,-21.98328,-52.07248
2025/09/14 17:58:00,AQUA_M-T,Brasil,SÃO PAULO,SÃO JOSÉ DO RIO PARDO,Mata Atlântica,11,0.0,1.0,15.7,-21.63463,-46.81815
2025/09/14 17:58:00,AQUA_M-T,Brasil,SÃO PAULO,ITÁPOLIS,Cerrado,16,0.0,1.0,32.5,-21.46619,-48.86432
2025/09/14 17:58:00,AQUA_M-T,Brasil,SÃO PAULO,SÃO JOSÉ DO RIO PARDO,Mata Atlântica,12,0.0,1.0,17.1,-21.59418,-46.80384
2025/09/14 17:58:00,AQUA_M-T,Brasil,SÃO PAULO,DOIS CÓRREGOS,Cerrado,33,0.0,1.0,182.9,-22.21652,-48.35557
2025/09/14 17:58:00,AQUA_M-T,Brasil,SÃO PAULO,JAÚ,Cerrado,40,0.0,1.0,15.4,-22.25598,-48.4912
2025/09/14 17:58:00,AQUA_M-T,Brasil,SÃO PAULO,ARARAQUARA,Cerrado,16,0.0,1.0,12.5,-21.76778,-48.12129
2025/09/14 17:58:00,AQUA_M-T,Brasil,SÃO PAULO,CAIUÁ,Mata Atlântica,5,0.0,1.0,170.3,-21.96896,-52.04686
2025/09/14 17:58:00,AQUA_M-T,Brasil,SÃO PAULO,CAIUÁ,Mata Atlântica,5,0.0,1.0,39.2,-21.98735,-52.07649
2025/09/14 17:58:00,AQUA_M-T,Brasil,SÃO PAULO,ITÁPOLIS,Cerrado,16,0.0,1.0,62.2,-21.47117,-48.85871
2025/09/14 17:58:00,AQUA_M-T,Brasil,SÃO PAULO,DOIS CÓRREGOS,Cerrado,33,0.0,1.0,158.9,-22.21843,-48.37216
2025/09/14 17:58:00,AQUA_M-T,Brasil,SÃO PAULO,DOIS CÓRREGOS,Cerrado,30,0.0,1.0,344.4,-22.20485,-48.35693
2025/09/14 17:58:00,AQUA_M-T,Brasil,SÃO PAULO,ITÁPOLIS,Cerrado,16,0.0,1.0,14.5,-21.4641,-48.84619
2025/09/14 17:58:00,AQUA_M-T,Brasil,SÃO PAULO,SANTA RITA DO PASSA QUATRO,Cerrado,16,0.0,1.0,45.1,-21.70308,-47.66653
2025/09/14 17:58:00,AQUA_M-T,Brasil,SÃO PAULO,PIRASSUNUNGA,Mata Atlântica,16,0.0,1.0,10.1,-22.05049,-47.41399
2025/09/14 17:58:00,AQUA_M-T,Brasil,SÃO PAULO,CAIUÁ,Mata Atlântica,5,0.0,1.0,334.3,-21.96789,-52.07453
2025/09/14 17:58:00,AQUA_M-T,Brasil,SÃO PAULO,JAÚ,Cerrado,39,0.0,1.0,21.5,-22.25392,-48.47343
2025/09/14 17:58:00,AQUA_M-T,Brasil,SÃO PAULO,DOIS CÓRREGOS,Cerrado,31,0.0,1.0,30.1,-22.20677,-48.37376
2025/09/14 17:58:00,AQUA_M-T,Brasil,SÃO PAULO,ARARAQUARA,Cerrado,16,0.0,1.0,15.6,-21.76756,-48.13271
2025/09/14 17:58:00,AQUA_M-T,Brasil,SÃO PAULO,SANTA RITA DO PASSA QUATRO,Cerrado,16,0.0,1.0,8.5,-21.70388,-47.687
2025/09/14 17:58:00,AQUA_M-T,Brasil,SÃO PAULO,DOIS CÓRREGOS,Cerrado,29,0.0,1.0,19.1,-22.203,-48.3407
2025/09/14 17:58:00,AQUA_M-T,Brasil,SÃO PAULO,SANTA RITA DO PASSA QUATRO,Cerrado,16,0.0,1.0,58.9,-21.70204,-47.67187
2025/09/14 17:58:00,AQUA_M-T,Brasil,SÃO PAULO,SANTA RITA DO PASSA QUATRO,Cerrado,16,0.0,1.0,40.5,-21.7048,-47.6815
2025/09/14 17:58:00,AQUA_M-T,Brasil,SÃO PAULO,CAIUÁ,Mata Atlântica,5,0.0,1.0,254.5,-21.97197,-52.07849
2025/09/14 17:58:00,AQUA_M-T,Brasil,SÃO PAULO,AGUAÍ,Cerrado,16,0.0,1.0,17.2,-22.01813,-46.95929
2025/09/15 18:36:00,AQUA_M-T,Brasil,SÃO PAULO,TIMBURI,Mata Atlântica,6,0.04,1.0,6.7,-23.14888,-49.64014
2025/09/15 18:36:00,AQUA_M-T,Brasil,SÃO PAULO,ILHA SOLTEIRA,Mata Atlântica,18,0.0,-999.0,8.6,-20.42319,-51.34965
2025/09/15 18:36:00,AQUA_M-T,Brasil,SÃO PAULO,PAULÍNIA,Cerrado,39,0.0,1.0,26.4,-22.74514,-47.14086
2025/09/15 18:36:00,AQUA_M-T,Brasil,SÃO PAULO,SANTANA DE PARNAÍBA,Mata Atlântica,38,0.0,0.93,9.1,-23.50407,-46.97908
2025/09/15 18:36:00,AQUA_M-T,Brasil,SÃO PAULO,BOFETE,Mata Atlântica,13,0.0,1.0,18.3,-23.25974,-48.27295
2025/09/15 18:36:00,AQUA_M-T,Brasil,SÃO PAULO,TEODORO SAMPAIO,Mata Atlântica,14,0.0,1.0,181.3,-22.45246,-52.25097
2025/09/15 18:36:00,AQUA_M-T,Brasil,SÃO PAULO,SÃO JOSÉ DO RIO PARDO,Mata Atlântica,14,0.0,1.0,11.0,-21.59422,-46.81166
2025/09/15 18:36:00,AQUA_M-T,Brasil,SÃO PAULO,GAVIÃO PEIXOTO,Cerrado,17,0.0,1.0,26.6,-21.74214,-48.4271
2025/09/15 18:36:00,AQUA_M-T,Brasil,SÃO PAULO,ARAÇARIGUAMA,Mata Atlântica,26,0.0,0.99,10.8,-23.39098,-47.12746
2025/09/15 18:36:00,AQUA_M-T,Brasil,SÃO PAULO,SÃO ROQUE,Mata Atlântica,36,0.0,0.95,15.3,-23.4883,-47.08438
2025/09/15 18:36:00,AQUA_M-T,Brasil,SÃO PAULO,RIBEIRÃO BRANCO,Mata Atlântica,6,0.0,0.81,6.9,-24.3623,-48.70326
2025/09/15 18:36:00,AQUA_M-T,Brasil,SÃO PAULO,VARGEM,Mata Atlântica,33,0.18,1.0,22.9,-22.88906,-46.46315
2025/09/15 18:36:00,AQUA_M-T,Brasil,SÃO PAULO,ALUMÍNIO,Mata Atlântica,31,0.0,0.98,10.2,-23.49873,-47.27174
2025/09/15 18:36:00,AQUA_M-T,Brasil,SÃO PAULO,BOM JESUS DOS PERDÕES,Mata Atlântica,17,0.0,0.96,17.8,-23.16972,-46.47181
2025/09/15 18:36:00,AQUA_M-T,Brasil,SÃO PAULO,TATUÍ,Mata Atlântica,10,0.1,-999.0,59.0,-23.34196,-47.86808
2025/09/15 18:36:00,AQUA_M-T,Brasil,SÃO PAULO,ALUMÍNIO,Mata Atlântica,30,0.0,1.0,22.1,-23.50138,-47.28675
2025/09/15 18:36:00,AQUA_M-T,Brasil,SÃO PAULO,BOFETE,Mata Atlântica,17,0.0,1.0,114.7,-23.26201,-48.28607
2025/09/15 18:36:00,AQUA_M-T,Brasil,SÃO PAULO,ROSANA,Mata Atlântica,5,0.0,0.99,7.3,-22.51171,-52.97231
2025/09/15 18:36:00,AQUA_M-T,Brasil,SÃO PAULO,SÃO ROQUE,Mata Atlântica,35,0.0,0.95,25.9,-23.4907,-47.09419
2025/09/15 18:36:00,AQUA_M-T,Brasil,SÃO PAULO,COSMÓPOLIS,Cerrado,36,0.0,1.0,17.4,-22.66912,-47.22729
2025/09/15 18:36:00,AQUA_M-T,Brasil,SÃO PAULO,TATUÍ,Mata Atlântica,13,0.1,-999.0,16.7,-23.33402,-47.86219
2025/09/15 18:36:00,AQUA_M-T,Brasil,SÃO PAULO,GARÇA,Mata Atlântica,26,0.0,1.0,9.4,-22.22482,-49.70874
2025/09/15 18:36:00,AQUA_M-T,Brasil,SÃO PAULO,RIBEIRÃO BRANCO,Mata Atlântica,6,0.0,0.8,20.3,-24.37005,-48.68946
2025/09/15 18:36:00,AQUA_M-T,Brasil,SÃO PAULO,PORTO FELIZ,Mata Atlântica,36,0.0,1.0,280.3,-23.21903,-47.45703
2025/09/15 18:36:00,AQUA_M-T,Brasil,SÃO PAULO,CABREÚVA,Mata Atlântica,17,0.0,1.0,63.4,-23.27351,-47.17527
2025/09/15 18:36:00,AQUA_M-T,Brasil,SÃO PAULO,TEODORO SAMPAIO,Mata Atlântica,13,0.0,1.0,30.8,-22.45106,-52.24147
2025/09/15 18:36:00,AQUA_M-T,Brasil,SÃO PAULO,BAURU,Cerrado,15,0.0,1.0,8.0,-22.37104,-49.10122
2025/09/15 18:36:00,AQUA_M-T,Brasil,SÃO PAULO,SÃO ROQUE,Mata Atlântica,35,0.0,0.95,12.8,-23.49106,-47.10005
2025/09/15 18:36:00,AQUA_M-T,Brasil,SÃO PAULO,PAULÍNIA,Cerrado,39,0.0,1.0,19.2,-22.74655,-47.14607
2025/09/15 18:36:00,AQUA_M-T,Brasil,SÃO PAULO,BOFETE,Cerrado,34,0.0,1.0,10.1,-23.21738,-48.44817
2025/09/15 18:36:00,AQUA_M-T,Brasil,SÃO PAULO,TAQUARIVAÍ,Mata Atlântica,6,0.0,0.81,12.8,-23.93474,-48.66973
2025/09/15 18:36:00,AQUA_M-T,Brasil,SÃO PAULO,GARÇA,Mata Atlântica,26,0.0,1.0,11.7,-22.22663,-49.71984
2025/09/15 18:36:00,AQUA_M-T,Brasil,SÃO PAULO,ITAPECERICA DA SERRA,Mata Atlântica,30,0.0,0.93,7.5,-23.68287,-46.87828
2025/09/15 18:36:00,AQUA_M-T,Brasil,SÃO PAULO,PORTO FELIZ,Mata Atlântica,36,0.0,1.0,21.0,-23.22166,-47.47176
2025/09/15 18:36:00,AQUA_M-T,Brasil,SÃO PAULO,TATUÍ,Mata Atlântica,9,0.1,1.0,17.2,-23.34443,-47.88193
2025/09/15 18:36:00,AQUA_M-T,Brasil,SÃO PAULO,COSMÓPOLIS,Cerrado,34,0.0,1.0,18.8,-22.66589,-47.21877
2025/09/15 18:36:00,AQUA_M-T,Brasil,SÃO PAULO,ROSANA,Mata Atlântica,5,0.0,1.0,9.0,-22.51307,-52.98192
2025/09/15 18:36:00,AQUA_M-T,Brasil,SÃO PAULO,ITU,Mata Atlântica,17,0.0,0.97,96.5,-23.27621,-47.19032
2025/09/15 18:36:00,AQUA_M-T,Brasil,SÃO PAULO,IPERÓ,Mata Atlântica,21,0.0,-999.0,12.0,-23.35665,-47.70543
2025/09/15 18:36:00,AQUA_M-T,Brasil,SÃO PAULO,BRAGANÇA PAULISTA,Mata Atlântica,27,0.11,1.0,24.8,-22.97901,-46.50883
2025/09/15 18:36:00,AQUA_M-T,Brasil,SÃO PAULO,GLICÉRIO,Mata Atlântica,21,0.43,1.0,7.0,-21.18014,-50.17298
2025/09/15 18:36:00,AQUA_M-T,Brasil,SÃO PAULO,TATUÍ,Mata Atlântica,12,0.1,1.0,51.9,-23.3364,-47.87598
2025/09/15 18:36:00,AQUA_M-T,Brasil,SÃO PAULO,PORTO FELIZ,Mata Atlântica,34,0.0,1.0,48.1,-23.20826,-47.45924
2025/09/15 18:36:00,AQUA_M-T,Brasil,SÃO PAULO,TEODORO SAMPAIO,Mata Atlântica,13,0.0,1.0,377.2,-22.45385,-52.26046
2025/09/15 18:36:00,AQUA_M-T,Brasil,SÃO PAULO,BOM JESUS DOS PERDÕES,Mata Atlântica,17,0.0,0.92,12.0,-23.17309,-46.49035
2025/09/17 18:15:00,AQUA_M-T,Brasil,SÃO PAULO,CERQUEIRA CÉSAR,Cerrado,42,0.0,1.0,7.6,-22.9447,-49.16126
2025/09/17 18:15:00,AQUA_M-T,Brasil,SÃO PAULO,ITAPEVA,Mata Atlântica,0,0.0,1.0,20.4,-23.75492,-48.75208
2025/09/17 18:15:00,AQUA_M-T,Brasil,SÃO PAULO,SANTA BÁRBARA D'OESTE,Mata Atlântica,36,0.0,1.0,6.5,-22.73376,-47.43229
2025/09/17 18:15:00,AQUA_M-T,Brasil,SÃO PAULO,OURINHOS,Mata Atlântica,20,0.0,-999.0,25.5,-22.97444,-49.87555
2025/09/17 18:15:00,AQUA_M-T,Brasil,SÃO PAULO,PIRACICABA,Mata Atlântica,35,0.0,-999.0,5.7,-22.67226,-47.71404
2025/09/17 18:15:00,AQUA_M-T,Brasil,SÃO PAULO,ITU,Mata Atlântica,36,0.0,-999.0,16.0,-23.25366,-47.32655
2025/09/17 18:15:00,AQUA_M-T,Brasil,SÃO PAULO,MAIRINQUE,Mata Atlântica,31,0.0,0.81,9.4,-23.47607,-47.27617
2025/09/17 18:15:00,AQUA_M-T,Brasil,SÃO PAULO,IBIÚNA,Mata Atlântica,1,0.0,0.95,13.7,-23.63994,-47.19632
2025/09/17 18:15:00,AQUA_M-T,Brasil,SÃO PAULO,LIMEIRA,Cerrado,42,0.0,1.0,8.2,-22.69233,-47.45888
2025/09/17 18:15:00,AQUA_M-T,Brasil,SÃO PAULO,PIRACICABA,Mata Atlântica,43,0.0,1.0,9.9,-22.71075,-47.52433
2025/09/17 18:15:00,AQUA_M-T,Brasil,SÃO PAULO,PIRACICABA,Mata Atlântica,43,0.0,1.0,237.7,-22.70938,-47.51474
2025/09/17 18:15:00,AQUA_M-T,Brasil,SÃO PAULO,IRACEMÁPOLIS,Mata Atlântica,43,0.0,1.0,98.4,-22.66867,-47.49877
2025/09/17 18:15:00,AQUA_M-T,Brasil,SÃO PAULO,IRACEMÁPOLIS,Mata Atlântica,43,0.0,1.0,43.5,-22.68025,-47.51637
2025/09/17 18:15:00,AQUA_M-T,Brasil,SÃO PAULO,IBIÚNA,Mata Atlântica,5,0.0,0.96,5.0,-23.63552,-47.35487
2025/09/17 18:15:00,AQUA_M-T,Brasil,SÃO PAULO,ECHAPORÃ,Mata Atlântica,28,0.0,1.0,26.9,-22.34001,-50.1668
2025/09/17 18:15:00,AQUA_M-T,Brasil,SÃO PAULO,ITU,Mata Atlântica,37,0.0,1.0,6.1,-23.24482,-47.32807
2025/09/17 18:15:00,AQUA_M-T,Brasil,SÃO PAULO,IRACEMÁPOLIS,Mata Atlântica,43,0.0,1.0,52.0,-22.67888,-47.50683
2025/09/17 18:15:00,AQUA_M-T,Brasil,SÃO PAULO,CORUMBATAÍ,Cerrado,19,0.0,1.0,9.2,-22.22055,-47.585
2025/09/17 18:15:00,AQUA_M-T,Brasil,SÃO PAULO,SÃO CARLOS,Cerrado,19,0.0,1.0,5.3,-21.77897,-47.78734
2025/09/17 18:15:00,AQUA_M-T,Brasil,SÃO PAULO,ARARAQUARA,Cerrado,19,0.0,1.0,10.7,-21.84987,-48.15758
2025/09/17 18:15:00,AQUA_M-T,Brasil,SÃO PAULO,PORANGABA,Mata Atlântica,42,0.0,0.9,3.9,-23.1498,-48.0915
2025/09/17 18:15:00,AQUA_M-T,Brasil,SÃO PAULO,IRACEMÁPOLIS,Mata Atlântica,43,0.0,1.0,73.3,-22.67004,-47.5083
2025/09/17 18:15:00,AQUA_M-T,Brasil,SÃO PAULO,ALUMÍNIO,Mata Atlântica,17,0.0,-999.0,5.7,-23.5219,-47.27237
2025/09/17 18:15:00,AQUA_M-T,Brasil,SÃO PAULO,ITAPETININGA,Mata Atlântica,0,0.0,0.98,10.8,-23.6808,-48.07508
2025/09/17 18:15:00,AQUA_M-T,Brasil,SÃO PAULO,IPORANGA,Mata Atlântica,0,0.0,0.4,12.6,-24.63949,-48.56074
2025/09/17 18:15:00,AQUA_M-T,Brasil,SÃO PAULO,ITU,Mata Atlântica,41,0.0,1.0,66.7,-23.23874,-47.34877
2025/09/17 18:15:00,AQUA_M-T,Brasil,SÃO PAULO,ARARAQUARA,Cerrado,19,0.0,1.0,21.3,-21.85877,-48.15613
2025/09/17 18:15:00,AQUA_M-T,Brasil,SÃO PAULO,ITAPIRA,Mata Atlântica,19,0.0,1.0,5.9,-22.34591,-46.73862
2025/09/17 18:15:00,AQUA_M-T,Brasil,SÃO PAULO,REDENÇÃO DA SERRA,Mata Atlântica,0,0.0,0.71,15.8,-23.25589,-45.49473
2025/09/17 18:15:00,AQUA_M-T,Brasil,SÃO PAULO,NATIVIDADE DA SERRA,Mata Atlântica,0,0.0,0.93,22.1,-23.35595,-45.48005
2025/09/17 18:15:00,AQUA_M-T,Brasil,SÃO PAULO,RIO CLARO,Mata Atlântica,19,0.0,1.0,6.5,-22.38947,-47.60287
2025/09/17 18:15:00,AQUA_M-T,Brasil,SÃO PAULO,AGUDOS,Cerrado,23,0.0,1.0,17.9,-22.48644,-48.96441
2025/09/17 18:15:00,AQUA_M-T,Brasil,SÃO PAULO,PIRACICABA,Mata Atlântica,32,0.0,1.0,39.8,-22.77752,-47.61114
2025/09/17 18:15:00,AQUA_M-T,Brasil,SÃO PAULO,BOITUVA,Mata Atlântica,42,0.0,1.0,17.7,-23.24821,-47.62004
2025/09/17 18:15:00,AQUA_M-T,Brasil,SÃO PAULO,PIRACICABA,Mata Atlântica,43,0.0,1.0,130.9,-22.71685,-47.50368
2025/09/17 18:15:00,AQUA_M-T,Brasil,SÃO PAULO,ITAOCA,Mata Atlântica,0,0.0,0.86,6.3,-24.59284,-48.82559
2025/09/17 18:15:00,AQUA_M-T,Brasil,SÃO PAULO,ALUMÍNIO,Mata Atlântica,15,0.0,0.77,91.5,-23.52052,-47.26277
2025/09/17 18:15:00,AQUA_M-T,Brasil,SÃO PAULO,PORTO FELIZ,Mata Atlântica,33,0.0,0.96,5.3,-23.15127,-47.58279
2025/09/17 18:15:00,AQUA_M-T,Brasil,SÃO PAULO,PAULÍNIA,Mata Atlântica,36,0.0,-999.0,7.2,-22.79345,-47.21122
2025/09/17 18:15:00,AQUA_M-T,Brasil,SÃO PAULO,AGUDOS,Cerrado,25,0.0,0.98,21.9,-22.48283,-49.00724
2025/09/17 18:15:00,AQUA_M-T,Brasil,SÃO PAULO,NOVA ODESSA,Mata Atlântica,35,0.0,-999.0,6.0,-22.79483,-47.22074
2025/09/17 18:15:00,AQUA_M-T,Brasil,SÃO PAULO,PIRACICABA,Mata Atlântica,43,0.0,0.99,67.1,-22.72843,-47.52131
2025/09/17 18:15:00,AQUA_M-T,Brasil,SÃO PAULO,NATIVIDADE DA SERRA,Mata Atlântica,0,0.0,0.98,15.8,-23.34695,-45.48168
2025/09/17 18:15:00,AQUA_M-T,Brasil,SÃO PAULO,REDENÇÃO DA SERRA,Mata Atlântica,0,0.0,0.47,13.6,-23.29031,-45.47809
2025/09/17 18:15:00,AQUA_M-T,Brasil,SÃO PAULO,AGUDOS,Cerrado,24,0.0,-999.0,7.6,-22.48144,-48.99688
2025/09/17 18:15:00,AQUA_M-T,Brasil,SÃO PAULO,IRACEMÁPOLIS,Mata Atlântica,43,0.0,1.0,10.4,-22.67141,-47.51785
2025/09/17 18:15:00,AQUA_M-T,Brasil,SÃO PAULO,NATIVIDADE DA SERRA,Mata Atlântica,0,0.0,1.0,82.4,-23.3454,-45.47174
2025/09/17 18:15:00,AQUA_M-T,Brasil,SÃO PAULO,SUMARÉ,Mata Atlântica,20,0.0,1.0,7.0,-22.87509,-47.25896
2025/09/17 18:15:00,AQUA_M-T,Brasil,SÃO PAULO,MAIRINQUE,Mata Atlântica,32,0.0,0.81,25.2,-23.47469,-47.26654
2025/09/17 18:15:00,AQUA_M-T,Brasil,SÃO PAULO,MAIRINQUE,Mata Atlântica,35,0.0,1.0,7.0,-23.42225,-47.21655
2025/09/17 18:15:00,AQUA_M-T,Brasil,SÃO PAULO,ITAPIRA,Mata Atlântica,19,0.0,0.9,163.6,-22.34732,-46.74813
2025/09/17 18:15:00,AQUA_M-T,Brasil,SÃO PAULO,PIRACICABA,Mata Atlântica,43,0.0,1.0,47.9,-22.72569,-47.50218
2025/09/17 18:15:00,AQUA_M-T,Brasil,SÃO PAULO,ITAPEVA,Mata Atlântica,0,0.0,1.0,10.7,-23.75632,-48.76255
2025/09/17 18:15:00,AQUA_M-T,Brasil,SÃO PAULO,SANTA BÁRBARA D'OESTE,Mata Atlântica,42,0.0,1.0,12.3,-22.74534,-47.4499
2025/09/17 18:15:00,AQUA_M-T,Brasil,SÃO PAULO,SÃO CARLOS,Cerrado,19,0.0,1.0,10.9,-21.78918,-47.79537
2025/09/17 18:15:00,AQUA_M-T,Brasil,SÃO PAULO,PORTO FELIZ,Mata Atlântica,42,0.0,1.0,13.0,-23.24684,-47.61037
2025/09/17 18:15:00,AQUA_M-T,Brasil,SÃO PAULO,IRACEMÁPOLIS,Mata Atlântica,43,0.0,1.0,47.3,-22.6612,-47.50978
2025/09/17 18:15:00,AQUA_M-T,Brasil,SÃO PAULO,ITU,Mata Atlântica,39,0.0,1.0,174.1,-23.23736,-47.33919
2025/09/17 18:15:00,AQUA_M-T,Brasil,SÃO PAULO,ITAPIRA,Mata Atlântica,19,0.0,0.88,36.1,-22.34873,-46.75761
2025/09/17 18:15:00,AQUA_M-T,Brasil,SÃO PAULO,ITU,Mata Atlântica,38,0.0,0.99,5.1,-23.22853,-47.3407
2025/09/17 18:15:00,AQUA_M-T,Brasil,SÃO PAULO,REDENÇÃO DA SERRA,Mata Atlântica,0,0.0,0.44,25.6,-23.2813,-45.47969
2025/09/17 18:15:00,AQUA_M-T,Brasil,SÃO PAULO,PIRACICABA,Mata Atlântica,43,0.0,1.0,232.9,-22.70801,-47.50518
2025/09/17 18:15:00,AQUA_M-T,Brasil,SÃO PAULO,PIRACICABA,Mata Atlântica,43,0.0,1.0,301.0,-22.70054,-47.51625
2025/09/17 18:15:00,AQUA_M-T,Brasil,SÃO PAULO,NATIVIDADE DA SERRA,Mata Atlântica,0,0.0,1.0,196.1,-23.3544,-45.47011
2025/09/17 18:15:00,AQUA_M-T,Brasil,SÃO PAULO,PIRACICABA,Mata Atlântica,43,0.0,1.0,207.0,-22.69917,-47.50668
2025/09/17 18:15:00,AQUA_M-T,Brasil,SÃO PAULO,TIMBURI,Mata Atlântica,0,0.0,0.93,12.2,-23.15646,-49.63742
2025/09/17 18:15:00,AQUA_M-T,Brasil,SÃO PAULO,PIRACICABA,Mata Atlântica,43,0.0,1.0,115.4,-22.71822,-47.51324
2025/09/17 18:15:00,AQUA_M-T,Brasil,SÃO PAULO,REDENÇÃO DA SERRA,Mata Atlântica,0,0.0,0.48,146.6,-23.25743,-45.50466
2025/09/17 18:15:00,AQUA_M-T,Brasil,SÃO PAULO,CERQUEIRA CÉSAR,Cerrado,42,0.0,1.0,9.4,-22.94612,-49.172
2025/09/17 18:15:00,AQUA_M-T,Brasil,SÃO PAULO,TIMBURI,Mata Atlântica,0,0.0,0.94,15.9,-23.20939,-49.63397
2025/09/17 18:15:00,AQUA_M-T,Brasil,SÃO PAULO,PIRACICABA,Mata Atlântica,31,0.0,1.0,40.3,-22.7789,-47.62076
2025/09/17 18:15:00,AQUA_M-T,Brasil,SÃO PAULO,PIRACICABA,Mata Atlântica,31,0.0,1.0,108.7,-22.77004,-47.62225
2025/09/17 18:15:00,AQUA_M-T,Brasil,SÃO PAULO,BARRA DO CHAPÉU,Mata Atlântica,0,0.0,0.39,22.3,-24.43719,-49.03922
2025/09/17 18:15:00,AQUA_M-T,Brasil,SÃO PAULO,SANTA BRANCA,Mata Atlântica,0,0.0,0.77,10.2,-23.40045,-45.94724
2025/09/17 18:15:00,AQUA_M-T,Brasil,SÃO PAULO,SANTANA DE PARNAÍBA,Mata Atlântica,26,0.0,0.77,26.9,-23.40569,-46.91544
2025/09/17 18:15:00,AQUA_M-T,Brasil,SÃO PAULO,IRACEMÁPOLIS,Mata Atlântica,43,0.0,1.0,83.9,-22.65983,-47.50025
2025/09/17 18:15:00,AQUA_M-T,Brasil,SÃO PAULO,MAIRINQUE,Mata Atlântica,30,0.0,1.0,21.1,-23.48575,-47.2097
2025/09/17 18:15:00,AQUA_M-T,Brasil,SÃO PAULO,ARAÇARIGUAMA,Mata Atlântica,32,0.0,0.91,5.7,-23.40981,-47.13037
2025/09/17 18:15:00,AQUA_M-T,Brasil,SÃO PAULO,PIRACICABA,Mata Atlântica,43,0.0,1.0,90.0,-22.72706,-47.51172
2025/09/17 18:15:00,AQUA_M-T,Brasil,SÃO PAULO,PIRACICABA,Mata Atlântica,32,0.0,-999.0,26.8,-22.76867,-47.61263
2025/09/17 18:15:00,AQUA_M-T,Brasil,SÃO PAULO,SÃO CARLOS,Cerrado,19,0.0,1.0,19.9,-21.78781,-47.78583
2025/09/17 18:15:00,AQUA_M-T,Brasil,SÃO PAULO,PIRACICABA,Mata Atlântica,43,0.0,1.0,100.2,-22.71959,-47.52283
2025/09/17 18:15:00,AQUA_M-T,Brasil,SÃO PAULO,MAIRINQUE,Mata Atlântica,36,0.0,0.98,6.5,-23.42362,-47.22613
2025/09/17 18:15:00,AQUA_M-T,Brasil,SÃO PAULO,JACAREÍ,Mata Atlântica,1,0.0,0.81,13.9,-23.25356,-46.07606
2025/09/17 18:15:00,AQUA_M-T,Brasil,SÃO PAULO,REDENÇÃO DA SERRA,Mata Atlântica,0,0.0,0.44,8.3,-23.29184,-45.488
2025/09/17 18:17:00,AQUA_M-T,Brasil,SÃO PAULO,ELISIÁRIO,Mata Atlântica,19,0.0,1.0,31.3,-21.12841,-49.12356
2025/09/17 18:17:00,AQUA_M-T,Brasil,SÃO PAULO,ARAMINA,Cerrado,41,1.44,1.0,10.0,-20.07904,-47.82329
2025/09/17 18:17:00,AQUA_M-T,Brasil,SÃO PAULO,MURUTINGA DO SUL,Mata Atlântica,38,0.0,1.0,11.1,-20.97552,-51.30888
2025/09/17 18:17:00,AQUA_M-T,Brasil,SÃO PAULO,RIBEIRÃO PRETO,Cerrado,19,0.0,1.0,5.3,-21.13672,-47.86855
2025/09/17 18:17:00,AQUA_M-T,Brasil,SÃO PAULO,JOSÉ BONIFÁCIO,Mata Atlântica,18,0.0,1.0,33.3,-21.06609,-49.7004
2025/09/17 18:17:00,AQUA_M-T,Brasil,SÃO PAULO,ELISIÁRIO,Mata Atlântica,19,0.0,1.0,34.5,-21.12702,-49.1134
2025/09/17 18:17:00,AQUA_M-T,Brasil,SÃO PAULO,TABAPUÃ,Mata Atlântica,19,0.0,1.0,14.6,-20.96552,-49.00753
2025/09/17 18:17:00,AQUA_M-T,Brasil,SÃO PAULO,TAQUARITINGA,Mata Atlântica,42,0.0,1.0,7.2,-21.44173,-48.59214
2025/09/17 18:17:00,AQUA_M-T,Brasil,SÃO PAULO,ELISIÁRIO,Mata Atlântica,19,0.0,1.0,54.1,-21.1179,-49.11486
2025/09/17 18:17:00,AQUA_M-T,Brasil,SÃO PAULO,TABAPUÃ,Mata Atlântica,19,0.0,1.0,50.4,-20.96412,-48.99751
2025/09/17 18:17:00,AQUA_M-T,Brasil,SÃO PAULO,JOSÉ BONIFÁCIO,Mata Atlântica,18,0.0,-999.0,8.6,-21.06469,-49.68974
2025/09/17 18:17:00,AQUA_M-T,Brasil,SÃO PAULO,ELISIÁRIO,Mata Atlântica,19,0.0,1.0,38.6,-21.11927,-49.12497
2025/09/17 18:17:00,AQUA_M-T,Brasil,SÃO PAULO,OLÍMPIA,Mata Atlântica,19,0.0,1.0,17.7,-20.80681,-48.99847
2025/09/17 18:17:00,AQUA_M-T,Brasil,SÃO PAULO,SÃO JOSÉ DO RIO PRETO,Mata Atlântica,19,0.0,1.0,7.0,-20.8625,-49.33942
2025/09/17 18:17:00,AQUA_M-T,Brasil,SÃO PAULO,ILHA SOLTEIRA,Mata Atlântica,20,0.0,1.0,19.9,-20.41089,-51.36025
2025/09/18 18:53:00,AQUA_M-T,Brasil,SÃO PAULO,CAIUÁ,Mata Atlântica,0,0.0,1.0,18.0,-21.68021,-51.95888
2025/09/19 17:54:00,AQUA_M-T,Brasil,SÃO PAULO,IPERÓ,Mata Atlântica,17,0.29,0.92,51.2,-23.43431,-47.62486
2025/09/19 17:54:00,AQUA_M-T,Brasil,SÃO PAULO,IPERÓ,Mata Atlântica,21,0.2,1.0,23.5,-23.42042,-47.60923
2025/09/19 17:54:00,AQUA_M-T,Brasil,SÃO PAULO,COSMÓPOLIS,Cerrado,26,0.0,1.0,65.0,-22.675,-47.14931
2025/09/19 17:54:00,AQUA_M-T,Brasil,SÃO PAULO,VALINHOS,Mata Atlântica,7,0.0,0.92,66.4,-22.93839,-46.96263
2025/09/19 17:54:00,AQUA_M-T,Brasil,SÃO PAULO,AVARÉ,Cerrado,34,0.0,1.0,34.3,-23.01637,-48.96499
2025/09/19 17:54:00,AQUA_M-T,Brasil,SÃO PAULO,FARTURA,Mata Atlântica,3,0.0,1.0,52.6,-23.49369,-49.49768
2025/09/19 17:54:00,AQUA_M-T,Brasil,SÃO PAULO,VOTORANTIM,Mata Atlântica,32,0.0,0.91,14.3,-23.57482,-47.35264
2025/09/19 17:54:00,AQUA_M-T,Brasil,SÃO PAULO,CAMPINAS,Mata Atlântica,40,0.1,-999.0,36.0,-22.96167,-47.1627
2025/09/19 17:54:00,AQUA_M-T,Brasil,SÃO PAULO,PORANGABA,Mata Atlântica,43,0.25,0.99,33.8,-23.1603,-48.08947
2025/09/19 17:54:00,AQUA_M-T,Brasil,SÃO PAULO,PORANGABA,Mata Atlântica,43,0.22,0.99,25.1,-23.15849,-48.0946
2025/09/19 17:54:00,AQUA_M-T,Brasil,SÃO PAULO,IPERÓ,Mata Atlântica,17,0.26,0.99,50.1,-23.43241,-47.60745
2025/09/19 17:54:00,AQUA_M-T,Brasil,SÃO PAULO,VALINHOS,Mata Atlântica,5,0.0,1.0,42.7,-22.93642,-46.9458
2025/09/19 17:54:00,AQUA_M-T,Brasil,SÃO PAULO,AGUAÍ,Mata Atlântica,15,0.29,1.0,69.5,-22.01728,-47.19548
2025/09/19 17:54:00,AQUA_M-T,Brasil,SÃO PAULO,FARTURA,Mata Atlântica,3,0.0,0.97,50.0,-23.48844,-49.50269
2025/09/19 17:54:00,AQUA_M-T,Brasil,SÃO PAULO,MAIRINQUE,Mata Atlântica,30,0.3,0.9,14.2,-23.48549,-47.26584
2025/09/20 18:32:00,AQUA_M-T,Brasil,SÃO PAULO,BARRA DO CHAPÉU,Mata Atlântica,4,0.0,0.75,74.6,-24.44152,-49.03708
2025/09/20 18:32:00,AQUA_M-T,Brasil,SÃO PAULO,SÃO MIGUEL ARCANJO,Mata Atlântica,4,0.0,0.92,70.1,-23.82689,-48.0619
2025/09/20 18:32:00,AQUA_M-T,Brasil,SÃO PAULO,PARAIBUNA,Mata Atlântica,1,0.0,0.84,39.9,-23.42355,-45.71904
2025/09/20 18:32:00,AQUA_M-T,Brasil,SÃO PAULO,BARRA DO CHAPÉU,Mata Atlântica,4,0.0,0.77,8.1,-24.40216,-49.01913
2025/09/20 18:32:00,AQUA_M-T,Brasil,SÃO PAULO,SÃO MIGUEL ARCANJO,Mata Atlântica,4,0.0,0.92,36.9,-23.83655,-48.05994
2025/09/20 18:32:00,AQUA_M-T,Brasil,SÃO PAULO,BARRA DO CHAPÉU,Mata Atlântica,4,0.0,0.77,5.3,-24.40384,-49.02972
2025/09/20 18:32:00,AQUA_M-T,Brasil,SÃO PAULO,IBIÚNA,Mata Atlântica,4,0.0,0.99,28.0,-23.67109,-47.15543
2025/09/20 18:32:00,AQUA_M-T,Brasil,SÃO PAULO,ITAPECERICA DA SERRA,Mata Atlântica,4,0.0,0.94,24.6,-23.76614,-46.91928
2025/09/20 18:32:00,AQUA_M-T,Brasil,SÃO PAULO,BARRA DO CHAPÉU,Mata Atlântica,4,0.0,0.77,13.3,-24.48814,-48.97408
2025/09/20 18:32:00,AQUA_M-T,Brasil,SÃO PAULO,ELDORADO,Mata Atlântica,4,0.0,0.95,6.9,-24.5491,-48.14462
2025/09/20 18:32:00,AQUA_M-T,Brasil,SÃO PAULO,SÃO MIGUEL ARCANJO,Mata Atlântica,4,0.0,0.91,10.2,-23.82492,-48.05027
2025/09/20 18:32:00,AQUA_M-T,Brasil,SÃO PAULO,SÃO MIGUEL ARCANJO,Mata Atlântica,4,0.0,0.92,6.5,-23.83459,-48.04823
2025/09/20 18:32:00,AQUA_M-T,Brasil,SÃO PAULO,GUAPIARA,Mata Atlântica,4,0.0,0.8,23.4,-24.2495,-48.57928
2025/09/20 18:32:00,AQUA_M-T,Brasil,SÃO PAULO,CAJATI,Mata Atlântica,4,0.0,0.68,13.9,-24.86177,-48.21095
2025/09/20 18:32:00,AQUA_M-T,Brasil,SÃO PAULO,BARRA DO CHAPÉU,Mata Atlântica,4,0.0,0.75,23.9,-24.44317,-49.04738
2025/09/20 18:34:00,AQUA_M-T,Brasil,SÃO PAULO,SOROCABA,Mata Atlântica,43,0.03,1.0,44.8,-23.40605,-47.46249
2025/09/20 18:34:00,AQUA_M-T,Brasil,SÃO PAULO,ATIBAIA,Mata Atlântica,6,0.0,0.97,12.0,-23.1622,-46.64534
2025/09/20 18:34:00,AQUA_M-T,Brasil,SÃO PAULO,ANHEMBI,Cerrado,44,0.0,1.0,37.3,-22.80386,-48.16886
2025/09/20 18:34:00,AQUA_M-T,Brasil,SÃO PAULO,SÃO ROQUE,Mata Atlântica,10,0.0,0.97,14.2,-23.61976,-47.14446
2025/09/20 18:34:00,AQUA_M-T,Brasil,SÃO PAULO,BOTUCATU,Cerrado,31,0.05,1.0,229.9,-22.6457,-48.25476
2025/09/20 18:34:00,AQUA_M-T,Brasil,SÃO PAULO,SOROCABA,Mata Atlântica,36,0.0,1.0,18.0,-23.48211,-47.36062
2025/09/20 18:34:00,AQUA_M-T,Brasil,SÃO PAULO,GÁLIA,Mata Atlântica,31,0.0,1.0,18.4,-22.45233,-49.67346
2025/09/20 18:34:00,AQUA_M-T,Brasil,SÃO PAULO,ITU,Mata Atlântica,26,0.0,0.99,123.3,-23.37172,-47.1516
2025/09/20 18:34:00,AQUA_M-T,Brasil,SÃO PAULO,PINDAMONHANGABA,Mata Atlântica,4,1.85,1.0,106.0,-23.01274,-45.44046
2025/09/20 18:34:00,AQUA_M-T,Brasil,SÃO PAULO,RANCHARIA,Mata Atlântica,17,0.0,1.0,114.4,-22.61887,-50.87534
2025/09/20 18:34:00,AQUA_M-T,Brasil,SÃO PAULO,RANCHARIA,Cerrado,32,0.0,1.0,109.3,-22.39408,-51.09926
2025/09/20 18:34:00,AQUA_M-T,Brasil,SÃO PAULO,MARTINÓPOLIS,Cerrado,43,0.0,1.0,13.2,-22.35704,-51.15451
2025/09/20 18:34:00,AQUA_M-T,Brasil,SÃO PAULO,SÃO ROQUE,Mata Atlântica,11,0.0,0.98,9.2,-23.61749,-47.13124
2025/09/20 18:34:00,AQUA_M-T,Brasil,SÃO PAULO,MAIRINQUE,Mata Atlântica,31,0.0,0.97,18.9,-23.487,-47.26539
2025/09/20 18:34:00,AQUA_M-T,Brasil,SÃO PAULO,NEVES PAULISTA,Mata Atlântica,20,0.0,1.0,19.4,-20.88525,-49.64154
2025/09/20 18:34:00,AQUA_M-T,Brasil,SÃO PAULO,LIMEIRA,Cerrado,23,3.47,1.0,26.6,-22.56616,-47.29574
2025/09/20 18:34:00,AQUA_M-T,Brasil,SÃO PAULO,LIMEIRA,Cerrado,22,3.69,1.0,28.6,-22.56846,-47.30932
2025/09/20 18:34:00,AQUA_M-T,Brasil,SÃO PAULO,PIRAPORA DO BOM JESUS,Mata Atlântica,40,0.0,1.0,14.6,-23.42529,-47.02903
2025/09/20 18:34:00,AQUA_M-T,Brasil,SÃO PAULO,ITU,Mata Atlântica,26,0.0,1.0,99.3,-23.3693,-47.13796
2025/09/20 18:34:00,AQUA_M-T,Brasil,SÃO PAULO,RANCHARIA,Cerrado,34,0.0,1.0,11.6,-22.40008,-51.07872
2025/09/20 18:34:00,AQUA_M-T,Brasil,SÃO PAULO,NOVA ODESSA,Mata Atlântica,26,1.43,-999.0,121.2,-22.79869,-47.2854
2025/09/20 18:34:00,AQUA_M-T,Brasil,SÃO PAULO,LIMEIRA,Cerrado,22,3.6,1.0,101.4,-22.56312,-47.30469
2025/09/20 18:34:00,AQUA_M-T,Brasil,SÃO PAULO,PORANGABA,Mata Atlântica,44,0.9,0.88,8.3,-23.16179,-48.07875
2025/09/20 18:34:00,AQUA_M-T,Brasil,SÃO PAULO,SANTANA DE PARNAÍBA,Mata Atlântica,31,0.0,0.96,8.6,-23.41677,-46.91708
2025/09/20 18:34:00,AQUA_M-T,Brasil,SÃO PAULO,ITAPEVA,Mata Atlântica,4,0.0,0.94,12.8,-23.68456,-48.81649
2025/09/20 18:34:00,AQUA_M-T,Brasil,SÃO PAULO,NEVES PAULISTA,Mata Atlântica,17,0.0,1.0,98.6,-20.88358,-49.63101
2025/09/20 18:34:00,AQUA_M-T,Brasil,SÃO PAULO,ALUMÍNIO,Mata Atlântica,18,0.0,-999.0,44.5,-23.52605,-47.26559
2025/09/20 18:34:00,AQUA_M-T,Brasil,SÃO PAULO,SÃO ROQUE,Mata Atlântica,27,0.0,1.0,7.3,-23.52827,-47.15578
2025/09/20 18:34:00,AQUA_M-T,Brasil,SÃO PAULO,RANCHARIA,Cerrado,34,0.0,1.0,123.7,-22.39267,-51.08976
2025/09/20 18:34:00,AQUA_M-T,Brasil,SÃO PAULO,MAIRINQUE,Mata Atlântica,34,0.0,0.97,29.1,-23.47679,-47.26748
2025/09/20 18:34:00,AQUA_M-T,Brasil,SÃO PAULO,ALUMÍNIO,Mata Atlântica,34,0.0,0.99,27.4,-23.479,-47.28045
2025/09/20 18:34:00,AQUA_M-T,Brasil,SÃO PAULO,RANCHARIA,Cerrado,33,0.0,1.0,83.0,-22.40149,-51.08822
2025/09/20 18:34:00,AQUA_M-T,Brasil,SÃO PAULO,VERA CRUZ,Mata Atlântica,31,0.0,1.0,28.9,-22.15674,-49.85073
2025/09/20 18:34:00,AQUA_M-T,Brasil,SÃO PAULO,ANHEMBI,Cerrado,45,0.0,1.0,48.0,-22.8019,-48.15691
2025/09/20 18:34:00,AQUA_M-T,Brasil,SÃO PAULO,MARÍLIA,Mata Atlântica,31,0.0,1.0,11.0,-22.13436,-49.94454
2025/09/20 18:34:00,AQUA_M-T,Brasil,SÃO PAULO,QUATÁ,Mata Atlântica,40,0.0,1.0,18.5,-22.27401,-50.67569
2025/09/20 18:34:00,AQUA_M-T,Brasil,SÃO PAULO,AGUDOS,Cerrado,28,0.0,1.0,10.0,-22.49178,-49.00393
2025/09/20 18:34:00,AQUA_M-T,Brasil,SÃO PAULO,MAIRINQUE,Mata Atlântica,32,0.0,0.98,37.4,-23.48517,-47.27346
2025/09/20 18:34:00,AQUA_M-T,Brasil,SÃO PAULO,BOTUCATU,Cerrado,31,0.1,1.0,79.2,-22.64767,-48.26646
2025/09/20 18:34:00,AQUA_M-T,Brasil,SÃO PAULO,ITU,Mata Atlântica,36,0.0,1.0,12.1,-23.41102,-47.25416
2025/09/20 18:34:00,AQUA_M-T,Brasil,SÃO PAULO,SÃO JOSÉ DOS CAMPOS,Mata Atlântica,4,0.0,1.0,15.1,-23.08428,-46.07695
2025/09/20 18:34:00,AQUA_M-T,Brasil,SÃO PAULO,ANHEMBI,Cerrado,45,0.0,1.0,92.1,-22.8052,-48.16169
2025/09/20 18:34:00,AQUA_M-T,Brasil,SÃO PAULO,RANCHARIA,Mata Atlântica,17,0.0,1.0,56.4,-22.61744,-50.8658
2025/09/20 18:34:00,AQUA_M-T,Brasil,SÃO PAULO,PIRACICABA,Mata Atlântica,37,0.09,1.0,36.7,-22.61641,-47.71763
2025/09/20 18:34:00,AQUA_M-T,Brasil,SÃO PAULO,MAIRINQUE,Mata Atlântica,32,0.0,0.97,13.8,-23.4829,-47.26053
2025/09/20 18:34:00,AQUA_M-T,Brasil,SÃO PAULO,ANHEMBI,Cerrado,44,0.0,1.0,9.0,-22.80723,-48.17365
2025/09/20 18:34:00,AQUA_M-T,Brasil,SÃO PAULO,RANCHARIA,Cerrado,36,0.0,1.0,37.6,-22.40749,-51.06765
2025/09/20 18:34:00,AQUA_M-T,Brasil,SÃO PAULO,RANCHARIA,Cerrado,31,0.0,1.0,25.8,-22.4029,-51.09772
2025/09/20 18:34:00,AQUA_M-T,Brasil,SÃO PAULO,BOITUVA,Mata Atlântica,39,0.58,1.0,10.3,-23.36619,-47.65394
2025/09/20 18:34:00,AQUA_M-T,Brasil,SÃO PAULO,JACI,Mata Atlântica,15,0.0,1.0,8.8,-20.88192,-49.62054
2025/09/20 18:34:00,AQUA_M-T,Brasil,SÃO PAULO,NOVA ODESSA,Mata Atlântica,23,1.32,-999.0,15.8,-22.80103,-47.29893
2025/09/20 18:34:00,AQUA_M-T,Brasil,SÃO PAULO,AGUDOS,Cerrado,28,0.0,1.0,41.6,-22.48242,-49.00579
2025/09/20 18:34:00,AQUA_M-T,Brasil,SÃO PAULO,VERA CRUZ,Mata Atlântica,31,0.0,1.0,39.0,-22.16583,-49.84911
2025/09/21 17:34:00,AQUA_M-T,Brasil,SÃO PAULO,ITATIBA,Mata Atlântica,14,3.39,0.85,52.0,-23.0988,-46.80223
2025/09/21 17:34:00,AQUA_M-T,Brasil,SÃO PAULO,SÃO CARLOS,Cerrado,18,0.52,1.0,132.6,-21.62744,-47.84117
2025/09/21 17:34:00,AQUA_M-T,Brasil,SÃO PAULO,JARINU,Mata Atlântica,7,4.99,0.87,144.2,-23.19772,-46.70667
2025/09/21 17:34:00,AQUA_M-T,Brasil,SÃO PAULO,CAMPINAS,Mata Atlântica,37,2.96,-999.0,101.5,-22.95372,-47.20116
2025/09/21 17:34:00,AQUA_M-T,Brasil,SÃO PAULO,ARARAS,Cerrado,7,0.6,1.0,282.7,-22.31653,-47.29852
2025/09/21 17:34:00,AQUA_M-T,Brasil,SÃO PAULO,PIRACICABA,Mata Atlântica,36,1.01,1.0,143.1,-22.71136,-47.49497
2025/09/21 17:34:00,AQUA_M-T,Brasil,SÃO PAULO,RINCÃO,Cerrado,20,0.6,1.0,121.1,-21.63132,-47.88943
2025/09/21 17:34:00,AQUA_M-T,Brasil,SÃO PAULO,MOGI MIRIM,Cerrado,0,0.39,1.0,118.6,-22.46671,-46.90092
2025/09/21 17:34:00,AQUA_M-T,Brasil,SÃO PAULO,RINCÃO,Cerrado,20,0.6,1.0,141.2,-21.63094,-47.88573
2025/09/21 17:34:00,AQUA_M-T,Brasil,SÃO PAULO,MONTE MOR,Mata Atlântica,32,2.34,1.0,104.4,-22.94327,-47.237
2025/09/21 17:34:00,AQUA_M-T,Brasil,SÃO PAULO,JARINU,Mata Atlântica,8,5.17,0.91,128.2,-23.20301,-46.7024
2025/09/21 17:34:00,AQUA_M-T,Brasil,SÃO PAULO,SÃO CARLOS,Cerrado,18,0.53,1.0,149.0,-21.62754,-47.84492
2025/09/21 17:34:00,AQUA_M-T,Brasil,SÃO PAULO,ARARAS,Cerrado,7,0.6,1.0,274.5,-22.31906,-47.29399
2025/09/21 17:34:00,AQUA_M-T,Brasil,SÃO PAULO,PIRACICABA,Mata Atlântica,37,0.96,1.0,133.7,-22.71044,-47.49886
2025/09/21 17:34:00,AQUA_M-T,Brasil,SÃO PAULO,LAVRINHAS,Mata Atlântica,3,0.67,1.0,32.7,-22.60587,-44.90383
2025/09/21 17:34:00,AQUA_M-T,Brasil,SÃO PAULO,LAVRINHAS,Mata Atlântica,3,1.03,0.8,24.5,-22.60317,-44.87609
2025/09/23 18:51:00,AQUA_M-T,Brasil,SÃO PAULO,ESTRELA D'OESTE,Mata Atlântica,25,0.0,1.0,39.9,-20.24823,-50.45222
2025/09/24 17:52:00,AQUA_M-T,Brasil,SÃO PAULO,GÁLIA,Mata Atlântica,2,0.0,0.76,37.6,-22.27006,-49.56757
2025/09/24 17:52:00,AQUA_M-T,Brasil,SÃO PAULO,IARAS,Cerrado,2,0.0,1.0,18.8,-22.89145,-49.10914
2025/09/24 17:52:00,AQUA_M-T,Brasil,SÃO PAULO,IARAS,Cerrado,2,0.0,1.0,20.2,-22.89403,-49.13671
2025/09/24 17:52:00,AQUA_M-T,Brasil,SÃO PAULO,TUPÃ,Mata Atlântica,2,0.0,1.0,85.3,-21.85526,-50.56748
2025/09/24 17:52:00,AQUA_M-T,Brasil,SÃO PAULO,GÁLIA,Mata Atlântica,2,0.0,0.92,113.2,-22.27291,-49.592
2025/09/24 17:52:00,AQUA_M-T,Brasil,SÃO PAULO,TUPÃ,Mata Atlântica,2,0.0,1.0,38.6,-21.85849,-50.6013
2025/09/24 17:52:00,AQUA_M-T,Brasil,SÃO PAULO,TUPÃ,Mata Atlântica,2,0.0,1.0,105.3,-21.84912,-50.56372
2025/09/24 17:52:00,AQUA_M-T,Brasil,SÃO PAULO,TUPÃ,Mata Atlântica,2,0.0,1.0,81.1,-21.85213,-50.59761
2025/09/24 17:52:00,AQUA_M-T,Brasil,SÃO PAULO,IARAS,Cerrado,1,0.0,1.0,29.8,-22.88811,-49.11666
2025/09/24 17:52:00,AQUA_M-T,Brasil,SÃO PAULO,ANALÂNDIA,Cerrado,2,0.0,0.97,12.8,-22.19413,-47.70671
2025/09/24 17:52:00,AQUA_M-T,Brasil,SÃO PAULO,FERNÃO,Mata Atlântica,2,0.0,0.96,27.7,-22.33834,-49.49753
2025/09/24 17:52:00,AQUA_M-T,Brasil,SÃO PAULO,GÁLIA,Mata Atlântica,2,0.0,0.86,83.9,-22.2729,-49.59659
2025/09/25 18:30:00,AQUA_M-T,Brasil,SÃO PAULO,IACRI,Mata Atlântica,3,0.0,1.0,14.6,-21.84723,-50.60524
2025/09/25 18:30:00,AQUA_M-T,Brasil,SÃO PAULO,SANTO ANTÔNIO DO ARACANGUÁ,Mata Atlântica,3,0.0,1.0,42.3,-20.99678,-50.46755
2025/09/25 18:30:00,AQUA_M-T,Brasil,SÃO PAULO,MATÃO,Cerrado,3,0.0,1.0,73.1,-21.66131,-48.42855
2025/09/25 18:30:00,AQUA_M-T,Brasil,SÃO PAULO,MATÃO,Cerrado,3,0.0,1.0,125.6,-21.67061,-48.42673
2025/09/25 18:30:00,AQUA_M-T,Brasil,SÃO PAULO,TUPÃ,Mata Atlântica,3,0.0,1.0,28.1,-21.84445,-50.58636
2025/09/25 18:30:00,AQUA_M-T,Brasil,SÃO PAULO,PLANALTO,Mata Atlântica,3,0.0,0.85,159.8,-21.0007,-50.00964
2025/09/25 18:30:00,AQUA_M-T,Brasil,SÃO PAULO,ZACARIAS,Mata Atlântica,3,0.0,0.87,45.9,-21.01367,-50.03103
2025/09/25 18:30:00,AQUA_M-T,Brasil,SÃO PAULO,TUPÃ,Mata Atlântica,3,0.0,0.98,8.6,-21.84306,-50.57692
2025/09/25 18:30:00,AQUA_M-T,Brasil,SÃO PAULO,LIMEIRA,Cerrado,3,0.0,0.97,6.7,-22.48894,-47.2624
2025/09/25 18:30:00,AQUA_M-T,Brasil,SÃO PAULO,PIRAJUÍ,Mata Atlântica,3,0.0,1.0,16.2,-21.93558,-49.41207
2025/09/25 18:30:00,AQUA_M-T,Brasil,SÃO PAULO,PLANALTO,Mata Atlântica,3,0.0,1.0,33.9,-20.99325,-50.0207
2025/09/25 18:30:00,AQUA_M-T,Brasil,SÃO PAULO,LIMEIRA,Cerrado,3,0.0,0.97,99.2,-22.47718,-47.25259
2025/09/25 18:30:00,AQUA_M-T,Brasil,SÃO PAULO,PLANALTO,Mata Atlântica,3,0.0,1.0,43.6,-20.99926,-50.00009
2025/09/25 18:30:00,AQUA_M-T,Brasil,SÃO PAULO,LIMEIRA,Cerrado,3,0.0,0.97,21.7,-22.48699,-47.25067
2025/09/25 18:30:00,AQUA_M-T,Brasil,SÃO PAULO,MARÍLIA,Mata Atlântica,3,0.0,1.0,11.2,-22.14662,-50.01343
2025/09/25 18:30:00,AQUA_M-T,Brasil,SÃO PAULO,SANTO ANTÔNIO DO ARACANGUÁ,Mata Atlântica,3,0.0,0.97,7.5,-21.00701,-50.47545
2025/09/25 18:30:00,AQUA_M-T,Brasil,SÃO PAULO,PLANALTO,Mata Atlântica,3,0.0,0.98,27.3,-21.0093,-50.0024
2025/09/25 18:30:00,AQUA_M-T,Brasil,SÃO PAULO,IACRI,Mata Atlântica,3,0.0,1.0,47.4,-21.83842,-50.60675
2025/09/25 18:30:00,AQUA_M-T,Brasil,SÃO PAULO,ECHAPORÃ,Cerrado,3,0.0,1.0,29.8,-22.5021,-50.10236
2025/09/25 18:30:00,AQUA_M-T,Brasil,SÃO PAULO,IACRI,Mata Atlântica,3,0.0,1.0,22.4,-21.84862,-50.61469
2025/09/25 18:30:00,AQUA_M-T,Brasil,SÃO PAULO,PIRAJUÍ,Mata Atlântica,3,0.0,0.93,20.5,-22.0207,-49.54732
2025/09/25 18:30:00,AQUA_M-T,Brasil,SÃO PAULO,IACRI,Mata Atlântica,3,0.0,1.0,14.9,-21.83981,-50.61619
2025/09/25 18:30:00,AQUA_M-T,Brasil,SÃO PAULO,LIMEIRA,Cerrado,3,0.0,0.97,27.9,-22.47915,-47.26437
2025/09/25 18:30:00,AQUA_M-T,Brasil,SÃO PAULO,ZACARIAS,Mata Atlântica,3,0.0,0.96,22.1,-21.02254,-50.02949
2025/09/25 18:30:00,AQUA_M-T,Brasil,SÃO PAULO,PLANALTO,Mata Atlântica,3,0.0,1.0,6.7,-21.01964,-50.0104
2025/09/25 18:30:00,AQUA_M-T,Brasil,SÃO PAULO,PLANALTO,Mata Atlântica,3,0.0,0.99,13.0,-20.98293,-50.01269
2025/09/25 18:30:00,AQUA_M-T,Brasil,SÃO PAULO,PLANALTO,Mata Atlântica,3,0.0,0.91,54.9,-20.99181,-50.01118
2025/09/25 18:30:00,AQUA_M-T,Brasil,SÃO PAULO,TUPÃ,Mata Atlântica,3,0.0,1.0,49.7,-21.85187,-50.57541
2025/09/25 18:30:00,AQUA_M-T,Brasil,SÃO PAULO,SANTO ANTÔNIO DO ARACANGUÁ,Mata Atlântica,3,0.0,1.0,9.6,-21.00561,-50.46603
2025/09/25 18:30:00,AQUA_M-T,Brasil,SÃO PAULO,PLANALTO,Mata Atlântica,3,0.0,0.94,28.0,-21.01221,-50.02147
2025/09/25 18:30:00,AQUA_M-T,Brasil,SÃO PAULO,PLANALTO,Mata Atlântica,3,0.0,0.87,16.4,-21.00357,-50.02868
2025/09/25 18:30:00,AQUA_M-T,Brasil,SÃO PAULO,SANTO ANTÔNIO DO ARACANGUÁ,Mata Atlântica,3,0.0,1.0,50.6,-20.99819,-50.47697
2025/09/25 18:30:00,AQUA_M-T,Brasil,SÃO PAULO,PLANALTO,Mata Atlântica,3,0.0,0.99,41.7,-20.98437,-50.02224
2025/09/25 18:30:00,AQUA_M-T,Brasil,SÃO PAULO,CAMPOS NOVOS PAULISTA,Cerrado,3,0.0,1.0,5.4,-22.50068,-50.09283
2025/09/25 18:30:00,AQUA_M-T,Brasil,SÃO PAULO,PLANALTO,Mata Atlântica,3,0.0,0.89,24.4,-21.00213,-50.01914
2025/09/25 18:30:00,AQUA_M-T,Brasil,SÃO PAULO,ZACARIAS,Mata Atlântica,3,0.0,1.0,10.1,-21.02109,-50.01995
2025/09/25 18:30:00,AQUA_M-T,Brasil,SÃO PAULO,TUPÃ,Mata Atlântica,3,0.0,1.0,70.0,-21.85326,-50.58485
2025/09/25 18:30:00,AQUA_M-T,Brasil,SÃO PAULO,TUPÃ,Mata Atlântica,3,0.0,1.0,26.5,-21.84584,-50.5958
2025/09/25 18:30:00,AQUA_M-T,Brasil,SÃO PAULO,PLANALTO,Mata Atlântica,3,0.0,0.94,112.3,-21.01076,-50.01192
2025/09/27 18:09:00,AQUA_M-T,Brasil,SÃO PAULO,TARUMÃ,Mata Atlântica,5,0.0,1.0,65.9,-22.75093,-50.64107
2025/09/27 18:09:00,AQUA_M-T,Brasil,SÃO PAULO,TAUBATÉ,Mata Atlântica,4,0.0,0.52,14.0,-23.15329,-45.38736
2025/09/27 18:09:00,AQUA_M-T,Brasil,SÃO PAULO,AVARÉ,Cerrado,5,0.0,0.9,22.1,-23.06604,-49.03381
2025/09/27 18:09:00,AQUA_M-T,Brasil,SÃO PAULO,GLICÉRIO,Mata Atlântica,5,0.0,1.0,13.2,-21.37508,-50.20471
2025/09/27 18:09:00,AQUA_M-T,Brasil,SÃO PAULO,SANTA CRUZ DO RIO PARDO,Cerrado,5,0.0,0.96,42.7,-22.75854,-49.4341
2025/09/27 18:09:00,AQUA_M-T,Brasil,SÃO PAULO,MARÍLIA,Mata Atlântica,5,0.0,1.0,70.7,-22.15556,-50.02621
2025/09/27 18:09:00,AQUA_M-T,Brasil,SÃO PAULO,CAMPINAS,Mata Atlântica,5,0.0,-999.0,8.3,-22.94062,-47.02664
2025/09/27 18:09:00,AQUA_M-T,Brasil,SÃO PAULO,CAMPINAS,Mata Atlântica,5,0.0,-999.0,6.1,-22.93922,-47.01631
2025/09/27 18:09:00,AQUA_M-T,Brasil,SÃO PAULO,CHAVANTES,Mata Atlântica,5,0.0,1.0,14.3,-23.05324,-49.69314
2025/09/27 18:09:00,AQUA_M-T,Brasil,SÃO PAULO,IBIRÁ,Mata Atlântica,5,0.0,1.0,15.5,-21.11489,-49.22466
2025/09/27 18:09:00,AQUA_M-T,Brasil,SÃO PAULO,CAMPINA DO MONTE ALEGRE,Cerrado,5,0.0,1.0,11.2,-23.54325,-48.52219
2025/09/27 18:09:00,AQUA_M-T,Brasil,SÃO PAULO,CAMPINAS,Mata Atlântica,5,0.0,1.0,12.5,-22.76571,-47.0246
2025/09/27 18:09:00,AQUA_M-T,Brasil,SÃO PAULO,IRACEMÁPOLIS,Mata Atlântica,4,0.0,1.0,6.6,-22.52904,-47.53233
2025/09/27 18:09:00,AQUA_M-T,Brasil,SÃO PAULO,SALTO DE PIRAPORA,Mata Atlântica,5,0.0,0.83,14.5,-23.66987,-47.52827
2025/09/27 18:09:00,AQUA_M-T,Brasil,SÃO PAULO,SANTO ANTÔNIO DO ARACANGUÁ,Mata Atlântica,5,0.0,1.0,28.2,-20.7808,-50.49449
2025/09/27 18:09:00,AQUA_M-T,Brasil,SÃO PAULO,SANTA CRUZ DO RIO PARDO,Cerrado,5,0.0,1.0,12.1,-22.77079,-49.4467
2025/09/27 18:09:00,AQUA_M-T,Brasil,SÃO PAULO,MARÍLIA,Mata Atlântica,5,0.0,1.0,51.9,-22.1531,-50.03327
2025/09/27 18:09:00,AQUA_M-T,Brasil,SÃO PAULO,MARÍLIA,Mata Atlântica,5,0.0,1.0,30.9,-22.15129,-50.01838
2025/09/27 18:09:00,AQUA_M-T,Brasil,SÃO PAULO,CHAVANTES,Mata Atlântica,5,0.0,1.0,14.5,-23.05153,-49.67846
2025/09/27 18:09:00,AQUA_M-T,Brasil,SÃO PAULO,SANTA ISABEL,Mata Atlântica,5,0.0,1.0,6.2,-23.28437,-46.24858
2025/09/27 18:09:00,AQUA_M-T,Brasil,SÃO PAULO,ARARAS,Mata Atlântica,5,0.0,-999.0,7.0,-22.35641,-47.33277
2025/09/27 18:09:00,AQUA_M-T,Brasil,SÃO PAULO,LAGOINHA,Mata Atlântica,5,0.0,0.83,8.0,-23.17863,-45.17101
2025/09/27 18:09:00,AQUA_M-T,Brasil,SÃO PAULO,TAUBATÉ,Mata Atlântica,5,0.0,0.8,32.0,-23.15191,-45.3778
2025/09/27 18:09:00,AQUA_M-T,Brasil,SÃO PAULO,IBIRÁ,Mata Atlântica,5,0.0,1.0,19.1,-21.11327,-49.21189
2025/09/27 18:09:00,AQUA_M-T,Brasil,SÃO PAULO,MAIRIPORÃ,Mata Atlântica,5,0.0,0.67,7.5,-23.28288,-46.6328
2025/09/27 18:09:00,AQUA_M-T,Brasil,SÃO PAULO,MAIRIPORÃ,Mata Atlântica,5,0.0,0.84,19.1,-23.28429,-46.64299
2025/09/27 18:09:00,AQUA_M-T,Brasil,SÃO PAULO,SANTA CRUZ DAS PALMEIRAS,Mata Atlântica,4,0.0,1.0,14.3,-21.82302,-47.20314
2025/09/27 18:09:00,AQUA_M-T,Brasil,SÃO PAULO,SALTO DE PIRAPORA,Mata Atlântica,5,0.0,0.78,8.8,-23.66839,-47.51711
2025/09/27 18:09:00,AQUA_M-T,Brasil,SÃO PAULO,AVARÉ,Cerrado,5,0.0,0.98,11.3,-23.06442,-49.0204
2025/09/27 18:09:00,AQUA_M-T,Brasil,SÃO PAULO,AGUDOS,Cerrado,5,0.0,0.94,18.5,-22.60895,-49.03626
2025/09/27 18:09:00,AQUA_M-T,Brasil,SÃO PAULO,SANTA CRUZ DO RIO PARDO,Cerrado,5,0.0,1.0,170.5,-22.7691,-49.43272
2025/09/27 18:09:00,AQUA_M-T,Brasil,SÃO PAULO,AGUDOS,Cerrado,5,0.0,1.0,17.4,-22.66459,-49.14854
2025/09/27 18:09:00,AQUA_M-T,Brasil,SÃO PAULO,AGUDOS,Cerrado,5,0.0,0.98,13.9,-22.53743,-49.11975
2025/09/27 18:09:00,AQUA_M-T,Brasil,SÃO PAULO,AGUDOS,Cerrado,5,0.0,0.92,38.8,-22.61918,-49.03474
2025/09/29 17:47:00,AQUA_M-T,Brasil,SÃO PAULO,CAJATI,Mata Atlântica,0,0.0,0.3,32.0,-24.72025,-48.22172
2025/09/29 17:49:00,AQUA_M-T,Brasil,SÃO PAULO,ALAMBARI,Mata Atlântica,7,0.0,1.0,42.2,-23.52432,-47.88628
2025/09/29 17:49:00,AQUA_M-T,Brasil,SÃO PAULO,PIRACAIA,Mata Atlântica,7,0.09,1.0,11.5,-23.07328,-46.43126
2025/09/29 17:49:00,AQUA_M-T,Brasil,SÃO PAULO,ESTIVA GERBI,Cerrado,7,0.15,1.0,35.8,-22.20488,-46.94517
2025/09/29 17:49:00,AQUA_M-T,Brasil,SÃO PAULO,CAJATI,Mata Atlântica,0,0.0,0.3,34.7,-24.72038,-48.22609
2025/09/29 17:49:00,AQUA_M-T,Brasil,SÃO PAULO,NAZARÉ PAULISTA,Mata Atlântica,6,0.0,0.81,27.7,-23.22592,-46.40512
2025/09/29 17:49:00,AQUA_M-T,Brasil,SÃO PAULO,PIEDADE,Mata Atlântica,0,0.0,1.0,40.0,-23.79014,-47.48423
2025/09/29 17:49:00,AQUA_M-T,Brasil,SÃO PAULO,ESTIVA GERBI,Cerrado,7,0.2,1.0,35.7,-22.20719,-46.96673
2025/09/29 17:49:00,AQUA_M-T,Brasil,SÃO PAULO,AGUDOS,Cerrado,7,0.1,0.99,43.6,-22.62881,-49.04594
2025/09/29 17:49:00,AQUA_M-T,Brasil,SÃO PAULO,ALAMBARI,Mata Atlântica,7,0.0,0.98,48.2,-23.52874,-47.87867
2025/09/29 17:49:00,AQUA_M-T,Brasil,SÃO PAULO,PIRAJU,Mata Atlântica,6,0.0,1.0,37.5,-23.24065,-49.34161
2025/09/29 17:49:00,AQUA_M-T,Brasil,SÃO PAULO,MACATUBA,Mata Atlântica,7,0.2,1.0,37.8,-22.53094,-48.65677
2025/09/29 17:49:00,AQUA_M-T,Brasil,SÃO PAULO,NAZARÉ PAULISTA,Mata Atlântica,6,0.0,0.62,16.0,-23.22376,-46.38487
2025/09/30 18:26:00,AQUA_M-T,Brasil,SÃO PAULO,ARARAQUARA,Cerrado,8,0.0,1.0,214.1,-21.65061,-48.19959
2025/09/30 18:26:00,AQUA_M-T,Brasil,SÃO PAULO,ITIRAPINA,Cerrado,8,0.0,1.0,16.2,-22.29887,-47.73921
2025/09/30 18:26:00,AQUA_M-T,Brasil,SÃO PAULO,ARARAQUARA,Cerrado,2,0.0,0.98,25.5,-21.91981,-48.20316
2025/09/30 18:26:00,AQUA_M-T,Brasil,SÃO PAULO,AGUDOS,Cerrado,8,0.0,1.0,141.3,-22.64984,-49.05256
2025/09/30 18:26:00,AQUA_M-T,Brasil,SÃO PAULO,AGUDOS,Cerrado,8,0.0,0.99,13.8,-22.63816,-49.03501
2025/09/30 18:26:00,AQUA_M-T,Brasil,SÃO PAULO,IEPÊ,Mata Atlântica,2,0.1,1.0,24.4,-22.58682,-51.12219
2025/09/30 18:26:00,AQUA_M-T,Brasil,SÃO PAULO,GÁLIA,Mata Atlântica,8,0.0,1.0,17.8,-22.33442,-49.59966
2025/09/30 18:26:00,AQUA_M-T,Brasil,SÃO PAULO,MOGI DAS CRUZES,Mata Atlântica,5,0.0,0.69,28.5,-23.47896,-46.22382
2025/09/30 18:26:00,AQUA_M-T,Brasil,SÃO PAULO,GÁLIA,Mata Atlântica,8,0.0,1.0,13.6,-22.37934,-49.6599
2025/09/30 18:26:00,AQUA_M-T,Brasil,SÃO PAULO,MIRASSOL,Mata Atlântica,8,0.0,1.0,220.2,-20.86956,-49.43695
2025/09/30 18:26:00,AQUA_M-T,Brasil,SÃO PAULO,BOREBI,Cerrado,8,0.0,1.0,71.3,-22.64556,-49.02389
2025/09/30 18:26:00,AQUA_M-T,Brasil,SÃO PAULO,ANDRADINA,Mata Atlântica,6,0.3,1.0,88.0,-20.83025,-51.27631
2025/09/30 18:26:00,AQUA_M-T,Brasil,SÃO PAULO,TORRINHA,Cerrado,8,0.0,-999.0,32.9,-22.42316,-48.17348
2025/09/30 18:26:00,AQUA_M-T,Brasil,SÃO PAULO,SÃO CARLOS,Cerrado,8,0.0,1.0,28.0,-21.63602,-47.86878
2025/09/30 18:26:00,AQUA_M-T,Brasil,SÃO PAULO,RIBEIRÃO BONITO,Cerrado,5,0.0,1.0,18.9,-22.00728,-48.28935
2025/09/30 18:26:00,AQUA_M-T,Brasil,SÃO PAULO,CUNHA,Mata Atlântica,0,0.0,0.18,18.8,-23.22634,-45.10527
2025/09/30 18:26:00,AQUA_M-T,Brasil,SÃO PAULO,MARÍLIA,Mata Atlântica,8,0.0,1.0,30.9,-22.40654,-50.03459
2025/09/30 18:26:00,AQUA_M-T,Brasil,SÃO PAULO,BAURU,Cerrado,8,0.0,1.0,7.2,-22.33562,-48.98976
2025/09/30 18:26:00,AQUA_M-T,Brasil,SÃO PAULO,REDENÇÃO DA SERRA,Mata Atlântica,8,0.0,0.49,58.3,-23.27427,-45.50686
2025/09/30 18:26:00,AQUA_M-T,Brasil,SÃO PAULO,AGUAÍ,Cerrado,8,0.0,1.0,16.9,-22.08057,-46.90423
2025/09/30 18:26:00,AQUA_M-T,Brasil,SÃO PAULO,MARÍLIA,Mata Atlântica,8,0.0,1.0,30.9,-22.40654,-50.0346
2025/09/30 18:26:00,AQUA_M-T,Brasil,SÃO PAULO,RUBIÁCEA,Mata Atlântica,8,0.0,1.0,37.1,-21.31645,-50.73558
2025/09/30 18:26:00,AQUA_M-T,Brasil,SÃO PAULO,RUBIÁCEA,Mata Atlântica,8,0.0,1.0,99.1,-21.3062,-50.72746
2025/09/30 18:26:00,AQUA_M-T,Brasil,SÃO PAULO,ARARAQUARA,Cerrado,2,0.0,1.0,35.5,-21.91826,-48.19327
2025/09/30 18:26:00,AQUA_M-T,Brasil,SÃO PAULO,MARÍLIA,Mata Atlântica,8,0.0,1.0,27.0,-22.40517,-50.02507
2025/09/30 18:26:00,AQUA_M-T,Brasil,SÃO PAULO,CAÇAPAVA,Mata Atlântica,5,0.0,1.0,27.9,-23.18109,-45.74178
2025/09/30 18:26:00,AQUA_M-T,Brasil,SÃO PAULO,RUBIÁCEA,Mata Atlântica,8,0.0,1.0,69.1,-21.29731,-50.72889
2025/09/30 18:26:00,AQUA_M-T,Brasil,SÃO PAULO,MOGI DAS CRUZES,Mata Atlântica,2,0.0,0.88,7.3,-23.60952,-46.21595
2025/09/30 18:26:00,AQUA_M-T,Brasil,SÃO PAULO,MOGI DAS CRUZES,Mata Atlântica,2,0.0,0.88,7.3,-23.60953,-46.21596
2025/09/30 18:26:00,AQUA_M-T,Brasil,SÃO PAULO,ESPÍRITO SANTO DO PINHAL,Mata Atlântica,8,0.0,0.83,53.8,-22.28543,-46.72437
2025/09/30 18:26:00,AQUA_M-T,Brasil,SÃO PAULO,BAURU,Cerrado,8,0.0,1.0,589.3,-22.34446,-48.98818
2025/09/30 18:26:00,AQUA_M-T,Brasil,SÃO PAULO,IEPÊ,Mata Atlântica,2,0.1,1.0,24.4,-22.58682,-51.1222
2025/09/30 18:26:00,AQUA_M-T,Brasil,SÃO PAULO,RIO CLARO,Cerrado,8,0.0,1.0,54.8,-22.30803,-47.73756
2025/09/30 18:26:00,AQUA_M-T,Brasil,SÃO PAULO,ITAPUÍ,Mata Atlântica,7,0.0,1.0,19.3,-22.25383,-48.69422
2025/09/30 18:26:00,AQUA_M-T,Brasil,SÃO PAULO,AMPARO,Mata Atlântica,8,0.0,1.0,14.9,-22.60363,-46.79633
2025/09/30 18:26:00,AQUA_M-T,Brasil,SÃO PAULO,BAURU,Cerrado,8,0.0,1.0,25.5,-22.34589,-48.99776
2025/09/30 18:26:00,AQUA_M-T,Brasil,SÃO PAULO,ESPÍRITO SANTO DO PINHAL,Mata Atlântica,8,0.0,0.83,34.6,-22.28364,-46.71353
2025/09/30 18:26:00,AQUA_M-T,Brasil,SÃO PAULO,AMPARO,Mata Atlântica,8,0.0,1.0,14.9,-22.60362,-46.79632
2025/09/30 18:26:00,AQUA_M-T,Brasil,SÃO PAULO,IPIGUÁ,Cerrado,6,0.0,1.0,12.5,-20.70537,-49.38476
2025/09/30 18:26:00,AQUA_M-T,Brasil,SÃO PAULO,ITIRAPINA,Cerrado,8,0.0,1.0,16.2,-22.29888,-47.73921
2025/09/30 18:26:00,AQUA_M-T,Brasil,SÃO PAULO,ARARAQUARA,Cerrado,8,0.0,1.0,453.1,-21.65964,-48.19786
2025/09/30 18:26:00,AQUA_M-T,Brasil,SÃO PAULO,RIO CLARO,Cerrado,8,0.0,1.0,54.8,-22.30802,-47.73756
2025/09/30 18:26:00,AQUA_M-T,Brasil,SÃO PAULO,RUBIÁCEA,Mata Atlântica,8,0.0,1.0,23.2,-21.28842,-50.73034
2025/09/30 18:26:00,AQUA_M-T,Brasil,SÃO PAULO,SÃO CARLOS,Cerrado,8,0.0,1.0,210.8,-21.63441,-47.85853
2025/09/30 18:26:00,AQUA_M-T,Brasil,SÃO PAULO,CAÇAPAVA,Mata Atlântica,6,0.0,1.0,7.9,-23.17109,-45.74389
2025/09/30 18:26:00,AQUA_M-T,Brasil,SÃO PAULO,MARÍLIA,Mata Atlântica,8,0.0,1.0,12.0,-22.39771,-50.03609
2025/09/30 18:26:00,AQUA_M-T,Brasil,SÃO PAULO,MARÍLIA,Mata Atlântica,8,0.0,1.0,12.0,-22.39771,-50.03608
2025/09/30 18:26:00,AQUA_M-T,Brasil,SÃO PAULO,BOREBI,Cerrado,8,0.0,1.0,199.7,-22.65866,-49.05099
2025/09/30 18:26:00,AQUA_M-T,Brasil,SÃO PAULO,ESPÍRITO SANTO DO PINHAL,Mata Atlântica,8,0.0,0.83,34.6,-22.28365,-46.71353
2025/09/30 18:26:00,AQUA_M-T,Brasil,SÃO PAULO,ARARAQUARA,Cerrado,8,0.0,1.0,107.4,-21.64904,-48.18958
2025/09/30 18:26:00,AQUA_M-T,Brasil,SÃO PAULO,RIBEIRÃO BONITO,Cerrado,5,0.0,1.0,18.9,-22.00727,-48.28935
2025/09/30 18:26:00,AQUA_M-T,Brasil,SÃO PAULO,ITU,Mata Atlântica,8,0.0,1.0,11.2,-23.22927,-47.41705
2025/09/30 18:26:00,AQUA_M-T,Brasil,SÃO PAULO,DOIS CÓRREGOS,Cerrado,8,0.0,1.0,26.8,-22.45195,-48.30024
2025/09/30 18:26:00,AQUA_M-T,Brasil,SÃO PAULO,CUNHA,Mata Atlântica,0,0.0,0.98,91.4,-23.20528,-45.10837
2025/09/30 18:26:00,AQUA_M-T,Brasil,SÃO PAULO,ARARAQUARA,Cerrado,2,0.0,0.98,25.5,-21.91981,-48.20315
2025/09/30 18:26:00,AQUA_M-T,Brasil,SÃO PAULO,DOURADO,Cerrado,8,0.0,0.97,77.4,-22.07793,-48.33174
2025/09/30 18:26:00,AQUA_M-T,Brasil,SÃO PAULO,CAÇAPAVA,Mata Atlântica,5,0.0,1.0,26.1,-23.17893,-45.72928
2025/09/30 18:26:00,AQUA_M-T,Brasil,SÃO PAULO,ARARAQUARA,Cerrado,8,0.0,1.0,158.0,-21.65807,-48.18786
2025/09/30 18:26:00,AQUA_M-T,Brasil,SÃO PAULO,BOTUCATU,Mata Atlântica,2,0.0,1.0,11.6,-22.99665,-48.35614
2025/09/30 18:26:00,AQUA_M-T,Brasil,SÃO PAULO,CUNHA,Mata Atlântica,0,0.0,0.4,193.6,-23.21584,-45.10694
2025/09/30 18:26:00,AQUA_M-T,Brasil,SÃO PAULO,MOGI DAS CRUZES,Mata Atlântica,2,0.0,0.48,9.1,-23.50803,-46.08987
2025/09/30 18:26:00,AQUA_M-T,Brasil,SÃO PAULO,RUBIÁCEA,Mata Atlântica,8,0.0,1.0,397.7,-21.29866,-50.73848
2025/09/30 18:26:00,AQUA_M-T,Brasil,SÃO PAULO,DOIS CÓRREGOS,Cerrado,8,0.0,1.0,41.9,-22.45346,-48.31001
2025/09/30 18:26:00,AQUA_M-T,Brasil,SÃO PAULO,SÃO JOSÉ DO RIO PRETO,Cerrado,6,0.0,1.0,25.7,-20.7068,-49.39421
2025/09/30 18:26:00,AQUA_M-T,Brasil,SÃO PAULO,BOREBI,Cerrado,8,0.0,1.0,87.3,-22.65724,-49.04144
2025/09/30 18:26:00,AQUA_M-T,Brasil,SÃO PAULO,GÁLIA,Mata Atlântica,8,0.0,1.0,47.2,-22.33304,-49.59019
2025/09/30 18:26:00,AQUA_M-T,Brasil,SÃO PAULO,TRABIJU,Cerrado,6,0.0,1.0,36.2,-22.00879,-48.29921
2025/09/30 18:26:00,AQUA_M-T,Brasil,SÃO PAULO,CUNHA,Mata Atlântica,0,0.0,0.4,193.6,-23.21583,-45.10694
2025/09/30 18:26:00,AQUA_M-T,Brasil,SÃO PAULO,ARARAQUARA,Cerrado,8,0.0,1.0,27.1,-21.65217,-48.20958
2025/09/30 18:26:00,AQUA_M-T,Brasil,SÃO PAULO,ARARAQUARA,Cerrado,8,0.0,1.0,453.1,-21.65963,-48.19786
2025/09/30 18:26:00,AQUA_M-T,Brasil,SÃO PAULO,BOREBI,Cerrado,8,0.0,1.0,13.8,-22.66606,-49.03987
2025/09/30 18:26:00,AQUA_M-T,Brasil,SÃO PAULO,MOGI DAS CRUZES,Mata Atlântica,5,0.0,0.69,28.5,-23.47897,-46.22382
2025/09/30 18:26:00,AQUA_M-T,Brasil,SÃO PAULO,MIRASSOL,Mata Atlântica,8,0.0,1.0,66.1,-20.86074,-49.43847
2025/09/30 18:26:00,AQUA_M-T,Brasil,SÃO PAULO,ANDRADINA,Mata Atlântica,6,0.3,1.0,16.5,-20.82126,-51.27775
2025/09/30 18:26:00,AQUA_M-T,Brasil,SÃO PAULO,PILAR DO SUL,Mata Atlântica,5,0.0,1.0,14.5,-23.81852,-47.75414
2025/09/30 18:26:00,AQUA_M-T,Brasil,SÃO PAULO,SÃO JOSÉ DO RIO PRETO,Cerrado,6,0.0,1.0,25.7,-20.70679,-49.39421
2025/09/30 18:26:00,AQUA_M-T,Brasil,SÃO PAULO,BOREBI,Cerrado,8,0.0,1.0,71.3,-22.64556,-49.0239
2025/09/30 18:26:00,AQUA_M-T,Brasil,SÃO PAULO,DOURADO,Cerrado,8,0.0,0.97,77.4,-22.07792,-48.33173
2025/09/30 18:26:00,AQUA_M-T,Brasil,SÃO PAULO,RUBIÁCEA,Mata Atlântica,8,0.0,1.0,357.0,-21.30755,-50.73703
2025/09/30 18:26:00,AQUA_M-T,Brasil,SÃO PAULO,MAIRINQUE,Mata Atlântica,8,0.0,0.73,14.9,-23.59877,-47.18675
2025/09/30 18:26:00,AQUA_M-T,Brasil,SÃO PAULO,BOREBI,Cerrado,8,0.0,1.0,69.7,-22.64698,-49.03344
2025/09/30 18:26:00,AQUA_M-T,Brasil,SÃO PAULO,ITAPUÍ,Mata Atlântica,7,0.0,1.0,19.3,-22.25383,-48.69423
2025/09/30 18:26:00,AQUA_M-T,Brasil,SÃO PAULO,BIRITIBA MIRIM,Mata Atlântica,2,0.0,0.75,11.8,-23.55453,-46.00607
2025/09/30 18:26:00,AQUA_M-T,Brasil,SÃO PAULO,SÃO CARLOS,Cerrado,5,0.0,0.95,43.4,-22.11825,-47.81229
2025/09/30 18:26:00,AQUA_M-T,Brasil,SÃO PAULO,JACUPIRANGA,Mata Atlântica,2,0.0,0.49,4.6,-24.70065,-48.07468
2025/09/30 18:26:00,AQUA_M-T,Brasil,SÃO PAULO,MAGDA,Mata Atlântica,8,0.17,1.0,14.6,-20.69769,-50.21563
2025/09/30 18:26:00,AQUA_M-T,Brasil,SÃO PAULO,CUNHA,Mata Atlântica,0,0.0,0.18,18.8,-23.22635,-45.10527
2025/09/30 18:26:00,AQUA_M-T,Brasil,SÃO PAULO,AMPARO,Mata Atlântica,8,0.0,0.88,123.3,-22.66091,-46.75633
2025/09/30 18:26:00,AQUA_M-T,Brasil,SÃO PAULO,REDENÇÃO DA SERRA,Mata Atlântica,8,0.0,0.75,12.4,-23.2967,-45.51517
2025/09/30 18:26:00,AQUA_M-T,Brasil,SÃO PAULO,BAURU,Cerrado,8,0.0,1.0,98.7,-22.34302,-48.97863
2025/09/30 18:26:00,AQUA_M-T,Brasil,SÃO PAULO,REDENÇÃO DA SERRA,Mata Atlântica,8,0.0,0.57,43.2,-23.27643,-45.51945
2025/09/30 18:26:00,AQUA_M-T,Brasil,SÃO PAULO,RUBIÁCEA,Mata Atlântica,8,0.0,1.0,397.7,-21.29866,-50.73849
2025/09/30 18:26:00,AQUA_M-T,Brasil,SÃO PAULO,MIRACATU,Mata Atlântica,2,0.0,0.56,7.5,-24.29971,-47.40511
2025/09/30 18:26:00,AQUA_M-T,Brasil,SÃO PAULO,ESPÍRITO SANTO DO PINHAL,Mata Atlântica,8,0.0,0.83,53.8,-22.28543,-46.72438
2025/09/30 18:26:00,AQUA_M-T,Brasil,SÃO PAULO,BOREBI,Cerrado,8,0.0,1.0,91.7,-22.66749,-49.04944
2025/09/30 18:26:00,AQUA_M-T,Brasil,SÃO PAULO,DOIS CÓRREGOS,Cerrado,8,0.0,1.0,41.9,-22.45345,-48.31001
2025/09/30 18:26:00,AQUA_M-T,Brasil,SÃO PAULO,ANDRADINA,Mata Atlântica,6,0.36,1.0,15.9,-20.8316,-51.28607
2025/09/30 18:26:00,AQUA_M-T,Brasil,SÃO PAULO,MIRASSOL,Mata Atlântica,8,0.0,1.0,16.5,-20.86214,-49.4479
2025/09/30 18:26:00,AQUA_M-T,Brasil,SÃO PAULO,BAURU,Cerrado,8,0.0,1.0,27.2,-22.35185,-48.97704
2025/09/30 18:26:00,AQUA_M-T,Brasil,SÃO PAULO,BOREBI,Cerrado,8,0.0,1.0,69.7,-22.64699,-49.03344
2025/09/30 18:26:00,AQUA_M-T,Brasil,SÃO PAULO,ANDRADINA,Mata Atlântica,6,0.3,1.0,88.0,-20.83025,-51.2763
2025/09/30 18:26:00,AQUA_M-T,Brasil,SÃO PAULO,MIRASSOL,Mata Atlântica,7,0.0,1.0,66.1,-20.86073,-49.43847
2025/09/30 18:26:00,AQUA_M-T,Brasil,SÃO PAULO,AGUDOS,Cerrado,8,0.0,0.99,56.7,-22.64101,-49.0541
2025/09/30 18:26:00,AQUA_M-T,Brasil,SÃO PAULO,CUNHA,Mata Atlântica,0,0.0,0.18,48.6,-23.21817,-45.12041
2025/09/30 18:26:00,AQUA_M-T,Brasil,SÃO PAULO,AGUDOS,Cerrado,8,0.0,0.99,30.6,-22.63959,-49.04456
2025/09/30 18:26:00,AQUA_M-T,Brasil,SÃO PAULO,AMPARO,Mata Atlântica,8,0.0,0.88,123.3,-22.66092,-46.75633
2025/09/30 18:26:00,AQUA_M-T,Brasil,SÃO PAULO,SÃO ROQUE,Mata Atlântica,8,0.0,0.83,10.7,-23.59704,-47.17612
2025/09/30 18:26:00,AQUA_M-T,Brasil,SÃO PAULO,MOGI DAS CRUZES,Mata Atlântica,4,0.0,0.58,101.0,-23.47704,-46.21231
2025/09/30 18:26:00,AQUA_M-T,Brasil,SÃO PAULO,ITU,Mata Atlântica,8,0.0,1.0,46.3,-23.22762,-47.40665
2025/09/30 18:26:00,AQUA_M-T,Brasil,SÃO PAULO,CUNHA,Mata Atlântica,0,0.0,0.79,32.3,-23.20757,-45.12148
2025/09/30 18:26:00,AQUA_M-T,Brasil,SÃO PAULO,MOGI MIRIM,Cerrado,8,0.0,1.0,6.8,-22.41968,-46.92453
2025/09/30 18:26:00,AQUA_M-T,Brasil,SÃO PAULO,RUBIÁCEA,Mata Atlântica,8,0.0,1.0,57.2,-21.30001,-50.74807
2025/09/30 18:26:00,AQUA_M-T,Brasil,SÃO PAULO,CAÇAPAVA,Mata Atlântica,6,0.0,1.0,7.9,-23.17108,-45.74389
2025/09/30 18:26:00,AQUA_M-T,Brasil,SÃO PAULO,AMPARO,Mata Atlântica,8,0.0,0.94,39.0,-22.6627,-46.76728
2025/09/30 18:26:00,AQUA_M-T,Brasil,SÃO PAULO,BIRITIBA MIRIM,Mata Atlântica,2,0.0,0.75,11.8,-23.55452,-46.00607
2025/09/30 18:26:00,AQUA_M-T,Brasil,SÃO PAULO,ARAÇOIABA DA SERRA,Mata Atlântica,8,0.0,1.0,16.4,-23.52276,-47.69223
2025/09/30 18:26:00,AQUA_M-T,Brasil,SÃO PAULO,BAURU,Cerrado,8,0.0,1.0,589.3,-22.34445,-48.98818
2025/09/30 18:26:00,AQUA_M-T,Brasil,SÃO PAULO,RIO CLARO,Cerrado,8,0.0,1.0,10.1,-22.30638,-47.72724
2025/09/30 18:26:00,AQUA_M-T,Brasil,SÃO PAULO,BOREBI,Cerrado,8,0.0,1.0,199.7,-22.65866,-49.051
2025/09/30 18:26:00,AQUA_M-T,Brasil,SÃO PAULO,ARARAQUARA,Cerrado,7,0.0,1.0,27.1,-21.65218,-48.20958
2025/09/30 18:26:00,AQUA_M-T,Brasil,SÃO PAULO,ITIRAPINA,Cerrado,8,0.0,1.0,53.8,-22.30968,-47.74791
2025/09/30 18:26:00,AQUA_M-T,Brasil,SÃO PAULO,SÃO JOSÉ DO RIO PRETO,Mata Atlântica,8,0.0,1.0,13.5,-20.85933,-49.42903
2025/09/30 18:26:00,AQUA_M-T,Brasil,SÃO PAULO,RUBIÁCEA,Mata Atlântica,8,0.0,1.0,141.9,-21.3089,-50.74659
2025/09/30 18:26:00,AQUA_M-T,Brasil,SÃO PAULO,GÁLIA,Mata Atlântica,8,0.0,1.0,128.0,-22.32423,-49.59171
2025/09/30 18:26:00,AQUA_M-T,Brasil,SÃO PAULO,ITAPUÍ,Mata Atlântica,7,0.0,1.0,46.1,-22.25529,-48.70388
2025/09/30 18:26:00,AQUA_M-T,Brasil,SÃO PAULO,MAIRINQUE,Mata Atlântica,8,0.0,0.73,14.9,-23.59876,-47.18674
2025/09/30 18:26:00,AQUA_M-T,Brasil,SÃO PAULO,AMPARO,Mata Atlântica,8,0.0,0.94,39.0,-22.66271,-46.76728
2025/09/30 18:26:00,AQUA_M-T,Brasil,SÃO PAULO,MOGI DAS CRUZES,Mata Atlântica,2,0.0,0.49,9.9,-23.50789,-46.09558
2025/09/30 18:26:00,AQUA_M-T,Brasil,SÃO PAULO,MAGDA,Mata Atlântica,8,0.17,1.0,14.6,-20.6977,-50.21563
2025/09/30 18:26:00,AQUA_M-T,Brasil,SÃO PAULO,ESPÍRITO SANTO DO PINHAL,Mata Atlântica,8,0.0,0.83,8.5,-22.27588,-46.72652
2025/09/30 18:26:00,AQUA_M-T,Brasil,SÃO PAULO,TORRINHA,Cerrado,8,0.0,-999.0,32.9,-22.42316,-48.17347
2025/09/30 18:26:00,AQUA_M-T,Brasil,SÃO PAULO,AGUAÍ,Cerrado,8,0.0,1.0,16.9,-22.08058,-46.90424
2025/09/30 18:26:00,AQUA_M-T,Brasil,SÃO PAULO,MOGI DAS CRUZES,Mata Atlântica,2,0.0,0.49,9.9,-23.50789,-46.09559
2025/09/30 18:26:00,AQUA_M-T,Brasil,SÃO PAULO,AGUDOS,Cerrado,8,0.0,0.99,56.7,-22.64101,-49.05411
2025/09/30 18:26:00,AQUA_M-T,Brasil,SÃO PAULO,BAURU,Cerrado,8,0.0,1.0,27.2,-22.35186,-48.97705
2025/09/30 18:26:00,AQUA_M-T,Brasil,SÃO PAULO,JACAREÍ,Mata Atlântica,8,0.0,0.81,7.9,-23.27946,-46.07856
2025/09/30 18:26:00,AQUA_M-T,Brasil,SÃO PAULO,MIRASSOL,Mata Atlântica,8,0.0,1.0,14.8,-20.87097,-49.44638
2025/09/30 18:26:00,AQUA_M-T,Brasil,SÃO PAULO,SÃO CARLOS,Cerrado,8,0.0,1.0,28.0,-21.63603,-47.86878
2025/09/30 18:26:00,AQUA_M-T,Brasil,SÃO PAULO,SÃO CARLOS,Cerrado,4,0.0,0.87,13.1,-22.10754,-47.80392
2025/09/30 18:26:00,AQUA_M-T,Brasil,SÃO PAULO,AMPARO,Mata Atlântica,8,0.0,0.89,16.9,-22.67034,-46.75386
2025/09/30 18:26:00,AQUA_M-T,Brasil,SÃO PAULO,AGUAÍ,Cerrado,8,0.0,0.92,23.5,-22.0901,-46.9024
2025/09/30 18:26:00,AQUA_M-T,Brasil,SÃO PAULO,ANDRADINA,Mata Atlântica,7,0.3,1.0,44.4,-20.83924,-51.27486
2025/09/30 18:26:00,AQUA_M-T,Brasil,SÃO PAULO,SÃO CARLOS,Cerrado,5,0.0,0.88,135.7,-22.11666,-47.80209
2025/09/30 18:26:00,AQUA_M-T,Brasil,SÃO PAULO,BOREBI,Cerrado,8,0.0,1.0,80.0,-22.64841,-49.043
2025/09/30 18:26:00,AQUA_M-T,Brasil,SÃO PAULO,ITAPUÍ,Mata Atlântica,7,0.0,1.0,46.1,-22.25529,-48.70389
2025/09/30 18:26:00,AQUA_M-T,Brasil,SÃO PAULO,GÁLIA,Mata Atlântica,8,0.0,1.0,51.6,-22.32562,-49.60117
2025/09/30 18:26:00,AQUA_M-T,Brasil,SÃO PAULO,SANTO ANTÔNIO DE POSSE,Mata Atlântica,6,0.0,1.0,6.8,-22.59143,-46.90219
2025/09/30 18:26:00,AQUA_M-T,Brasil,SÃO PAULO,BAURU,Cerrado,8,0.0,1.0,296.0,-22.35329,-48.98661
2025/09/30 18:26:00,AQUA_M-T,Brasil,SÃO PAULO,SÃO JOSÉ DO RIO PRETO,Mata Atlântica,8,0.0,1.0,26.2,-20.86816,-49.42752
2025/09/30 18:26:00,AQUA_M-T,Brasil,SÃO PAULO,CAÇAPAVA,Mata Atlântica,6,0.0,-999.0,8.8,-23.07355,-45.71026
2025/09/30 18:26:00,AQUA_M-T,Brasil,SÃO PAULO,RUBIÁCEA,Mata Atlântica,8,0.0,1.0,99.1,-21.3062,-50.72747
2025/10/02 18:06:00,AQUA_M-T,Brasil,SÃO PAULO,CACONDE,Mata Atlântica,3,0.2,0.77,7.2,-21.44502,-46.55537
2025/10/02 18:06:00,AQUA_M-T,Brasil,SÃO PAULO,COSMÓPOLIS,Cerrado,7,0.1,1.0,13.3,-22.66911,-47.19286
2025/10/02 18:06:00,AQUA_M-T,Brasil,SÃO PAULO,CAJURU,Cerrado,3,0.8,1.0,78.7,-21.36971,-47.39034
2025/10/02 18:06:00,AQUA_M-T,Brasil,SÃO PAULO,CAJURU,Cerrado,3,0.76,1.0,79.4,-21.36825,-47.37882
2025/10/02 18:06:00,AQUA_M-T,Brasil,SÃO PAULO,CAJURU,Cerrado,3,0.75,1.0,11.4,-21.3637,-47.37441
2025/10/02 18:06:00,AQUA_M-T,Brasil,SÃO PAULO,SANTA CRUZ DAS PALMEIRAS,Mata Atlântica,6,1.6,1.0,45.0,-21.7921,-47.20967
2025/10/02 18:06:00,AQUA_M-T,Brasil,SÃO PAULO,SÃO JOAQUIM DA BARRA,Cerrado,9,0.53,1.0,23.4,-20.58242,-47.94524
2025/10/02 18:06:00,AQUA_M-T,Brasil,SÃO PAULO,COSMÓPOLIS,Cerrado,7,0.1,1.0,17.1,-22.6706,-47.20446
2025/10/02 18:06:00,AQUA_M-T,Brasil,SÃO PAULO,JUNDIAÍ,Mata Atlântica,0,0.0,1.0,9.0,-23.16715,-46.85769
2025/10/02 18:06:00,AQUA_M-T,Brasil,SÃO PAULO,CACONDE,Mata Atlântica,3,0.2,0.84,9.4,-21.44983,-46.64664
2025/10/02 18:06:00,AQUA_M-T,Brasil,SÃO PAULO,PINDAMONHANGABA,Mata Atlântica,7,2.11,0.65,11.7,-22.82051,-45.56514
2025/10/02 18:06:00,AQUA_M-T,Brasil,SÃO PAULO,CAJURU,Cerrado,3,0.8,1.0,95.6,-21.36523,-47.38589
2025/10/03 18:45:00,AQUA_M-T,Brasil,SÃO PAULO,BOTUCATU,Mata Atlântica,4,1.42,0.86,7.2,-22.97999,-48.35259
2025/10/05 18:24:00,AQUA_M-T,Brasil,SÃO PAULO,GETULINA,Mata Atlântica,0,0.0,1.0,25.2,-21.69428,-50.0495
2025/10/05 18:24:00,AQUA_M-T,Brasil,SÃO PAULO,PLANALTO,Mata Atlântica,0,0.51,1.0,23.6,-21.11104,-49.96112
2025/10/05 18:24:00,AQUA_M-T,Brasil,SÃO PAULO,JÚLIO MESQUITA,Mata Atlântica,0,0.0,1.0,56.9,-22.01239,-49.75348
2025/10/05 18:24:00,AQUA_M-T,Brasil,SÃO PAULO,DESCALVADO,Cerrado,3,0.0,1.0,6.6,-21.88182,-47.60442
2025/10/05 18:24:00,AQUA_M-T,Brasil,SÃO PAULO,ITAPURA,Mata Atlântica,5,0.3,1.0,739.0,-20.63542,-51.46134
2025/10/05 18:24:00,AQUA_M-T,Brasil,SÃO PAULO,SILVEIRAS,Mata Atlântica,0,0.1,1.0,18.9,-22.67893,-44.91138
2025/10/05 18:24:00,AQUA_M-T,Brasil,SÃO PAULO,CORUMBATAÍ,Cerrado,0,0.0,0.98,30.3,-22.24238,-47.60471
2025/10/05 18:24:00,AQUA_M-T,Brasil,SÃO PAULO,ARARAQUARA,Cerrado,0,0.0,1.0,22.2,-21.86779,-48.11554
2025/10/05 18:24:00,AQUA_M-T,Brasil,SÃO PAULO,ITAPURA,Mata Atlântica,5,0.3,1.0,139.1,-20.63397,-51.4505
2025/10/05 18:24:00,AQUA_M-T,Brasil,SÃO PAULO,RIBEIRÃO BRANCO,Mata Atlântica,0,0.0,0.06,8.1,-24.31561,-48.90055
2025/10/05 18:24:00,AQUA_M-T,Brasil,SÃO PAULO,GETULINA,Mata Atlântica,0,0.0,1.0,13.9,-21.69699,-50.06911
2025/10/05 18:24:00,AQUA_M-T,Brasil,SÃO PAULO,ITAPURA,Mata Atlântica,6,0.3,1.0,255.2,-20.61655,-51.46406
2025/10/05 18:24:00,AQUA_M-T,Brasil,SÃO PAULO,COSMORAMA,Cerrado,11,0.0,1.0,18.5,-20.47984,-49.73463
2025/10/05 18:24:00,AQUA_M-T,Brasil,SÃO PAULO,RINCÃO,Cerrado,10,0.0,1.0,7.4,-21.50614,-48.0469
2025/10/05 18:24:00,AQUA_M-T,Brasil,SÃO PAULO,FRANCISCO MORATO,Mata Atlântica,0,0.9,0.3,9.9,-23.27436,-46.68884
2025/10/05 18:24:00,AQUA_M-T,Brasil,SÃO PAULO,JOANÓPOLIS,Mata Atlântica,0,0.0,0.81,13.8,-22.98598,-46.15533
2025/10/05 18:24:00,AQUA_M-T,Brasil,SÃO PAULO,CACHOEIRA PAULISTA,Mata Atlântica,0,0.1,0.99,18.9,-22.68892,-44.90932
2025/10/05 18:24:00,AQUA_M-T,Brasil,SÃO PAULO,CACHOEIRA PAULISTA,Mata Atlântica,0,0.1,1.0,36.9,-22.65947,-44.97896
2025/10/05 18:24:00,AQUA_M-T,Brasil,SÃO PAULO,PINDAMONHANGABA,Mata Atlântica,0,0.0,1.0,16.7,-22.79888,-45.38716
2025/10/05 18:24:00,AQUA_M-T,Brasil,SÃO PAULO,PRESIDENTE VENCESLAU,Mata Atlântica,0,0.0,1.0,10.3,-21.91203,-51.83912
2025/10/05 18:24:00,AQUA_M-T,Brasil,SÃO PAULO,IBIÚNA,Mata Atlântica,0,0.0,0.14,12.6,-23.76898,-47.13169
2025/10/05 18:24:00,AQUA_M-T,Brasil,SÃO PAULO,PRESIDENTE VENCESLAU,Mata Atlântica,0,0.0,1.0,85.8,-21.92182,-51.83769
2025/10/05 18:24:00,AQUA_M-T,Brasil,SÃO PAULO,MAIRINQUE,Mata Atlântica,0,0.0,1.0,8.9,-23.43846,-47.26743
2025/10/05 18:24:00,AQUA_M-T,Brasil,SÃO PAULO,ITAPIRA,Cerrado,12,0.0,0.91,133.4,-22.4519,-46.86562
2025/10/05 18:24:00,AQUA_M-T,Brasil,SÃO PAULO,ITAPEVA,Cerrado,0,0.0,0.36,6.1,-23.81983,-48.90629
2025/10/05 18:24:00,AQUA_M-T,Brasil,SÃO PAULO,BOTUCATU,Mata Atlântica,0,0.0,0.85,21.7,-22.97233,-48.35262
2025/10/05 18:24:00,AQUA_M-T,Brasil,SÃO PAULO,ESPÍRITO SANTO DO PINHAL,Mata Atlântica,7,0.0,0.91,18.8,-22.29103,-46.73396
2025/10/05 18:24:00,AQUA_M-T,Brasil,SÃO PAULO,IGARATÁ,Mata Atlântica,0,0.0,1.0,23.7,-23.19725,-46.19989
2025/10/05 18:24:00,AQUA_M-T,Brasil,SÃO PAULO,ESPÍRITO SANTO DO PINHAL,Mata Atlântica,6,0.0,0.94,10.4,-22.27897,-46.76326
2025/10/05 18:24:00,AQUA_M-T,Brasil,SÃO PAULO,GUARAÇAÍ,Mata Atlântica,1,0.0,1.0,9.3,-21.20327,-51.32098
2025/10/05 18:24:00,AQUA_M-T,Brasil,SÃO PAULO,GUARANTÃ,Mata Atlântica,0,0.0,1.0,68.8,-22.01104,-49.74378
2025/10/05 18:24:00,AQUA_M-T,Brasil,SÃO PAULO,PIRACICABA,Cerrado,0,0.0,1.0,46.6,-22.7047,-47.79465
2025/10/05 18:24:00,AQUA_M-T,Brasil,SÃO PAULO,GETULINA,Mata Atlântica,0,0.0,1.0,23.6,-21.70107,-50.09864
2025/10/05 18:24:00,AQUA_M-T,Brasil,SÃO PAULO,TEODORO SAMPAIO,Mata Atlântica,1,0.0,1.0,57.4,-22.29846,-52.23464
2025/10/05 18:24:00,AQUA_M-T,Brasil,SÃO PAULO,ESPÍRITO SANTO DO PINHAL,Mata Atlântica,5,0.0,0.92,10.3,-22.27737,-46.75305
2025/10/05 18:24:00,AQUA_M-T,Brasil,SÃO PAULO,IEPÊ,Mata Atlântica,0,0.0,1.0,28.6,-22.73845,-50.97186
2025/10/05 18:24:00,AQUA_M-T,Brasil,SÃO PAULO,ITAPURA,Mata Atlântica,7,0.3,1.0,22.0,-20.61368,-51.4425
2025/10/05 18:24:00,AQUA_M-T,Brasil,SÃO PAULO,PRESIDENTE VENCESLAU,Mata Atlântica,0,0.0,1.0,148.3,-21.9331,-51.84799
2025/10/05 18:24:00,AQUA_M-T,Brasil,SÃO PAULO,CERQUEIRA CÉSAR,Cerrado,0,0.0,1.0,11.7,-23.0176,-49.16679
2025/10/05 18:24:00,AQUA_M-T,Brasil,SÃO PAULO,GETULINA,Mata Atlântica,0,0.0,1.0,37.8,-21.69564,-50.05933
2025/10/05 18:24:00,AQUA_M-T,Brasil,SÃO PAULO,IBIÚNA,Mata Atlântica,0,0.0,0.26,4.8,-23.76629,-47.23325
2025/10/05 18:24:00,AQUA_M-T,Brasil,SÃO PAULO,ITAPURA,Mata Atlântica,4,0.3,1.0,497.0,-20.64486,-51.45995
2025/10/05 18:24:00,AQUA_M-T,Brasil,SÃO PAULO,MARABÁ PAULISTA,Mata Atlântica,1,0.0,1.0,23.7,-22.27987,-52.25023
2025/10/05 18:24:00,AQUA_M-T,Brasil,SÃO PAULO,ITAPURA,Mata Atlântica,5,0.3,1.0,285.6,-20.62599,-51.46271
2025/10/05 18:24:00,AQUA_M-T,Brasil,SÃO PAULO,ITAPURA,Mata Atlântica,8,0.3,1.0,50.4,-20.60427,-51.44393
2025/10/05 18:24:00,AQUA_M-T,Brasil,SÃO PAULO,TEODORO SAMPAIO,Mata Atlântica,2,0.0,1.0,51.8,-22.30166,-52.25988
2025/10/05 18:24:00,AQUA_M-T,Brasil,SÃO PAULO,PRESIDENTE VENCESLAU,Mata Atlântica,0,0.0,1.0,48.5,-21.9233,-51.84935
2025/10/05 18:24:00,AQUA_M-T,Brasil,SÃO PAULO,ITAPURA,Mata Atlântica,4,0.3,1.0,252.9,-20.6434,-51.44911
2025/10/05 18:24:00,AQUA_M-T,Brasil,SÃO PAULO,CAÇAPAVA,Mata Atlântica,0,0.0,0.96,12.3,-23.18915,-45.63137
2025/10/05 18:24:00,AQUA_M-T,Brasil,SÃO PAULO,MARÍLIA,Mata Atlântica,0,0.0,0.9,14.5,-22.36431,-50.02934
2025/10/05 18:24:00,AQUA_M-T,Brasil,SÃO PAULO,NATIVIDADE DA SERRA,Mata Atlântica,0,0.09,0.66,27.2,-23.44159,-45.48115
2025/10/05 18:24:00,AQUA_M-T,Brasil,SÃO PAULO,GETULINA,Mata Atlântica,0,0.0,1.0,60.8,-21.73294,-50.06331
2025/10/05 18:24:00,AQUA_M-T,Brasil,SÃO PAULO,ARARAQUARA,Cerrado,0,0.0,1.0,55.5,-21.86636,-48.10602
2025/10/05 18:24:00,AQUA_M-T,Brasil,SÃO PAULO,MOMBUCA,Mata Atlântica,0,0.0,1.0,16.8,-22.97238,-47.60325
2025/10/05 18:24:00,AQUA_M-T,Brasil,SÃO PAULO,GETULINA,Mata Atlântica,0,0.0,1.0,71.4,-21.69073,-50.09029
2025/10/05 18:24:00,AQUA_M-T,Brasil,SÃO PAULO,JARINU,Mata Atlântica,0,0.0,0.31,8.0,-23.14495,-46.68735
2025/10/05 18:24:00,AQUA_M-T,Brasil,SÃO PAULO,SILVEIRAS,Mata Atlântica,0,0.1,1.0,16.2,-22.70262,-44.86771
2025/10/05 18:24:00,AQUA_M-T,Brasil,SÃO PAULO,ITAPURA,Mata Atlântica,4,0.4,1.0,121.5,-20.64631,-51.47077
2025/10/05 18:24:00,AQUA_M-T,Brasil,SÃO PAULO,COSMORAMA,Cerrado,10,0.0,1.0,83.5,-20.48119,-49.74409
2025/10/05 18:24:00,AQUA_M-T,Brasil,SÃO PAULO,PIRASSUNUNGA,Mata Atlântica,6,0.0,0.88,26.0,-22.00552,-47.32814
2025/10/05 18:24:00,AQUA_M-T,Brasil,SÃO PAULO,ITAPURA,Mata Atlântica,7,0.3,1.0,50.7,-20.6057,-51.45469
2025/10/05 18:24:00,AQUA_M-T,Brasil,SÃO PAULO,GETULINA,Mata Atlântica,0,0.0,1.0,34.6,-21.68801,-50.07061
2025/10/05 18:24:00,AQUA_M-T,Brasil,SÃO PAULO,MOMBUCA,Mata Atlântica,0,0.0,1.0,9.2,-22.9709,-47.59357
2025/10/05 18:24:00,AQUA_M-T,Brasil,SÃO PAULO,PINDAMONHANGABA,Mata Atlântica,0,0.0,1.0,34.3,-22.80161,-45.39318
2025/10/05 18:24:00,AQUA_M-T,Brasil,SÃO PAULO,MAIRINQUE,Mata Atlântica,0,0.0,1.0,16.8,-23.43995,-47.27722
2025/10/05 18:24:00,AQUA_M-T,Brasil,SÃO PAULO,GETULINA,Mata Atlântica,0,0.0,1.0,49.8,-21.70462,-50.05784
2025/10/05 18:24:00,AQUA_M-T,Brasil,SÃO PAULO,QUADRA,Mata Atlântica,0,0.0,1.0,8.4,-23.25367,-48.06347
2025/10/05 18:24:00,AQUA_M-T,Brasil,SÃO PAULO,CACHOEIRA PAULISTA,Mata Atlântica,0,0.07,1.0,12.9,-22.66945,-44.97704
2025/10/05 18:24:00,AQUA_M-T,Brasil,SÃO PAULO,NATIVIDADE DA SERRA,Mata Atlântica,0,0.05,0.2,34.0,-23.43208,-45.48333
2025/10/05 18:24:00,AQUA_M-T,Brasil,SÃO PAULO,ITAPURA,Mata Atlântica,6,0.3,1.0,35.8,-20.6231,-51.44112
2025/10/05 18:24:00,AQUA_M-T,Brasil,SÃO PAULO,GETULINA,Mata Atlântica,0,0.0,1.0,94.0,-21.69971,-50.08879
2025/10/05 18:24:00,AQUA_M-T,Brasil,SÃO PAULO,SOROCABA,Mata Atlântica,0,0.0,-999.0,5.4,-23.42227,-47.40065
2025/10/05 18:24:00,AQUA_M-T,Brasil,SÃO PAULO,NATIVIDADE DA SERRA,Mata Atlântica,0,0.0,0.49,33.5,-23.39774,-45.39534
2025/10/05 18:24:00,AQUA_M-T,Brasil,SÃO PAULO,TUPÃ,Mata Atlântica,0,0.0,1.0,9.3,-21.95595,-50.5486
2025/10/05 18:24:00,AQUA_M-T,Brasil,SÃO PAULO,IGARATÁ,Mata Atlântica,0,0.0,0.98,7.3,-23.20651,-46.19811
2025/10/05 18:24:00,AQUA_M-T,Brasil,SÃO PAULO,CACHOEIRA PAULISTA,Mata Atlântica,0,0.1,1.0,28.1,-22.691,-44.92168
2025/10/05 18:24:00,AQUA_M-T,Brasil,SÃO PAULO,ITAPURA,Mata Atlântica,6,0.3,1.0,261.9,-20.62455,-51.45194
2025/10/05 18:24:00,AQUA_M-T,Brasil,SÃO PAULO,MATÃO,Cerrado,1,0.0,1.0,33.7,-21.56799,-48.33826
2025/10/05 18:24:00,AQUA_M-T,Brasil,SÃO PAULO,GETULINA,Mata Atlântica,0,0.0,1.0,33.3,-21.69835,-50.07895
2025/10/05 18:24:00,AQUA_M-T,Brasil,SÃO PAULO,ITAPURA,Mata Atlântica,6,0.3,1.0,273.9,-20.63253,-51.43975
2025/10/05 18:24:00,AQUA_M-T,Brasil,SÃO PAULO,SÃO JOSÉ DOS CAMPOS,Mata Atlântica,0,0.0,0.59,7.3,-23.07397,-45.85512
2025/10/05 18:24:00,AQUA_M-T,Brasil,SÃO PAULO,IGARATÁ,Mata Atlântica,0,0.0,1.0,10.9,-23.20482,-46.18751
2025/10/05 18:24:00,AQUA_M-T,Brasil,SÃO PAULO,ITAPURA,Mata Atlântica,4,0.32,1.0,197.1,-20.63687,-51.47213
2025/10/05 18:24:00,AQUA_M-T,Brasil,SÃO PAULO,MATÃO,Cerrado,1,0.0,1.0,12.5,-21.55917,-48.33981
2025/10/05 18:24:00,AQUA_M-T,Brasil,SÃO PAULO,AVARÉ,Cerrado,0,0.0,1.0,10.0,-23.18433,-48.97865
2025/10/05 18:24:00,AQUA_M-T,Brasil,SÃO PAULO,IGARATÁ,Mata Atlântica,0,0.0,1.0,42.5,-23.19557,-46.18934
2025/10/05 18:24:00,AQUA_M-T,Brasil,SÃO PAULO,NOVA ODESSA,Mata Atlântica,0,0.0,-999.0,6.7,-22.81639,-47.3135
2025/10/05 18:24:00,AQUA_M-T,Brasil,SÃO PAULO,MARÍLIA,Mata Atlântica,0,0.0,0.88,29.1,-22.38233,-50.02632
2025/10/05 18:24:00,AQUA_M-T,Brasil,SÃO PAULO,ITAPURA,Mata Atlântica,7,0.3,1.0,600.4,-20.61512,-51.45329
2025/10/05 18:24:00,AQUA_M-T,Brasil,SÃO PAULO,TAMBAÚ,Cerrado,4,0.0,0.91,11.8,-21.62532,-47.37696
2025/10/05 18:24:00,AQUA_M-T,Brasil,SÃO PAULO,NATIVIDADE DA SERRA,Mata Atlântica,0,0.1,0.19,11.2,-23.43974,-45.46987
2025/10/05 18:24:00,AQUA_M-T,Brasil,SÃO PAULO,MARABÁ PAULISTA,Mata Atlântica,2,0.0,1.0,29.4,-22.28147,-52.26296
2025/10/05 18:24:00,AQUA_M-T,Brasil,SÃO PAULO,ESPÍRITO SANTO DO PINHAL,Mata Atlântica,6,0.0,0.93,20.8,-22.28941,-46.72381
2025/10/05 18:24:00,AQUA_M-T,Brasil,SÃO PAULO,CABRÁLIA PAULISTA,Mata Atlântica,0,0.0,1.0,31.1,-22.45037,-49.39307
2025/10/05 18:24:00,AQUA_M-T,Brasil,SÃO PAULO,ECHAPORÃ,Cerrado,0,0.0,1.0,188.1,-22.46965,-50.12931
2025/10/05 18:24:00,AQUA_M-T,Brasil,SÃO PAULO,PRESIDENTE VENCESLAU,Mata Atlântica,0,0.0,1.0,22.6,-21.9135,-51.85081
2025/10/05 18:24:00,AQUA_M-T,Brasil,SÃO PAULO,PINDAMONHANGABA,Mata Atlântica,0,0.0,1.0,16.3,-22.80081,-45.39894
2025/10/05 18:24:00,AQUA_M-T,Brasil,SÃO PAULO,PRESIDENTE VENCESLAU,Mata Atlântica,0,0.0,1.0,312.2,-21.93161,-51.83623
2025/10/05 18:24:00,AQUA_M-T,Brasil,SÃO PAULO,NATIVIDADE DA SERRA,Mata Atlântica,0,0.0,0.98,47.9,-23.39578,-45.3836
2025/10/05 18:24:00,AQUA_M-T,Brasil,SÃO PAULO,NATIVIDADE DA SERRA,Mata Atlântica,0,0.09,0.2,11.3,-23.43016,-45.47166
2025/10/05 18:24:00,AQUA_M-T,Brasil,SÃO PAULO,MATÃO,Cerrado,2,0.0,1.0,32.7,-21.55776,-48.33036
2025/10/05 18:24:00,AQUA_M-T,Brasil,SÃO PAULO,CACHOEIRA PAULISTA,Mata Atlântica,0,0.1,1.0,38.3,-22.68104,-44.92384
2025/10/05 18:24:00,AQUA_M-T,Brasil,SÃO PAULO,CACHOEIRA PAULISTA,Mata Atlântica,0,0.0,1.0,14.5,-22.66157,-44.99123
2025/10/05 18:24:00,AQUA_M-T,Brasil,SÃO PAULO,PIRACICABA,Cerrado,0,0.0,1.0,35.3,-22.70325,-47.785
2025/10/05 18:24:00,AQUA_M-T,Brasil,SÃO PAULO,CORUMBATAÍ,Cerrado,0,0.0,0.96,19.0,-22.23349,-47.60632
2025/10/05 18:24:00,AQUA_M-T,Brasil,SÃO PAULO,GETULINA,Mata Atlântica,0,0.0,1.0,56.6,-21.7136,-50.05637
2025/10/05 18:24:00,AQUA_M-T,Brasil,SÃO PAULO,CERQUEIRA CÉSAR,Cerrado,0,0.0,1.0,25.5,-23.01896,-49.17641
2025/10/05 18:24:00,AQUA_M-T,Brasil,SÃO PAULO,TANABI,Cerrado,12,0.0,-999.0,6.2,-20.61756,-49.66126
2025/10/05 18:24:00,AQUA_M-T,Brasil,SÃO PAULO,SÃO JOSÉ DOS CAMPOS,Mata Atlântica,0,0.0,0.86,12.1,-23.0758,-45.86618
2025/10/05 18:24:00,AQUA_M-T,Brasil,SÃO PAULO,PROMISSÃO,Mata Atlântica,0,0.0,1.0,66.9,-21.68937,-50.08045
2025/10/05 18:24:00,AQUA_M-T,Brasil,SÃO PAULO,SILVEIRAS,Mata Atlântica,0,0.1,1.0,23.9,-22.69258,-44.86964
2025/10/05 18:24:00,AQUA_M-T,Brasil,SÃO PAULO,GETULINA,Mata Atlântica,0,0.0,1.0,131.6,-21.70598,-50.06766
2025/10/05 18:24:00,AQUA_M-T,Brasil,SÃO PAULO,MATÃO,Cerrado,2,0.0,1.0,67.5,-21.56658,-48.32882
2025/10/06 17:24:00,AQUA_M-T,Brasil,SÃO PAULO,SÃO JOSÉ DO BARREIRO,Mata Atlântica,2,0.0,0.94,56.6,-22.62922,-44.59207
2025/10/06 19:02:00,AQUA_M-T,Brasil,SÃO PAULO,JÚLIO MESQUITA,Mata Atlântica,1,0.22,1.0,69.3,-22.03329,-49.75531
2025/10/06 19:02:00,AQUA_M-T,Brasil,SÃO PAULO,MARÍLIA,Mata Atlântica,5,0.2,1.0,188.4,-22.29506,-49.9036
2025/10/06 19:02:00,AQUA_M-T,Brasil,SÃO PAULO,JÚLIO MESQUITA,Mata Atlântica,2,0.21,1.0,78.3,-22.03386,-49.74977
2025/10/07 18:02:00,AQUA_M-T,Brasil,SÃO PAULO,PIRASSUNUNGA,Mata Atlântica,8,0.0,0.99,18.8,-21.97785,-47.30635
2025/10/07 18:02:00,AQUA_M-T,Brasil,SÃO PAULO,PIRASSUNUNGA,Mata Atlântica,8,0.0,0.99,60.5,-22.0001,-47.31661
2025/10/07 18:02:00,AQUA_M-T,Brasil,SÃO PAULO,PIRASSUNUNGA,Mata Atlântica,8,0.0,0.99,154.0,-21.98977,-47.31808
2025/10/07 18:02:00,AQUA_M-T,Brasil,SÃO PAULO,CUNHA,Mata Atlântica,3,0.0,0.49,12.3,-22.82397,-44.7342
2025/10/07 18:02:00,AQUA_M-T,Brasil,SÃO PAULO,PIRASSUNUNGA,Mata Atlântica,8,0.0,0.99,271.3,-21.99137,-47.33125
2025/10/07 18:02:00,AQUA_M-T,Brasil,SÃO PAULO,PIRASSUNUNGA,Mata Atlântica,8,0.0,1.0,561.1,-21.98103,-47.33271
2025/10/07 18:02:00,AQUA_M-T,Brasil,SÃO PAULO,PIRASSUNUNGA,Cerrado,12,0.14,1.0,356.1,-22.01232,-47.50452
2025/10/07 18:02:00,AQUA_M-T,Brasil,SÃO PAULO,BANANAL,Mata Atlântica,3,0.0,0.94,6.1,-22.70486,-44.33882
2025/10/07 18:02:00,AQUA_M-T,Brasil,SÃO PAULO,PIRASSUNUNGA,Mata Atlântica,8,0.0,1.0,407.6,-21.96284,-47.32745
2025/10/07 18:02:00,AQUA_M-T,Brasil,SÃO PAULO,PINDAMONHANGABA,Mata Atlântica,3,0.0,1.0,14.4,-22.832,-45.34798
2025/10/07 18:02:00,AQUA_M-T,Brasil,SÃO PAULO,PIRASSUNUNGA,Cerrado,11,0.1,1.0,96.6,-22.00187,-47.50617
2025/10/07 18:02:00,AQUA_M-T,Brasil,SÃO PAULO,SÃO JOSÉ DO RIO PARDO,Mata Atlântica,4,0.0,1.0,12.4,-21.59483,-46.84346
2025/10/07 18:02:00,AQUA_M-T,Brasil,SÃO PAULO,PIRASSUNUNGA,Mata Atlântica,8,0.0,1.0,454.1,-21.97943,-47.3195
2025/10/07 18:02:00,AQUA_M-T,Brasil,SÃO PAULO,PIRASSUNUNGA,Mata Atlântica,8,0.0,1.0,683.9,-21.96911,-47.32095
2025/10/07 18:02:00,AQUA_M-T,Brasil,SÃO PAULO,PIRASSUNUNGA,Cerrado,11,0.17,1.0,29.7,-22.00029,-47.49293
2025/10/07 18:02:00,AQUA_M-T,Brasil,SÃO PAULO,PIRASSUNUNGA,Mata Atlântica,8,0.0,1.0,186.6,-21.97316,-47.32596
2025/10/07 18:02:00,AQUA_M-T,Brasil,SÃO PAULO,PIRASSUNUNGA,Mata Atlântica,8,0.0,0.98,105.8,-22.00171,-47.32977
2025/10/07 18:02:00,AQUA_M-T,Brasil,SÃO PAULO,PIRASSUNUNGA,Cerrado,12,0.1,1.0,164.8,-22.01395,-47.51807
2025/10/07 18:02:00,AQUA_M-T,Brasil,SÃO PAULO,BANANAL,Mata Atlântica,3,0.0,0.94,28.7,-22.7138,-44.3373
2025/10/07 18:02:00,AQUA_M-T,Brasil,SÃO PAULO,CRUZEIRO,Mata Atlântica,3,0.0,1.0,16.3,-22.54564,-44.98501
2025/10/07 18:02:00,AQUA_M-T,Brasil,SÃO PAULO,PIRASSUNUNGA,Mata Atlântica,8,0.0,1.0,300.2,-21.96119,-47.31434
2025/10/07 18:02:00,AQUA_M-T,Brasil,SÃO PAULO,PIRASSUNUNGA,Mata Atlântica,8,0.0,0.99,16.8,-21.95087,-47.31584
2025/10/07 18:02:00,AQUA_M-T,Brasil,SÃO PAULO,BANANAL,Mata Atlântica,3,0.0,0.94,5.7,-22.71517,-44.34716
2025/10/07 18:02:00,AQUA_M-T,Brasil,SÃO PAULO,PIRASSUNUNGA,Mata Atlântica,8,0.0,0.99,24.8,-21.95249,-47.32878
2025/10/07 18:02:00,AQUA_M-T,Brasil,SÃO PAULO,APARECIDA,Mata Atlântica,3,0.0,1.0,5.9,-22.86282,-45.22393
2025/10/07 18:04:00,AQUA_M-T,Brasil,SÃO PAULO,ARAMINA,Cerrado,13,0.0,1.0,113.1,-20.0821,-47.85559
2025/10/07 18:04:00,AQUA_M-T,Brasil,SÃO PAULO,TABAPUÃ,Mata Atlântica,14,0.76,1.0,21.3,-20.88272,-48.98844
2025/10/07 18:04:00,AQUA_M-T,Brasil,SÃO PAULO,TABAPUÃ,Mata Atlântica,14,0.56,1.0,90.2,-20.87224,-48.97833
2025/10/07 18:04:00,AQUA_M-T,Brasil,SÃO PAULO,TABAPUÃ,Mata Atlântica,14,0.74,1.0,103.6,-20.87421,-48.99488
2025/10/08 18:41:00,AQUA_M-T,Brasil,SÃO PAULO,OLÍMPIA,Mata Atlântica,15,0.0,1.0,54.3,-20.85668,-48.97171
2025/10/08 18:41:00,AQUA_M-T,Brasil,SÃO PAULO,BARRETOS,Cerrado,5,0.0,1.0,32.1,-20.31901,-48.52444
2025/10/09 17:41:00,AQUA_M-T,Brasil,SÃO PAULO,MOCOCA,Cerrado,8,1.96,1.0,42.8,-21.43513,-47.04435
2025/10/10 18:19:00,AQUA_M-T,Brasil,SÃO PAULO,GETULINA,Mata Atlântica,5,0.47,1.0,6.8,-21.71813,-49.98172
2025/10/10 18:19:00,AQUA_M-T,Brasil,SÃO PAULO,RUBIÁCEA,Mata Atlântica,3,0.0,1.0,9.1,-21.46348,-50.9074
2025/10/11 19:00:00,AQUA_M-T,Brasil,SÃO PAULO,PIRAJUÍ,Mata Atlântica,2,0.1,1.0,62.5,-21.96624,-49.36488
2025/10/15 18:17:00,AQUA_M-T,Brasil,SÃO PAULO,ITATINGA,Cerrado,2,0.0,0.9,12.0,-23.00359,-48.73582
2025/10/15 18:17:00,AQUA_M-T,Brasil,SÃO PAULO,ATIBAIA,Mata Atlântica,2,0.0,1.0,7.8,-23.14,-46.5957
2025/10/16 18:53:00,AQUA_M-T,Brasil,SÃO PAULO,ITU,Mata Atlântica,3,0.0,1.0,22.6,-23.36738,-47.35491
2025/10/17 17:54:00,AQUA_M-T,Brasil,SÃO PAULO,CAJAMAR,Mata Atlântica,3,0.4,0.61,24.0,-23.37897,-46.89449
2025/10/17 17:54:00,AQUA_M-T,Brasil,SÃO PAULO,CAJAMAR,Mata Atlântica,3,0.4,0.5,23.0,-23.37693,-46.87627
2025/10/20 18:13:00,AQUA_M-T,Brasil,SÃO PAULO,BORBOREMA,Cerrado,2,0.0,0.34,17.5,-21.63621,-48.97857
2025/10/20 18:13:00,AQUA_M-T,Brasil,SÃO PAULO,CAFELÂNDIA,Mata Atlântica,2,0.0,0.51,21.9,-21.85602,-49.67796
2025/10/20 18:13:00,AQUA_M-T,Brasil,SÃO PAULO,IPIGUÁ,Cerrado,0,0.0,0.75,10.7,-20.69807,-49.37928
2025/10/20 18:13:00,AQUA_M-T,Brasil,SÃO PAULO,ARARAQUARA,Cerrado,2,0.0,-999.0,7.5,-21.72521,-48.15704
2025/10/20 18:13:00,AQUA_M-T,Brasil,SÃO PAULO,ARARAQUARA,Cerrado,2,0.0,-999.0,11.4,-21.72378,-48.14605
2025/10/20 18:13:00,AQUA_M-T,Brasil,SÃO PAULO,CAFELÂNDIA,Mata Atlântica,2,0.0,0.52,30.0,-21.85768,-49.69151
2025/10/20 18:13:00,AQUA_M-T,Brasil,SÃO PAULO,BORBOREMA,Cerrado,2,0.0,0.33,15.5,-21.63644,-48.98402
2025/10/21 18:51:00,AQUA_M-T,Brasil,SÃO PAULO,INDIAPORÃ,Mata Atlântica,2,0.0,0.55,22.4,-19.9725,-50.22607
2025/10/21 18:51:00,AQUA_M-T,Brasil,SÃO PAULO,INDIAPORÃ,Mata Atlântica,2,0.0,0.8,67.1,-19.96501,-50.23286
2025/10/22 17:52:00,AQUA_M-T,Brasil,SÃO PAULO,CABREÚVA,Mata Atlântica,4,0.0,0.43,27.8,-23.34834,-47.10713
2025/10/22 17:52:00,AQUA_M-T,Brasil,SÃO PAULO,JOÃO RAMALHO,Cerrado,4,0.0,0.79,29.5,-22.37828,-50.87157
2025/10/22 17:52:00,AQUA_M-T,Brasil,SÃO PAULO,SÃO LUIZ DO PARAITINGA,Mata Atlântica,3,0.0,0.58,17.7,-23.10824,-45.27141
2025/10/22 17:52:00,AQUA_M-T,Brasil,SÃO PAULO,CABREÚVA,Mata Atlântica,4,0.0,0.43,45.8,-23.34596,-47.10067
2025/10/22 17:52:00,AQUA_M-T,Brasil,SÃO PAULO,CAFELÂNDIA,Mata Atlântica,3,0.0,0.45,51.8,-21.67348,-49.53702
2025/10/22 17:52:00,AQUA_M-T,Brasil,SÃO PAULO,CABREÚVA,Mata Atlântica,4,0.0,0.74,28.5,-23.34603,-47.08541
2025/10/22 17:52:00,AQUA_M-T,Brasil,SÃO PAULO,CAFELÂNDIA,Mata Atlântica,3,0.0,0.41,78.5,-21.67753,-49.54095
2025/10/23 18:28:00,AQUA_M-T,Brasil,SÃO PAULO,IGUAPE,Mata Atlântica,5,0.0,0.43,10.4,-24.47721,-47.62321
2025/10/23 18:28:00,AQUA_M-T,Brasil,SÃO PAULO,IGUAPE,Mata Atlântica,5,0.0,0.64,10.2,-24.47881,-47.63342
2025/10/23 18:30:00,AQUA_M-T,Brasil,SÃO PAULO,SUZANO,Mata Atlântica,5,0.0,0.55,43.9,-23.59544,-46.36178
2025/10/23 18:30:00,AQUA_M-T,Brasil,SÃO PAULO,SALTINHO,Mata Atlântica,5,0.0,1.0,46.5,-22.89608,-47.74414
2025/10/23 18:30:00,AQUA_M-T,Brasil,SÃO PAULO,ESTRELA DO NORTE,Mata Atlântica,5,0.0,0.95,12.4,-22.47205,-51.5845
2025/10/23 18:30:00,AQUA_M-T,Brasil,SÃO PAULO,FARTURA,Mata Atlântica,5,0.0,0.85,8.0,-23.44845,-49.48563
2025/10/23 18:30:00,AQUA_M-T,Brasil,SÃO PAULO,COSMÓPOLIS,Cerrado,5,0.0,1.0,8.2,-22.67713,-47.1758
2025/10/23 18:30:00,AQUA_M-T,Brasil,SÃO PAULO,ESTRELA DO NORTE,Mata Atlântica,5,0.0,0.99,101.2,-22.47344,-51.59481
2025/10/23 18:30:00,AQUA_M-T,Brasil,SÃO PAULO,ATIBAIA,Mata Atlântica,5,0.0,0.88,17.5,-23.09832,-46.65365
2025/10/23 18:30:00,AQUA_M-T,Brasil,SÃO PAULO,ATIBAIA,Mata Atlântica,5,0.0,1.0,7.5,-23.03982,-46.62449
2025/10/23 18:30:00,AQUA_M-T,Brasil,SÃO PAULO,PORTO FELIZ,Mata Atlântica,5,0.0,1.0,28.0,-23.23825,-47.45081
2025/10/23 18:30:00,AQUA_M-T,Brasil,SÃO PAULO,PORANGABA,Mata Atlântica,5,0.0,1.0,4.7,-23.22416,-48.18518
2025/10/23 18:30:00,AQUA_M-T,Brasil,SÃO PAULO,IBIÚNA,Mata Atlântica,5,0.0,0.48,9.8,-23.67177,-47.27304
2025/10/23 18:30:00,AQUA_M-T,Brasil,SÃO PAULO,LINS,Mata Atlântica,4,0.0,1.0,15.8,-21.60035,-49.65696
2025/10/23 18:30:00,AQUA_M-T,Brasil,SÃO PAULO,LINS,Mata Atlântica,4,0.0,1.0,40.4,-21.59895,-49.64753
2025/10/23 18:30:00,AQUA_M-T,Brasil,SÃO PAULO,SUZANO,Mata Atlântica,5,0.0,0.54,19.6,-23.59347,-46.35011
2025/10/23 18:30:00,AQUA_M-T,Brasil,SÃO PAULO,PORTO FELIZ,Mata Atlântica,5,0.0,1.0,43.9,-23.23655,-47.44022
2025/10/23 18:30:00,AQUA_M-T,Brasil,SÃO PAULO,SALTINHO,Mata Atlântica,5,0.0,1.0,152.1,-22.89773,-47.75448
2025/10/23 18:30:00,AQUA_M-T,Brasil,SÃO PAULO,ESTRELA DO NORTE,Mata Atlântica,5,0.0,0.94,16.6,-22.46429,-51.5963
2025/10/23 18:30:00,AQUA_M-T,Brasil,SÃO PAULO,ESTRELA DO NORTE,Mata Atlântica,5,0.0,1.0,77.3,-22.47485,-51.60519
2025/10/23 18:30:00,AQUA_M-T,Brasil,SÃO PAULO,IBIÚNA,Mata Atlântica,5,0.0,0.67,16.0,-23.67346,-47.28357
2025/10/25 18:09:00,AQUA_M-T,Brasil,SÃO PAULO,COLINA,Cerrado,6,0.1,1.0,35.5,-20.74216,-48.6208
2025/10/25 18:09:00,AQUA_M-T,Brasil,SÃO PAULO,BARRA DO TURVO,Mata Atlântica,7,0.0,0.28,7.1,-24.91129,-48.33833
2025/10/25 18:09:00,AQUA_M-T,Brasil,SÃO PAULO,COTIA,Mata Atlântica,7,0.0,0.52,13.6,-23.66442,-46.92015
2025/10/25 18:09:00,AQUA_M-T,Brasil,SÃO PAULO,RIO CLARO,Mata Atlântica,7,0.0,1.0,57.1,-22.35729,-47.5422
2025/10/25 18:09:00,AQUA_M-T,Brasil,SÃO PAULO,RIO CLARO,Mata Atlântica,7,0.0,1.0,10.6,-22.34904,-47.55549
2025/10/25 18:09:00,AQUA_M-T,Brasil,SÃO PAULO,BOITUVA,Mata Atlântica,7,0.0,1.0,57.1,-23.31564,-47.77611
2025/10/25 18:09:00,AQUA_M-T,Brasil,SÃO PAULO,PIEDADE,Mata Atlântica,7,0.0,0.76,24.8,-23.73779,-47.48452
2025/10/25 18:09:00,AQUA_M-T,Brasil,SÃO PAULO,UCHOA,Mata Atlântica,7,0.0,1.0,32.5,-20.94209,-49.18727
2025/10/25 18:09:00,AQUA_M-T,Brasil,SÃO PAULO,COTIA,Mata Atlântica,7,0.0,0.53,10.4,-23.66692,-46.91433
2025/10/25 18:09:00,AQUA_M-T,Brasil,SÃO PAULO,RIO CLARO,Mata Atlântica,7,0.0,-999.0,45.3,-22.35882,-47.554
2025/10/25 18:09:00,AQUA_M-T,Brasil,SÃO PAULO,CACONDE,Mata Atlântica,7,0.0,1.0,12.0,-21.53216,-46.67014
2025/10/25 18:09:00,AQUA_M-T,Brasil,SÃO PAULO,BOITUVA,Mata Atlântica,7,0.0,1.0,54.1,-23.3148,-47.76957
2025/10/25 18:09:00,AQUA_M-T,Brasil,SÃO PAULO,COLINA,Cerrado,6,0.1,1.0,48.4,-20.74381,-48.63374
2025/10/25 18:09:00,AQUA_M-T,Brasil,SÃO PAULO,ESPÍRITO SANTO DO PINHAL,Cerrado,7,0.0,0.96,192.0,-22.14772,-46.86476
2025/10/25 18:09:00,AQUA_M-T,Brasil,SÃO PAULO,ARAÇARIGUAMA,Mata Atlântica,7,0.0,0.64,24.0,-23.46451,-47.02164
2025/10/25 18:09:00,AQUA_M-T,Brasil,SÃO PAULO,JACUPIRANGA,Mata Atlântica,7,0.0,0.6,16.1,-24.66172,-47.95977
2025/10/25 18:09:00,AQUA_M-T,Brasil,SÃO PAULO,ITU,Mata Atlântica,7,0.0,0.72,14.9,-23.40556,-47.20364
2025/10/25 18:09:00,AQUA_M-T,Brasil,SÃO PAULO,RIO CLARO,Mata Atlântica,7,0.0,1.0,14.7,-22.3475,-47.54362
2025/10/25 18:09:00,AQUA_M-T,Brasil,SÃO PAULO,TATUÍ,Mata Atlântica,7,0.0,1.0,34.3,-23.31633,-47.78218
2025/10/25 18:09:00,AQUA_M-T,Brasil,SÃO PAULO,ITU,Mata Atlântica,7,0.0,0.76,30.6,-23.40707,-47.21535
2025/10/25 18:09:00,AQUA_M-T,Brasil,SÃO PAULO,PIEDADE,Mata Atlântica,7,0.0,0.84,26.4,-23.73838,-47.49012
2025/11/07 18:19:00,AQUA_M-T,Brasil,SÃO PAULO,SARUTAIÁ,Mata Atlântica,2,0.0,0.06,12.4,-23.24124,-49.48315
2025/11/07 18:19:00,AQUA_M-T,Brasil,SÃO PAULO,GUATAPARÁ,Cerrado,2,0.0,0.49,15.1,-21.56742,-47.95662
2025/11/07 18:19:00,AQUA_M-T,Brasil,SÃO PAULO,SARUTAIÁ,Mata Atlântica,2,0.0,0.09,12.6,-23.23973,-49.47121
2025/11/07 18:19:00,AQUA_M-T,Brasil,SÃO PAULO,GUATAPARÁ,Cerrado,1,0.0,0.38,24.4,-21.56879,-47.96651
2025/11/07 18:19:00,AQUA_M-T,Brasil,SÃO PAULO,AGUAÍ,Cerrado,2,0.0,0.18,7.5,-22.0885,-47.1347
2025/11/07 18:19:00,AQUA_M-T,Brasil,SÃO PAULO,BARRA BONITA,Mata Atlântica,1,0.0,0.4,5.5,-22.46272,-48.58383
2025/11/10 18:34:00,AQUA_M-T,Brasil,SÃO PAULO,PARANAPANEMA,Mata Atlântica,2,0.0,0.07,25.7,-23.40246,-48.67276
2025/11/10 18:36:00,AQUA_M-T,Brasil,SÃO PAULO,PARAGUAÇU PAULISTA,Cerrado,2,0.0,0.01,5.1,-22.56205,-50.55539
2025/11/10 18:36:00,AQUA_M-T,Brasil,SÃO PAULO,POTIRENDABA,Mata Atlântica,2,0.0,0.16,21.3,-21.00948,-49.39277
2025/11/10 18:36:00,AQUA_M-T,Brasil,SÃO PAULO,AGUAÍ,Cerrado,2,0.0,0.08,9.3,-22.08085,-47.13618
2025/11/10 18:36:00,AQUA_M-T,Brasil,SÃO PAULO,AGUAÍ,Cerrado,2,0.0,0.07,13.8,-22.0829,-47.1485
2025/11/11 17:36:00,AQUA_M-T,Brasil,SÃO PAULO,SÃO JOSÉ DOS CAMPOS,Mata Atlântica,3,0.0,-999.0,38.5,-23.18367,-45.85785
2025/11/12 18:15:00,AQUA_M-T,Brasil,SÃO PAULO,PARAIBUNA,Mata Atlântica,4,0.0,0.93,8.1,-23.32402,-45.67403
2025/11/12 18:15:00,AQUA_M-T,Brasil,SÃO PAULO,SANTA ISABEL,Mata Atlântica,4,0.0,0.06,16.1,-23.25158,-46.27745
2025/11/12 18:15:00,AQUA_M-T,Brasil,SÃO PAULO,CASA BRANCA,Cerrado,4,0.0,0.12,37.6,-21.66451,-46.9906
2025/11/12 18:15:00,AQUA_M-T,Brasil,SÃO PAULO,ALTINÓPOLIS,Cerrado,4,0.0,0.26,10.6,-21.0199,-47.46082
2025/11/12 18:15:00,AQUA_M-T,Brasil,SÃO PAULO,PARAIBUNA,Mata Atlântica,4,0.0,0.62,5.0,-23.32539,-45.68365
2025/11/12 18:15:00,AQUA_M-T,Brasil,SÃO PAULO,AGUAÍ,Cerrado,4,0.0,0.39,9.1,-22.1132,-46.97032
2025/11/12 18:15:00,AQUA_M-T,Brasil,SÃO PAULO,COSMORAMA,Cerrado,4,0.1,0.68,16.2,-20.43838,-49.81652
2025/11/12 18:15:00,AQUA_M-T,Brasil,SÃO PAULO,SANTA ISABEL,Mata Atlântica,4,0.0,0.06,16.9,-23.25295,-46.28738
2025/11/12 18:15:00,AQUA_M-T,Brasil,SÃO PAULO,PEDRO DE TOLEDO,Mata Atlântica,4,0.0,0.32,4.9,-24.31,-47.30749
2025/11/12 18:15:00,AQUA_M-T,Brasil,SÃO PAULO,PARANAPANEMA,Mata Atlântica,4,0.2,0.78,24.6,-23.41317,-48.67747
2025/11/20 18:28:00,AQUA_M-T,Brasil,SÃO PAULO,MOGI GUAÇU,Cerrado,2,0.0,0.73,23.5,-22.25559,-47.0385
2025/11/20 18:28:00,AQUA_M-T,Brasil,SÃO PAULO,SUZANO,Mata Atlântica,2,0.0,0.53,5.1,-23.63666,-46.28558
2025/11/20 18:28:00,AQUA_M-T,Brasil,SÃO PAULO,PARAIBUNA,Mata Atlântica,2,0.0,0.59,27.6,-23.42997,-45.68819
2025/11/20 18:28:00,AQUA_M-T,Brasil,SÃO PAULO,MOGI GUAÇU,Cerrado,2,0.0,0.74,45.7,-22.25709,-47.04827
2025/11/20 18:28:00,AQUA_M-T,Brasil,SÃO PAULO,MOGI GUAÇU,Cerrado,2,0.0,0.73,21.5,-22.26602,-47.04662
2025/11/20 18:28:00,AQUA_M-T,Brasil,SÃO PAULO,MOGI GUAÇU,Cerrado,2,0.0,0.72,8.9,-22.26452,-47.03686
2025/11/20 18:30:00,AQUA_M-T,Brasil,SÃO PAULO,MARINÓPOLIS,Mata Atlântica,2,0.0,0.99,14.1,-20.45095,-50.84906
2025/11/20 18:30:00,AQUA_M-T,Brasil,SÃO PAULO,JALES,Mata Atlântica,2,0.0,0.86,6.2,-20.24915,-50.57644
2025/11/25 18:21:00,AQUA_M-T,Brasil,SÃO PAULO,CAPÃO BONITO,Mata Atlântica,0,0.0,0.01,4.7,-24.14022,-48.30239
2025/11/25 18:23:00,AQUA_M-T,Brasil,SÃO PAULO,QUELUZ,Mata Atlântica,0,0.0,0.03,7.3,-22.5419,-44.73195
2025/11/25 18:23:00,AQUA_M-T,Brasil,SÃO PAULO,MESÓPOLIS,Mata Atlântica,0,0.0,0.07,15.3,-20.01963,-50.58012
2025/11/25 18:23:00,AQUA_M-T,Brasil,SÃO PAULO,PARANAPUÃ,Mata Atlântica,0,0.0,0.07,14.8,-20.01814,-50.56864
2025/11/25 18:23:00,AQUA_M-T,Brasil,SÃO PAULO,QUELUZ,Mata Atlântica,0,0.0,0.01,8.6,-22.54358,-44.74249
2025/11/27 18:02:00,AQUA_M-T,Brasil,SÃO PAULO,GUARAREMA,Mata Atlântica,3,0.0,-999.0,9.1,-23.41747,-46.04221
2025/11/28 18:40:00,AQUA_M-T,Brasil,SÃO PAULO,GENERAL SALGADO,Mata Atlântica,4,0.0,1.0,7.1,-20.72008,-50.384
2025/11/28 18:40:00,AQUA_M-T,Brasil,SÃO PAULO,GENERAL SALGADO,Mata Atlântica,4,0.0,1.0,5.3,-20.72157,-50.39368
2025/11/28 18:40:00,AQUA_M-T,Brasil,SÃO PAULO,UBIRAJARA,Cerrado,4,0.0,0.59,6.7,-22.59492,-49.59727
2025/11/28 18:40:00,AQUA_M-T,Brasil,SÃO PAULO,MOGI GUAÇU,Cerrado,4,0.0,0.3,23.5,-22.23642,-47.06885
2025/11/28 18:40:00,AQUA_M-T,Brasil,SÃO PAULO,LINS,Mata Atlântica,4,0.0,0.85,8.7,-21.6496,-49.75552
2025/11/28 18:40:00,AQUA_M-T,Brasil,SÃO PAULO,MOGI GUAÇU,Cerrado,4,0.0,0.31,51.3,-22.2261,-47.07102
2025/11/29 17:38:00,AQUA_M-T,Brasil,SÃO PAULO,JOANÓPOLIS,Mata Atlântica,5,0.0,0.18,69.9,-22.99087,-46.24516
2025/11/29 17:38:00,AQUA_M-T,Brasil,SÃO PAULO,PINDAMONHANGABA,Mata Atlântica,5,0.0,-999.0,44.4,-22.93667,-45.39851
2025/11/30 18:19:00,AQUA_M-T,Brasil,SÃO PAULO,SABINO,Mata Atlântica,6,0.0,0.92,18.7,-21.54039,-49.53289
2025/11/30 18:19:00,AQUA_M-T,Brasil,SÃO PAULO,SANTA ISABEL,Mata Atlântica,6,0.0,0.29,55.7,-23.27468,-46.29864
2025/11/30 18:19:00,AQUA_M-T,Brasil,SÃO PAULO,GUAÍRA,Cerrado,6,0.0,0.87,13.3,-20.34673,-48.23174
2025/11/30 18:19:00,AQUA_M-T,Brasil,SÃO PAULO,SÃO LUIZ DO PARAITINGA,Mata Atlântica,3,0.0,0.31,9.5,-23.13791,-45.29343
2025/11/30 18:19:00,AQUA_M-T,Brasil,SÃO PAULO,MOGI DAS CRUZES,Mata Atlântica,6,0.0,0.87,15.2,-23.41686,-46.19322
2025/11/30 18:19:00,AQUA_M-T,Brasil,SÃO PAULO,IGARATÁ,Mata Atlântica,6,0.0,0.28,9.6,-23.12222,-46.13365
2025/11/30 18:19:00,AQUA_M-T,Brasil,SÃO PAULO,GUAÍRA,Cerrado,6,0.0,0.88,19.0,-20.34532,-48.22144
2025/11/30 18:19:00,AQUA_M-T,Brasil,SÃO PAULO,IGARATÁ,Mata Atlântica,6,0.0,0.28,23.7,-23.12831,-46.11296
2025/11/30 18:19:00,AQUA_M-T,Brasil,SÃO PAULO,SANTA ISABEL,Mata Atlântica,6,0.0,0.29,11.9,-23.27604,-46.30824
2025/11/30 18:19:00,AQUA_M-T,Brasil,SÃO PAULO,IGARATÁ,Mata Atlântica,6,0.0,0.29,5.9,-23.13105,-46.13211
2025/11/30 18:19:00,AQUA_M-T,Brasil,SÃO PAULO,ROSEIRA,Mata Atlântica,5,0.0,-999.0,7.6,-22.9027,-45.31767
2025/11/30 18:19:00,AQUA_M-T,Brasil,SÃO PAULO,MOGI DAS CRUZES,Mata Atlântica,6,0.0,0.29,11.4,-23.42571,-46.19169
2025/11/30 18:19:00,AQUA_M-T,Brasil,SÃO PAULO,IGARATÁ,Mata Atlântica,6,0.0,0.28,49.6,-23.12968,-46.12252
2025/11/30 18:19:00,AQUA_M-T,Brasil,SÃO PAULO,SÃO LUIZ DO PARAITINGA,Mata Atlântica,4,0.0,0.23,5.8,-23.1365,-45.28392
2025/11/30 18:19:00,AQUA_M-T,Brasil,SÃO PAULO,IGARATÁ,Mata Atlântica,6,0.0,0.28,56.7,-23.12085,-46.12403
2025/12/05 18:15:00,AQUA_M-T,Brasil,SÃO PAULO,CASA BRANCA,Mata Atlântica,0,0.0,0.01,8.2,-21.66187,-47.15823
2025/12/05 18:15:00,AQUA_M-T,Brasil,SÃO PAULO,SUZANO,Mata Atlântica,2,0.0,0.64,21.6,-23.58845,-46.36092
2025/12/05 18:15:00,AQUA_M-T,Brasil,SÃO PAULO,JUNDIAÍ,Mata Atlântica,2,0.0,-999.0,12.9,-23.25747,-46.85965
2025/12/05 18:15:00,AQUA_M-T,Brasil,SÃO PAULO,MOGI MIRIM,Cerrado,0,0.0,0.48,14.3,-22.45287,-47.02658
2025/12/05 18:15:00,AQUA_M-T,Brasil,SÃO PAULO,CAPÃO BONITO,Mata Atlântica,2,0.0,0.35,76.3,-24.00393,-48.45222
2025/12/05 18:15:00,AQUA_M-T,Brasil,SÃO PAULO,MOGI MIRIM,Cerrado,0,0.0,0.48,42.6,-22.45143,-47.01548
2025/12/05 18:15:00,AQUA_M-T,Brasil,SÃO PAULO,PIRASSUNUNGA,Mata Atlântica,0,0.0,0.07,8.7,-22.00123,-47.26845
2025/12/05 18:15:00,AQUA_M-T,Brasil,SÃO PAULO,SUZANO,Mata Atlântica,2,0.0,0.77,9.1,-23.58702,-46.3502
2025/12/08 18:32:00,AQUA_M-T,Brasil,SÃO PAULO,TAMBAÚ,Mata Atlântica,2,13.2,0.0,19.8,-21.65812,-47.16401
2025/12/18 18:21:00,AQUA_M-T,Brasil,SÃO PAULO,OLÍMPIA,Cerrado,2,0.0,0.0,9.4,-20.69353,-49.08969
2025/12/20 18:00:00,AQUA_M-T,Brasil,SÃO PAULO,LORENA,Mata Atlântica,3,0.0,-999.0,21.7,-22.75713,-45.11632
2025/12/21 18:38:00,AQUA_M-T,Brasil,SÃO PAULO,IPORANGA,Mata Atlântica,4,0.1,0.05,8.5,-24.6055,-48.46708
2025/12/21 18:38:00,AQUA_M-T,Brasil,SÃO PAULO,SARUTAIÁ,Mata Atlântica,5,0.0,0.0,9.0,-23.25683,-49.50062
2025/12/21 18:38:00,AQUA_M-T,Brasil,SÃO PAULO,IPORANGA,Mata Atlântica,4,0.1,0.07,37.4,-24.60399,-48.45731
2025/12/23 18:17:00,AQUA_M-T,Brasil,SÃO PAULO,MONTE MOR,Mata Atlântica,6,0.0,0.62,5.7,-22.97541,-47.26542
2025/12/23 18:17:00,AQUA_M-T,Brasil,SÃO PAULO,MONTE MOR,Mata Atlântica,6,0.0,0.61,79.3,-22.96584,-47.26693
2025/12/23 18:17:00,AQUA_M-T,Brasil,SÃO PAULO,MONTE MOR,Mata Atlântica,6,0.0,0.69,31.3,-22.96732,-47.27819
2025/12/23 18:17:00,AQUA_M-T,Brasil,SÃO PAULO,BERTIOGA,Mata Atlântica,6,0.0,-999.0,4.0,-23.80861,-46.07948
2025/12/23 18:17:00,AQUA_M-T,Brasil,SÃO PAULO,URUPÊS,Mata Atlântica,4,0.0,0.15,14.3,-21.18751,-49.23362
2025/12/23 18:17:00,AQUA_M-T,Brasil,SÃO PAULO,MOGI GUAÇU,Cerrado,6,0.0,0.27,6.5,-22.12909,-47.05615
2025/12/25 17:56:00,AQUA_M-T,Brasil,SÃO PAULO,PARANAPANEMA,Cerrado,9,0.0,0.74,240.9,-23.49664,-48.62612
2025/12/25 17:56:00,AQUA_M-T,Brasil,SÃO PAULO,PARANAPANEMA,Cerrado,9,0.0,0.38,217.4,-23.50303,-48.63004
2025/12/25 17:58:00,AQUA_M-T,Brasil,SÃO PAULO,CAMPINAS,Mata Atlântica,9,0.0,1.0,37.8,-22.9303,-46.93538
2025/12/26 18:34:00,AQUA_M-T,Brasil,SÃO PAULO,ITABERÁ,Cerrado,8,0.0,0.23,6.5,-23.72573,-49.23487
2025/12/26 18:34:00,AQUA_M-T,Brasil,SÃO PAULO,NUPORANGA,Cerrado,7,0.48,0.35,8.6,-20.81285,-47.65934
2025/12/26 18:34:00,AQUA_M-T,Brasil,SÃO PAULO,TANABI,Cerrado,0,0.0,0.16,18.2,-20.57008,-49.80042
2025/12/26 18:34:00,AQUA_M-T,Brasil,SÃO PAULO,GUAÍRA,Cerrado,3,0.0,0.47,13.4,-20.39275,-48.47469
2025/12/26 18:34:00,AQUA_M-T,Brasil,SÃO PAULO,SANTA CRUZ DO RIO PARDO,Mata Atlântica,8,1.47,0.04,10.4,-22.83673,-49.72421
2025/12/26 18:34:00,AQUA_M-T,Brasil,SÃO PAULO,ARAMINA,Cerrado,0,0.1,0.09,14.0,-20.15181,-47.86641
2025/12/26 18:34:00,AQUA_M-T,Brasil,SÃO PAULO,PIRAPOZINHO,Mata Atlântica,2,6.19,0.0,19.0,-22.59971,-51.64604
2025/12/26 18:34:00,AQUA_M-T,Brasil,SÃO PAULO,SERTÃOZINHO,Cerrado,7,0.1,0.43,10.7,-21.1047,-48.0556
2025/12/26 18:34:00,AQUA_M-T,Brasil,SÃO PAULO,BURI,Mata Atlântica,9,6.67,0.06,7.6,-23.79913,-48.58857
2025/12/26 18:34:00,AQUA_M-T,Brasil,SÃO PAULO,NOVA INDEPENDÊNCIA,Mata Atlântica,2,6.08,0.01,12.3,-21.09245,-51.58504
2025/12/26 18:34:00,AQUA_M-T,Brasil,SÃO PAULO,PEREIRA BARRETO,Mata Atlântica,3,9.36,0.01,13.2,-20.6004,-51.20671
2025/12/28 18:13:00,AQUA_M-T,Brasil,SÃO PAULO,QUELUZ,Mata Atlântica,10,0.77,0.57,15.3,-22.55199,-44.7336
2025/12/28 18:13:00,AQUA_M-T,Brasil,SÃO PAULO,QUELUZ,Mata Atlântica,10,0.71,0.25,6.2,-22.55336,-44.74358
2025/12/28 18:13:00,AQUA_M-T,Brasil,SÃO PAULO,PEDREIRA,Mata Atlântica,9,6.87,-999.0,12.5,-22.74322,-46.89316
2025/12/29 18:49:00,AQUA_M-T,Brasil,SÃO PAULO,PRAIA GRANDE,Mata Atlântica,-999,1.2,-999.0,18.7,-24.03487,-46.51289
2025/12/30 17:51:00,AQUA_M-T,Brasil,SÃO PAULO,SÃO SEBASTIÃO,Mata Atlântica,12,31.55,-999.0,22.1,-23.72751,-45.41976
2025/12/30 17:51:00,AQUA_M-T,Brasil,SÃO PAULO,MOGI GUAÇU,Cerrado,0,3.7,-999.0,24.5,-22.33137,-46.93027
2025/12/31 18:30:00,AQUA_M-T,Brasil,SÃO PAULO,AGUAÍ,Cerrado,0,0.57,0.32,11.7,-22.06511,-47.16713
2025/12/31 18:30:00,AQUA_M-T,Brasil,SÃO PAULO,AGUAÍ,Cerrado,0,0.68,0.31,41.9,-22.06653,-47.17662
2025/12/31 18:30:00,AQUA_M-T,Brasil,SÃO PAULO,SANTA CRUZ DO RIO PARDO,Mata Atlântica,0,8.95,0.0,5.7,-22.91777,-49.67432
2025/12/31 18:30:00,AQUA_M-T,Brasil,SÃO PAULO,AMPARO,Mata Atlântica,7,2.77,-999.0,7.7,-22.70631,-46.76556
2026/01/05 18:25:00,AQUA_M-T,Brasil,SÃO PAULO,BATATAIS,Cerrado,2,0.6,0.08,3.3,-20.89068,-47.76349
2026/01/05 18:28:00,AQUA_M-T,Brasil,SÃO PAULO,COLÔMBIA,Cerrado,1,0.48,0.47,5.8,-20.35508,-48.75731
2026/01/07 18:04:00,AQUA_M-T,Brasil,SÃO PAULO,PAULISTÂNIA,Cerrado,4,0.0,0.1,25.9,-22.56042,-49.33219
2026/01/07 18:04:00,AQUA_M-T,Brasil,SÃO PAULO,CEDRAL,Mata Atlântica,2,2.06,0.08,26.2,-20.86954,-49.19129
2026/01/08 18:42:00,AQUA_M-T,Brasil,SÃO PAULO,ITAPEVA,Cerrado,5,0.11,0.45,8.3,-24.01614,-48.97317
2026/01/08 18:42:00,AQUA_M-T,Brasil,SÃO PAULO,PEREIRA BARRETO,Mata Atlântica,4,0.1,0.26,9.7,-20.56913,-51.05299
2026/01/08 18:42:00,AQUA_M-T,Brasil,SÃO PAULO,PIRAJUÍ,Mata Atlântica,4,3.76,0.09,9.2,-21.98261,-49.50761
2026/01/08 18:42:00,AQUA_M-T,Brasil,SÃO PAULO,ITAPEVA,Cerrado,5,0.0,0.65,9.7,-23.94351,-48.97643
2026/01/08 18:42:00,AQUA_M-T,Brasil,SÃO PAULO,BARRA DO CHAPÉU,Mata Atlântica,5,2.93,0.06,4.8,-24.42527,-49.16858
2026/01/08 18:42:00,AQUA_M-T,Brasil,SÃO PAULO,ITAÍ,Cerrado,5,0.0,0.53,5.1,-23.54072,-48.8899
2026/01/10 18:19:00,AQUA_M-T,Brasil,SÃO PAULO,NATIVIDADE DA SERRA,Mata Atlântica,0,0.0,0.32,45.2,-23.39745,-45.37626
2026/01/10 18:19:00,AQUA_M-T,Brasil,SÃO PAULO,NATIVIDADE DA SERRA,Mata Atlântica,0,0.0,0.17,7.2,-23.4063,-45.37472
2026/01/10 18:19:00,AQUA_M-T,Brasil,SÃO PAULO,AMPARO,Mata Atlântica,0,0.0,0.45,6.3,-22.69459,-46.82751
2026/01/10 18:19:00,AQUA_M-T,Brasil,SÃO PAULO,NATIVIDADE DA SERRA,Mata Atlântica,0,0.0,0.33,25.4,-23.39608,-45.36662
2026/01/10 18:21:00,AQUA_M-T,Brasil,SÃO PAULO,OLÍMPIA,Mata Atlântica,2,0.4,0.2,10.8,-20.66809,-48.91083
2026/01/10 18:21:00,AQUA_M-T,Brasil,SÃO PAULO,CRAVINHOS,Cerrado,0,0.0,0.1,9.2,-21.27708,-47.70493
2026/01/11 19:00:00,AQUA_M-T,Brasil,SÃO PAULO,CAIUÁ,Mata Atlântica,5,9.5,0.0,51.0,-21.98623,-52.07956
2026/01/13 18:36:00,AQUA_M-T,Brasil,SÃO PAULO,SERTÃOZINHO,Cerrado,3,10.53,0.07,4.6,-21.1201,-48.14811
2026/01/13 18:36:00,AQUA_M-T,Brasil,SÃO PAULO,JACAREÍ,Mata Atlântica,2,6.95,-999.0,9.6,-23.28981,-45.98295
2026/01/15 18:17:00,AQUA_M-T,Brasil,SÃO PAULO,UCHOA,Mata Atlântica,0,13.6,-999.0,13.0,-20.9663,-49.18134
2026/01/18 18:34:00,AQUA_M-T,Brasil,SÃO PAULO,COLINA,Cerrado,3,2.72,-999.0,5.5,-20.72309,-48.53777
2026/01/18 18:34:00,AQUA_M-T,Brasil,SÃO PAULO,GUARIBA,Cerrado,0,4.1,-999.0,6.1,-21.35142,-48.22607
2026/01/23 18:28:00,AQUA_M-T,Brasil,SÃO PAULO,RIBEIRÃO GRANDE,Mata Atlântica,4,0.0,0.19,12.1,-24.1217,-48.41788
2026/01/23 18:28:00,AQUA_M-T,Brasil,SÃO PAULO,CAPÃO BONITO,Mata Atlântica,4,0.0,0.04,29.1,-24.12312,-48.42888
2026/01/23 18:28:00,AQUA_M-T,Brasil,SÃO PAULO,MAIRINQUE,Mata Atlântica,0,0.0,0.11,7.8,-23.52668,-47.20982
2026/01/23 18:28:00,AQUA_M-T,Brasil,SÃO PAULO,CAPÃO BONITO,Mata Atlântica,4,0.0,0.06,9.7,-24.1137,-48.43042
2026/01/23 18:30:00,AQUA_M-T,Brasil,SÃO PAULO,BOA ESPERANÇA DO SUL,Cerrado,0,0.0,-999.0,5.1,-21.99387,-48.39178
2026/01/26 18:45:00,AQUA_M-T,Brasil,SÃO PAULO,MARÍLIA,Mata Atlântica,7,0.0,-999.0,6.6,-22.15404,-49.95932
2026/01/26 18:45:00,AQUA_M-T,Brasil,SÃO PAULO,PEDERNEIRAS,Mata Atlântica,7,0.0,0.29,10.4,-22.14321,-48.8591
2026/01/28 18:21:00,AQUA_M-T,Brasil,SÃO PAULO,SÃO ROQUE,Mata Atlântica,5,0.0,0.48,8.6,-23.46449,-47.15679
2026/01/28 18:23:00,AQUA_M-T,Brasil,SÃO PAULO,CAMPINAS,Mata Atlântica,7,5.71,-999.0,15.0,-22.9977,-47.10594
2026/01/28 18:23:00,AQUA_M-T,Brasil,SÃO PAULO,OSVALDO CRUZ,Mata Atlântica,5,3.88,0.18,17.3,-21.80696,-50.88982
2026/01/28 18:23:00,AQUA_M-T,Brasil,SÃO PAULO,AMPARO,Mata Atlântica,0,6.95,0.01,3.9,-22.70516,-46.83501
2026/02/05 18:34:00,AQUA_M-T,Brasil,SÃO PAULO,AVARÉ,Cerrado,0,0.16,-999.0,9.5,-23.09981,-48.93689
2026/02/05 18:34:00,AQUA_M-T,Brasil,SÃO PAULO,OLÍMPIA,Mata Atlântica,1,0.7,0.0,7.9,-20.716,-48.82062
2026/02/05 18:34:00,AQUA_M-T,Brasil,SÃO PAULO,MIRANDÓPOLIS,Mata Atlântica,0,0.5,-999.0,6.3,-21.14427,-51.10258
2026/02/05 18:34:00,AQUA_M-T,Brasil,SÃO PAULO,VALPARAÍSO,Mata Atlântica,0,0.2,0.0,11.6,-21.06544,-50.89455
2026/02/05 18:34:00,AQUA_M-T,Brasil,SÃO PAULO,LEME,Mata Atlântica,0,0.35,-999.0,4.2,-22.17866,-47.39181
2026/02/07 18:13:00,AQUA_M-T,Brasil,SÃO PAULO,ITABERÁ,Cerrado,2,0.0,0.47,105.8,-23.78497,-49.05777
2026/02/07 18:15:00,AQUA_M-T,Brasil,SÃO PAULO,ÓLEO,Mata Atlântica,2,0.0,0.08,17.5,-22.89788,-49.36751
2026/02/07 18:15:00,AQUA_M-T,Brasil,SÃO PAULO,JAÚ,Mata Atlântica,0,22.47,-999.0,20.2,-22.27621,-48.54931
2026/02/10 18:30:00,AQUA_M-T,Brasil,SÃO PAULO,MONTE APRAZÍVEL,Cerrado,4,3.39,0.0,8.5,-20.68193,-49.6624
2026/02/11 19:06:00,AQUA_M-T,Brasil,SÃO PAULO,SANDOVALINA,Mata Atlântica,3,0.0,0.35,14.2,-22.52993,-51.79266
2026/02/13 18:47:00,AQUA_M-T,Brasil,SÃO PAULO,BROTAS,Cerrado,0,0.01,0.0,6.1,-22.26569,-48.20418
2026/02/15 18:23:00,AQUA_M-T,Brasil,SÃO PAULO,PORTO FELIZ,Mata Atlântica,0,0.0,0.32,8.8,-23.36353,-47.51895
2026/02/15 18:25:00,AQUA_M-T,Brasil,SÃO PAULO,PONTAL,Cerrado,2,0.0,0.02,9.4,-20.97305,-48.06554
2026/02/15 18:25:00,AQUA_M-T,Brasil,SÃO PAULO,VIRADOURO,Cerrado,0,0.0,0.02,11.3,-20.88224,-48.29838
2026/02/17 18:02:00,AQUA_M-T,Brasil,SÃO PAULO,SALTO,Mata Atlântica,2,5.79,-999.0,23.8,-23.19391,-47.30196
2026/02/17 18:02:00,AQUA_M-T,Brasil,SÃO PAULO,PRAIA GRANDE,Mata Atlântica,-999,0.0,-999.0,25.6,-24.03683,-46.52745
2026/02/17 18:02:00,AQUA_M-T,Brasil,SÃO PAULO,MOGI GUAÇU,Cerrado,2,0.2,0.02,12.5,-22.15678,-47.06207
2026/02/17 18:02:00,AQUA_M-T,Brasil,SÃO PAULO,SÃO PEDRO,Cerrado,2,4.68,-999.0,17.9,-22.56127,-47.92892
2026/02/17 18:04:00,AQUA_M-T,Brasil,SÃO PAULO,AGUAÍ,Cerrado,0,1.2,0.06,18.9,-22.07149,-46.97658
2026/02/17 18:04:00,AQUA_M-T,Brasil,SÃO PAULO,GUARIBA,Cerrado,2,1.13,-999.0,20.6,-21.36839,-48.23056
2026/02/18 18:42:00,AQUA_M-T,Brasil,SÃO PAULO,TARUMÃ,Mata Atlântica,2,3.1,0.31,11.6,-22.7749,-50.68963
2026/02/18 18:42:00,AQUA_M-T,Brasil,SÃO PAULO,GUARACI,Mata Atlântica,3,10.66,0.01,5.8,-20.5292,-48.90207
2026/02/20 18:19:00,AQUA_M-T,Brasil,SÃO PAULO,MIGUELÓPOLIS,Cerrado,0,2.79,0.02,10.7,-20.15391,-47.92711
2026/02/20 18:19:00,AQUA_M-T,Brasil,SÃO PAULO,JAGUARIÚNA,Cerrado,2,0.0,0.23,18.5,-22.63558,-46.988
2026/02/20 18:19:00,AQUA_M-T,Brasil,SÃO PAULO,IGARATÁ,Mata Atlântica,0,0.87,0.05,8.5,-23.1017,-46.14929
2026/02/20 18:19:00,AQUA_M-T,Brasil,SÃO PAULO,MOGI MIRIM,Cerrado,2,0.0,0.21,8.9,-22.5113,-46.97213
2026/02/23 18:36:00,AQUA_M-T,Brasil,SÃO PAULO,LINS,Mata Atlântica,0,3.51,0.0,11.0,-21.59411,-49.70367
2026/02/23 18:36:00,AQUA_M-T,Brasil,SÃO PAULO,ORINDIÚVA,Mata Atlântica,2,7.07,0.0,9.1,-20.19954,-49.41072
2026/02/26 18:51:00,AQUA_M-T,Brasil,SÃO PAULO,GUAIMBÊ,Mata Atlântica,1,11.63,0.0,12.1,-21.78442,-49.83455
2026/03/02 18:08:00,AQUA_M-T,Brasil,SÃO PAULO,CASA BRANCA,Cerrado,3,0.0,0.09,17.8,-21.82562,-47.09547
2026/03/03 18:47:00,AQUA_M-T,Brasil,SÃO PAULO,PARAÍSO,Mata Atlântica,5,0.0,0.12,5.5,-21.00171,-48.81684
2026/03/03 18:47:00,AQUA_M-T,Brasil,SÃO PAULO,SANTO ANTÔNIO DO ARACANGUÁ,Mata Atlântica,5,0.0,0.65,13.0,-20.92537,-50.5282
2026/03/03 18:47:00,AQUA_M-T,Brasil,SÃO PAULO,TORRINHA,Cerrado,5,0.0,0.3,7.4,-22.40328,-48.1418
2026/03/03 18:47:00,AQUA_M-T,Brasil,SÃO PAULO,IACANGA,Mata Atlântica,5,0.0,0.52,23.1,-21.94549,-49.00446
2026/03/03 18:47:00,AQUA_M-T,Brasil,SÃO PAULO,EMBAÚBA,Mata Atlântica,5,0.0,0.12,11.1,-21.00321,-48.82657
2026/03/03 18:47:00,AQUA_M-T,Brasil,SÃO PAULO,DESCALVADO,Cerrado,5,0.0,0.25,12.1,-21.98206,-47.70432
2026/03/03 18:47:00,AQUA_M-T,Brasil,SÃO PAULO,ANALÂNDIA,Cerrado,5,0.0,0.36,66.1,-22.15371,-47.56121
2026/03/03 18:47:00,AQUA_M-T,Brasil,SÃO PAULO,DESCALVADO,Cerrado,5,0.0,0.24,29.6,-21.98379,-47.71513
2026/03/03 18:47:00,AQUA_M-T,Brasil,SÃO PAULO,CHAVANTES,Mata Atlântica,8,0.0,0.92,4.4,-23.07138,-49.74525
2026/03/05 18:25:00,AQUA_M-T,Brasil,SÃO PAULO,BARRETOS,Cerrado,7,0.1,0.32,9.6,-20.5767,-48.50745
2026/03/05 18:25:00,AQUA_M-T,Brasil,SÃO PAULO,GUAIMBÊ,Mata Atlântica,7,0.0,0.49,58.9,-21.7868,-49.84005
2026/03/05 18:25:00,AQUA_M-T,Brasil,SÃO PAULO,ANALÂNDIA,Cerrado,6,2.79,0.29,14.0,-22.15042,-47.56441
2026/03/05 18:25:00,AQUA_M-T,Brasil,SÃO PAULO,CEDRAL,Mata Atlântica,7,0.0,0.21,23.5,-20.93091,-49.25998
2026/03/05 18:25:00,AQUA_M-T,Brasil,SÃO PAULO,GUATAPARÁ,Cerrado,5,0.0,0.24,13.5,-21.48344,-47.93328
2026/03/08 18:43:00,AQUA_M-T,Brasil,SÃO PAULO,DOBRADA,Cerrado,1,0.92,0.2,6.4,-21.53347,-48.29848
2026/03/08 18:43:00,AQUA_M-T,Brasil,SÃO PAULO,DOBRADA,Cerrado,3,1.1,0.2,8.0,-21.50112,-48.32331
2026/03/15 18:13:00,AQUA_M-T,Brasil,SÃO PAULO,DESCALVADO,Cerrado,2,0.0,0.02,11.1,-21.79009,-47.7379
2026/03/16 18:51:00,AQUA_M-T,Brasil,SÃO PAULO,IACANGA,Mata Atlântica,4,0.0,-999.0,3.4,-21.89538,-49.02225
2026/03/16 18:51:00,AQUA_M-T,Brasil,SÃO PAULO,DESCALVADO,Cerrado,3,0.0,0.07,27.9,-21.9793,-47.71183
2026/03/16 18:51:00,AQUA_M-T,Brasil,SÃO PAULO,PAULISTÂNIA,Cerrado,3,0.0,0.3,11.4,-22.59745,-49.30437
2026/03/18 18:30:00,AQUA_M-T,Brasil,SÃO PAULO,SÃO MANUEL,Cerrado,4,19.55,0.0,9.3,-22.83839,-48.55341
2026/03/18 18:30:00,AQUA_M-T,Brasil,SÃO PAULO,ALTINÓPOLIS,Cerrado,3,2.74,0.11,21.8,-21.11989,-47.46343
2026/03/20 18:09:00,AQUA_M-T,Brasil,SÃO PAULO,SÃO PAULO,Mata Atlântica,0,0.0,-999.0,48.6,-23.598,-46.44768
2026/03/20 18:09:00,AQUA_M-T,Brasil,SÃO PAULO,SÃO PAULO,Mata Atlântica,0,0.0,-999.0,53.7,-23.59567,-46.42532
2026/03/21 18:47:00,AQUA_M-T,Brasil,SÃO PAULO,ITAPURA,Mata Atlântica,4,1.4,0.03,11.2,-20.50211,-51.4109
2026/03/21 18:47:00,AQUA_M-T,Brasil,SÃO PAULO,MESÓPOLIS,Mata Atlântica,0,0.2,0.02,9.1,-19.8854,-50.62395
2026/03/21 18:47:00,AQUA_M-T,Brasil,SÃO PAULO,CAMPINAS,Mata Atlântica,2,0.0,-999.0,7.2,-22.84735,-47.10037
2026/03/23 18:24:00,AQUA_M-T,Brasil,SÃO PAULO,ITAPETININGA,Mata Atlântica,3,0.71,0.79,14.4,-23.6836,-48.24571
2026/03/23 18:24:00,AQUA_M-T,Brasil,SÃO PAULO,BARUERI,Mata Atlântica,4,0.0,-999.0,5.5,-23.52344,-46.89043
2026/03/26 18:41:00,AQUA_M-T,Brasil,SÃO PAULO,ITABERÁ,Cerrado,0,0.2,0.44,11.3,-23.79126,-49.04342
2026/03/28 18:19:00,AQUA_M-T,Brasil,SÃO PAULO,TAQUARITINGA,Cerrado,2,0.0,0.2,62.2,-21.42462,-48.53778
2026/03/28 18:19:00,AQUA_M-T,Brasil,SÃO PAULO,TAQUARITINGA,Cerrado,2,0.0,0.2,43.5,-21.42839,-48.53032
2026/03/28 18:19:00,AQUA_M-T,Brasil,SÃO PAULO,SANTO ANTÔNIO DO ARACANGUÁ,Mata Atlântica,3,0.0,0.39,11.4,-20.84688,-50.74235
2026/03/28 18:19:00,AQUA_M-T,Brasil,SÃO PAULO,TAQUARITINGA,Mata Atlântica,2,0.0,0.2,28.0,-21.43047,-48.54979
2026/03/29 18:58:00,AQUA_M-T,Brasil,SÃO PAULO,ITAPORANGA,Mata Atlântica,6,0.0,1.0,8.4,-23.7582,-49.35706
2026/03/29 18:58:00,AQUA_M-T,Brasil,SÃO PAULO,SABINO,Mata Atlântica,3,0.0,0.52,6.0,-21.4027,-49.67233
2026/03/29 18:58:00,AQUA_M-T,Brasil,SÃO PAULO,ITAPORANGA,Mata Atlântica,6,0.0,1.0,6.2,-23.75655,-49.34674
2026/03/29 18:58:00,AQUA_M-T,Brasil,SÃO PAULO,AURIFLAMA,Mata Atlântica,3,0.0,0.91,6.9,-20.54194,-50.5537
2026/04/05 18:28:00,AQUA_M-T,Brasil,SÃO PAULO,MACATUBA,Cerrado,0,0.6,0.5,7.6,-22.5365,-48.76303
2026/04/06 19:08:00,AQUA_M-T,Brasil,SÃO PAULO,CASTILHO,Mata Atlântica,2,2.16,0.1,42.2,-21.03419,-51.75304
2026/04/06 19:08:00,AQUA_M-T,Brasil,SÃO PAULO,CASTILHO,Mata Atlântica,3,2.27,0.1,18.5,-21.03245,-51.7422
2026/04/06 19:08:00,AQUA_M-T,Brasil,SÃO PAULO,ESTRELA D'OESTE,Mata Atlântica,0,5.17,0.16,15.1,-20.28431,-50.44481
2026/04/13 18:41:00,AQUA_M-T,Brasil,SÃO PAULO,CASA BRANCA,Cerrado,3,0.0,0.62,6.5,-21.82418,-47.10711
2026/04/13 18:41:00,AQUA_M-T,Brasil,SÃO PAULO,CASA BRANCA,Cerrado,5,0.0,0.71,6.0,-21.95166,-47.02482
2026/04/13 18:41:00,AQUA_M-T,Brasil,SÃO PAULO,CASA BRANCA,Cerrado,3,0.0,0.62,7.6,-21.82281,-47.09767
2026/04/15 18:17:00,AQUA_M-T,Brasil,SÃO PAULO,ITARARÉ,Cerrado,2,0.0,0.1,18.1,-24.24356,-49.19867
2026/04/15 18:17:00,AQUA_M-T,Brasil,SÃO PAULO,ITARARÉ,Cerrado,2,0.0,0.11,21.9,-24.23217,-49.19312
2026/04/16 18:58:00,AQUA_M-T,Brasil,SÃO PAULO,MOGI GUAÇU,Cerrado,6,0.39,0.89,14.5,-22.18673,-47.05518
2026/04/16 18:58:00,AQUA_M-T,Brasil,SÃO PAULO,BEBEDOURO,Cerrado,3,0.0,0.96,11.0,-20.89069,-48.47437
2026/04/18 18:34:00,AQUA_M-T,Brasil,SÃO PAULO,FLÓRIDA PAULISTA,Mata Atlântica,3,10.63,0.09,38.9,-21.45525,-51.13216
2026/04/18 18:34:00,AQUA_M-T,Brasil,SÃO PAULO,FLÓRIDA PAULISTA,Mata Atlântica,3,7.79,0.21,56.7,-21.46505,-51.11279
2026/04/21 18:49:00,AQUA_M-T,Brasil,SÃO PAULO,SANTA CRUZ DA CONCEIÇÃO,Cerrado,3,0.0,0.92,22.5,-22.14346,-47.46249
2026/04/21 18:49:00,AQUA_M-T,Brasil,SÃO PAULO,SANTA BÁRBARA D'OESTE,Mata Atlântica,3,0.0,0.95,6.6,-22.79773,-47.3913
2026/04/21 18:49:00,AQUA_M-T,Brasil,SÃO PAULO,SÃO JOSÉ DO RIO PRETO,Mata Atlântica,3,0.0,0.58,7.0,-20.77128,-49.31374
2026/04/21 18:49:00,AQUA_M-T,Brasil,SÃO PAULO,PEDREGULHO,Cerrado,4,0.0,0.55,6.1,-20.24587,-47.3465
2026/04/21 18:49:00,AQUA_M-T,Brasil,SÃO PAULO,SANTA BÁRBARA D'OESTE,Mata Atlântica,3,0.0,0.95,49.2,-22.7993,-47.40126
2026/04/21 18:49:00,AQUA_M-T,Brasil,SÃO PAULO,IPERÓ,Mata Atlântica,3,0.0,1.0,6.3,-23.40344,-47.66019
2026/04/21 18:49:00,AQUA_M-T,Brasil,SÃO PAULO,SÃO JOSÉ DO RIO PRETO,Mata Atlântica,3,0.0,0.58,7.0,-20.77128,-49.31373
2026/04/21 18:49:00,AQUA_M-T,Brasil,SÃO PAULO,SANTA BÁRBARA D'OESTE,Mata Atlântica,3,0.0,0.95,49.2,-22.79929,-47.40128
2026/04/21 18:49:00,AQUA_M-T,Brasil,SÃO PAULO,SANTA BÁRBARA D'OESTE,Mata Atlântica,3,0.0,0.95,6.6,-22.79773,-47.39129
2026/04/21 18:49:00,AQUA_M-T,Brasil,SÃO PAULO,ITARARÉ,Cerrado,4,0.0,1.0,5.3,-23.91521,-49.29793
2026/04/21 18:49:00,AQUA_M-T,Brasil,SÃO PAULO,ITARARÉ,Cerrado,4,0.0,1.0,5.3,-23.9152,-49.29794
2026/04/21 18:49:00,AQUA_M-T,Brasil,SÃO PAULO,PEDREGULHO,Cerrado,4,0.0,0.55,6.1,-20.24587,-47.34648
2026/04/21 18:49:00,AQUA_M-T,Brasil,SÃO PAULO,SANTA CRUZ DA CONCEIÇÃO,Cerrado,3,0.0,0.92,22.5,-22.14346,-47.46247
2026/04/21 18:49:00,AQUA_M-T,Brasil,SÃO PAULO,IPERÓ,Mata Atlântica,3,0.0,1.0,6.3,-23.40344,-47.66021
2026/04/23 18:26:00,AQUA_M-T,Brasil,SÃO PAULO,RIBEIRÃO GRANDE,Mata Atlântica,5,0.0,0.32,8.7,-24.21299,-48.43452
2026/04/23 18:26:00,AQUA_M-T,Brasil,SÃO PAULO,RIBEIRÃO GRANDE,Mata Atlântica,5,0.0,0.31,27.8,-24.21114,-48.41796
2026/04/23 18:26:00,AQUA_M-T,Brasil,SÃO PAULO,RIBEIRÃO GRANDE,Mata Atlântica,5,0.0,0.32,8.7,-24.21299,-48.43454
2026/04/23 18:26:00,AQUA_M-T,Brasil,SÃO PAULO,RIBEIRÃO GRANDE,Mata Atlântica,5,0.0,0.31,27.8,-24.21114,-48.41794
2026/04/23 18:28:00,AQUA_M-T,Brasil,SÃO PAULO,BOTUCATU,Cerrado,2,0.0,0.97,21.4,-22.94189,-48.80865
2026/04/23 18:28:00,AQUA_M-T,Brasil,SÃO PAULO,COLÔMBIA,Cerrado,5,0.0,0.77,14.5,-20.17842,-48.72336
2026/04/23 18:28:00,AQUA_M-T,Brasil,SÃO PAULO,BOTUCATU,Cerrado,2,0.0,0.97,21.4,-22.94188,-48.80866
2026/04/23 18:28:00,AQUA_M-T,Brasil,SÃO PAULO,BOTUCATU,Cerrado,2,0.0,0.96,16.0,-22.93174,-48.79765
2026/04/23 18:28:00,AQUA_M-T,Brasil,SÃO PAULO,JARDINÓPOLIS,Cerrado,13,0.0,1.0,6.8,-20.89763,-47.798
2026/04/23 18:28:00,AQUA_M-T,Brasil,SÃO PAULO,BOTUCATU,Cerrado,2,0.0,0.97,32.4,-22.93372,-48.8147
2026/04/23 18:28:00,AQUA_M-T,Brasil,SÃO PAULO,ÁGUAS DE SANTA BÁRBARA,Cerrado,5,0.0,1.0,16.9,-22.83694,-49.29867
2026/04/23 18:28:00,AQUA_M-T,Brasil,SÃO PAULO,CASA BRANCA,Cerrado,5,0.0,1.0,6.8,-21.92257,-47.0383
2026/04/23 18:28:00,AQUA_M-T,Brasil,SÃO PAULO,CANAS,Mata Atlântica,4,0.0,1.0,7.8,-22.73026,-45.05007
2026/04/23 18:28:00,AQUA_M-T,Brasil,SÃO PAULO,CANAS,Mata Atlântica,4,0.0,1.0,7.8,-22.73026,-45.05008
2026/04/23 18:28:00,AQUA_M-T,Brasil,SÃO PAULO,JARDINÓPOLIS,Cerrado,13,0.0,1.0,6.8,-20.89763,-47.79799
2026/04/23 18:28:00,AQUA_M-T,Brasil,SÃO PAULO,ÁGUAS DE SANTA BÁRBARA,Cerrado,5,0.0,1.0,16.9,-22.83694,-49.29868
2026/04/23 18:28:00,AQUA_M-T,Brasil,SÃO PAULO,BOTUCATU,Cerrado,2,0.0,0.97,32.4,-22.93373,-48.81469
2026/04/23 18:28:00,AQUA_M-T,Brasil,SÃO PAULO,CASA BRANCA,Cerrado,5,0.0,1.0,6.8,-21.92257,-47.03831
2026/04/23 18:28:00,AQUA_M-T,Brasil,SÃO PAULO,BOTUCATU,Cerrado,2,0.0,0.96,16.0,-22.93174,-48.79763
2026/04/23 18:28:00,AQUA_M-T,Brasil,SÃO PAULO,COLÔMBIA,Cerrado,5,0.0,0.77,14.5,-20.17842,-48.72334
2026/04/26 18:43:00,AQUA_M-T,Brasil,SÃO PAULO,MONTE AZUL PAULISTA,Cerrado,7,0.0,1.0,31.4,-20.88919,-48.60492
2026/04/26 18:43:00,AQUA_M-T,Brasil,SÃO PAULO,MATÃO,Cerrado,5,0.0,1.0,5.1,-21.58821,-48.33376
2026/04/26 18:43:00,AQUA_M-T,Brasil,SÃO PAULO,MONTE AZUL PAULISTA,Mata Atlântica,7,0.0,1.0,265.0,-20.89055,-48.61445
2026/04/26 18:43:00,AQUA_M-T,Brasil,SÃO PAULO,LINS,Mata Atlântica,8,0.0,0.87,7.1,-21.64614,-49.74217
2026/04/26 18:43:00,AQUA_M-T,Brasil,SÃO PAULO,MATÃO,Cerrado,5,0.0,1.0,7.0,-21.58958,-48.34332
2026/04/26 18:43:00,AQUA_M-T,Brasil,SÃO PAULO,ITAJOBI,Mata Atlântica,8,0.0,1.0,58.2,-21.26412,-49.0406
2026/04/26 18:43:00,AQUA_M-T,Brasil,SÃO PAULO,MAUÁ,Mata Atlântica,7,0.0,-999.0,6.2,-23.66163,-46.48627
